Date,NDVI_FishIsland,NDVI_Footprint
1-Jan-08,,
2-Jan-08,,
3-Jan-08,,
4-Jan-08,,
5-Jan-08,,
6-Jan-08,,
7-Jan-08,,
8-Jan-08,,
9-Jan-08,,
10-Jan-08,,
11-Jan-08,,
12-Jan-08,,
13-Jan-08,,
14-Jan-08,,
15-Jan-08,,
16-Jan-08,,
17-Jan-08,,
18-Jan-08,,
19-Jan-08,,
20-Jan-08,,
21-Jan-08,,
22-Jan-08,,
23-Jan-08,,
24-Jan-08,,
25-Jan-08,,
26-Jan-08,,
27-Jan-08,,
28-Jan-08,,
29-Jan-08,,
30-Jan-08,,
31-Jan-08,,
1-Feb-08,,
2-Feb-08,,
3-Feb-08,,
4-Feb-08,,
5-Feb-08,,
6-Feb-08,,
7-Feb-08,,
8-Feb-08,,
9-Feb-08,,
10-Feb-08,,
11-Feb-08,,
12-Feb-08,,
13-Feb-08,,
14-Feb-08,,
15-Feb-08,,
16-Feb-08,,
17-Feb-08,,
18-Feb-08,,
19-Feb-08,,
20-Feb-08,,
21-Feb-08,-0.083,
22-Feb-08,-0.083,
23-Feb-08,-0.083,
24-Feb-08,-0.085,
25-Feb-08,-0.087,
26-Feb-08,-0.106,
27-Feb-08,-0.037,
28-Feb-08,-0.037,
29-Feb-08,-0.037,
1-Mar-08,-0.037,
2-Mar-08,-0.037,
3-Mar-08,-0.112,
4-Mar-08,-0.114,
5-Mar-08,-0.115,
6-Mar-08,-0.05,
7-Mar-08,-0.05,
8-Mar-08,-0.026,
9-Mar-08,-0.027,
10-Mar-08,-0.027,
11-Mar-08,-0.027,
12-Mar-08,-0.027,
13-Mar-08,-0.028,
14-Mar-08,,
15-Mar-08,,
16-Mar-08,,
17-Mar-08,-0.033,-0.035
18-Mar-08,-0.033,-0.035
19-Mar-08,-0.033,-0.035
20-Mar-08,-0.033,-0.035
21-Mar-08,-0.034,-0.035
22-Mar-08,-0.034,-0.035
23-Mar-08,-0.034,-0.034
24-Mar-08,-0.032,-0.035
25-Mar-08,-0.033,-0.035
26-Mar-08,-0.033,-0.035
27-Mar-08,-0.032,-0.034
28-Mar-08,-0.031,-0.034
29-Mar-08,-0.034,-0.037
30-Mar-08,-0.034,-0.037
31-Mar-08,-0.034,-0.037
1-Apr-08,-0.036,-0.038
2-Apr-08,-0.036,-0.038
3-Apr-08,-0.036,-0.038
4-Apr-08,-0.036,-0.038
5-Apr-08,-0.036,-0.038
6-Apr-08,-0.037,-0.038
7-Apr-08,-0.035,-0.038
8-Apr-08,-0.035,-0.038
9-Apr-08,-0.036,-0.039
10-Apr-08,-0.036,-0.039
11-Apr-08,-0.037,-0.038
12-Apr-08,-0.036,-0.039
13-Apr-08,-0.037,-0.037
14-Apr-08,-0.036,-0.036
15-Apr-08,-0.036,-0.036
16-Apr-08,-0.033,-0.033
17-Apr-08,-0.028,-0.029
18-Apr-08,-0.028,-0.029
19-Apr-08,-0.028,-0.029
20-Apr-08,-0.028,-0.029
21-Apr-08,-0.028,-0.029
22-Apr-08,-0.028,-0.029
23-Apr-08,-0.028,-0.029
24-Apr-08,-0.028,-0.029
25-Apr-08,-0.028,-0.029
26-Apr-08,-0.028,-0.029
27-Apr-08,-0.028,-0.029
28-Apr-08,-0.029,-0.029
29-Apr-08,-0.027,-0.032
30-Apr-08,-0.032,-0.032
1-May-08,-0.032,-0.032
2-May-08,-0.032,-0.034
3-May-08,-0.032,-0.034
4-May-08,-0.032,-0.034
5-May-08,-0.033,-0.034
6-May-08,-0.033,-0.034
7-May-08,-0.033,-0.036
8-May-08,-0.034,-0.037
9-May-08,-0.034,-0.037
10-May-08,-0.044,-0.044
11-May-08,-0.049,-0.053
12-May-08,-0.05,-0.054
13-May-08,-0.051,-0.055
14-May-08,-0.052,-0.056
15-May-08,-0.051,-0.057
16-May-08,-0.061,-0.055
17-May-08,-0.06,-0.053
18-May-08,-0.061,-0.054
19-May-08,-0.061,-0.053
20-May-08,-0.06,-0.054
21-May-08,-0.063,-0.054
22-May-08,-0.065,-0.054
23-May-08,-0.063,-0.052
24-May-08,-0.065,-0.079
25-May-08,-0.06,-0.079
26-May-08,-0.057,-0.047
27-May-08,-0.06,-0.04
28-May-08,-0.038,-0.009
29-May-08,-0.024,-0.008
30-May-08,-0.022,0.005
31-May-08,0.039,0.014
1-Jun-08,0.121,0.178
2-Jun-08,0.152,0.177
3-Jun-08,0.178,0.207
4-Jun-08,0.201,0.206
5-Jun-08,0.203,0.207
6-Jun-08,0.216,0.214
7-Jun-08,0.225,0.222
8-Jun-08,0.238,0.233
9-Jun-08,0.247,0.24
10-Jun-08,0.247,0.239
11-Jun-08,0.25,0.24
12-Jun-08,0.26,0.252
13-Jun-08,0.281,0.261
14-Jun-08,0.296,0.277
15-Jun-08,0.308,0.286
16-Jun-08,0.328,0.304
17-Jun-08,0.338,0.312
18-Jun-08,0.348,0.327
19-Jun-08,0.365,0.341
20-Jun-08,0.376,0.352
21-Jun-08,0.381,0.353
22-Jun-08,0.387,0.36
23-Jun-08,0.395,0.364
24-Jun-08,0.402,0.375
25-Jun-08,0.407,0.379
26-Jun-08,0.414,0.386
27-Jun-08,0.42,0.392
28-Jun-08,0.432,0.403
29-Jun-08,0.444,0.415
30-Jun-08,0.461,0.429
1-Jul-08,0.471,0.437
2-Jul-08,0.477,0.443
3-Jul-08,0.493,0.455
4-Jul-08,0.494,0.456
5-Jul-08,0.502,0.46
6-Jul-08,0.505,0.462
7-Jul-08,0.51,0.467
8-Jul-08,0.513,0.473
9-Jul-08,0.517,0.476
10-Jul-08,0.52,0.478
11-Jul-08,0.518,0.476
12-Jul-08,0.519,0.475
13-Jul-08,0.52,0.477
14-Jul-08,0.52,0.476
15-Jul-08,0.521,0.477
16-Jul-08,0.518,0.468
17-Jul-08,0.519,0.468
18-Jul-08,0.519,0.467
19-Jul-08,0.519,0.464
20-Jul-08,0.517,0.466
21-Jul-08,0.526,0.475
22-Jul-08,0.533,0.479
23-Jul-08,0.528,0.472
24-Jul-08,0.529,0.473
25-Jul-08,0.529,0.474
26-Jul-08,0.529,0.474
27-Jul-08,0.529,0.475
28-Jul-08,0.529,0.478
29-Jul-08,0.53,0.478
30-Jul-08,0.53,0.477
31-Jul-08,0.53,0.477
1-Aug-08,0.534,0.489
2-Aug-08,0.534,0.489
3-Aug-08,0.535,0.492
4-Aug-08,0.522,0.477
5-Aug-08,0.521,0.484
6-Aug-08,0.535,0.493
7-Aug-08,0.552,0.554
8-Aug-08,0.536,0.524
9-Aug-08,0.541,0.491
10-Aug-08,0.541,0.492
11-Aug-08,0.543,0.494
12-Aug-08,0.543,0.494
13-Aug-08,0.54,0.493
14-Aug-08,0.536,0.493
15-Aug-08,0.536,0.493
16-Aug-08,0.536,0.493
17-Aug-08,0.537,0.493
18-Aug-08,0.49,0.432
19-Aug-08,0.488,0.43
20-Aug-08,0.486,0.428
21-Aug-08,0.465,0.401
22-Aug-08,0.46,0.399
23-Aug-08,0.458,0.397
24-Aug-08,0.456,0.395
25-Aug-08,0.389,0.34
26-Aug-08,0.39,0.34
27-Aug-08,0.394,0.361
28-Aug-08,0.393,0.364
29-Aug-08,0.393,0.365
30-Aug-08,0.393,0.367
31-Aug-08,0.393,0.368
1-Sep-08,0.393,0.369
2-Sep-08,0.393,0.371
3-Sep-08,0.365,0.368
4-Sep-08,0.365,0.368
5-Sep-08,0.366,0.368
6-Sep-08,0.366,0.369
7-Sep-08,0.367,0.37
8-Sep-08,0.386,0.391
9-Sep-08,0.386,0.39
10-Sep-08,0.397,0.394
11-Sep-08,0.381,0.388
12-Sep-08,0.366,0.358
13-Sep-08,0.366,0.355
14-Sep-08,0.365,0.354
15-Sep-08,0.365,0.354
16-Sep-08,0.364,0.354
17-Sep-08,0.363,0.354
18-Sep-08,0.361,0.353
19-Sep-08,0.361,0.352
20-Sep-08,0.36,0.352
21-Sep-08,0.36,0.352
22-Sep-08,0.359,0.351
23-Sep-08,0.358,0.351
24-Sep-08,0.353,0.356
25-Sep-08,0.353,0.356
26-Sep-08,-0.026,-0.035
27-Sep-08,-0.038,-0.035
28-Sep-08,-0.04,-0.035
29-Sep-08,-0.044,-0.034
30-Sep-08,-0.044,-0.034
1-Oct-08,-0.043,-0.036
2-Oct-08,-0.044,-0.038
3-Oct-08,-0.043,-0.038
4-Oct-08,-0.048,-0.038
5-Oct-08,-0.048,-0.038
6-Oct-08,-0.044,-0.038
7-Oct-08,-0.044,-0.038
8-Oct-08,-0.045,-0.038
9-Oct-08,-0.044,-0.038
10-Oct-08,-0.044,-0.041
11-Oct-08,-0.042,-0.043
12-Oct-08,-0.041,-0.043
13-Oct-08,-0.038,-0.048
14-Oct-08,-0.038,-0.048
15-Oct-08,-0.042,-0.016
16-Oct-08,-0.042,-0.014
17-Oct-08,-0.042,-0.026
18-Oct-08,-0.037,0.006
19-Oct-08,-0.037,0.006
20-Oct-08,-0.062,-0.067
21-Oct-08,-0.061,-0.067
22-Oct-08,-0.061,-0.066
23-Oct-08,-0.06,-0.065
24-Oct-08,-0.06,-0.065
25-Oct-08,-0.059,-0.064
26-Oct-08,,
27-Oct-08,,
28-Oct-08,,
29-Oct-08,,
30-Oct-08,,
31-Oct-08,,
1-Nov-08,,
2-Nov-08,,
3-Nov-08,,
4-Nov-08,,
5-Nov-08,,
6-Nov-08,,
7-Nov-08,,
8-Nov-08,,
9-Nov-08,,
10-Nov-08,,
11-Nov-08,,
12-Nov-08,,
13-Nov-08,,
14-Nov-08,,
15-Nov-08,,
16-Nov-08,,
17-Nov-08,,
18-Nov-08,,
19-Nov-08,,
20-Nov-08,,
21-Nov-08,,
22-Nov-08,,
23-Nov-08,,
24-Nov-08,,
25-Nov-08,,
26-Nov-08,,
27-Nov-08,,
28-Nov-08,,
29-Nov-08,,
30-Nov-08,,
1-Dec-08,,
2-Dec-08,,
3-Dec-08,,
4-Dec-08,,
5-Dec-08,,
6-Dec-08,,
7-Dec-08,,
8-Dec-08,,
9-Dec-08,,
10-Dec-08,,
11-Dec-08,,
12-Dec-08,,
13-Dec-08,,
14-Dec-08,,
15-Dec-08,,
16-Dec-08,,
17-Dec-08,,
18-Dec-08,,
19-Dec-08,,
20-Dec-08,,
21-Dec-08,,
22-Dec-08,,
23-Dec-08,,
24-Dec-08,,
25-Dec-08,,
26-Dec-08,,
27-Dec-08,,
28-Dec-08,,
29-Dec-08,,
30-Dec-08,,
31-Dec-08,,
1-Jan-09,,
2-Jan-09,,
3-Jan-09,,
4-Jan-09,,
5-Jan-09,,
6-Jan-09,,
7-Jan-09,,
8-Jan-09,,
9-Jan-09,,
10-Jan-09,,
11-Jan-09,,
12-Jan-09,,
13-Jan-09,,
14-Jan-09,,
15-Jan-09,,
16-Jan-09,,
17-Jan-09,,
18-Jan-09,,
19-Jan-09,,
20-Jan-09,,
21-Jan-09,,
22-Jan-09,,
23-Jan-09,,
24-Jan-09,,
25-Jan-09,,
26-Jan-09,,
27-Jan-09,,
28-Jan-09,,
29-Jan-09,,
30-Jan-09,,
31-Jan-09,,
1-Feb-09,,
2-Feb-09,,
3-Feb-09,,
4-Feb-09,,
5-Feb-09,,
6-Feb-09,,
7-Feb-09,,
8-Feb-09,,
9-Feb-09,,
10-Feb-09,,
11-Feb-09,,
12-Feb-09,,
13-Feb-09,,
14-Feb-09,,
15-Feb-09,-0.077,
16-Feb-09,-0.078,
17-Feb-09,-0.045,-0.048
18-Feb-09,-0.045,-0.049
19-Feb-09,-0.046,-0.049
20-Feb-09,-0.046,-0.05
21-Feb-09,-0.048,-0.046
22-Feb-09,-0.044,-0.047
23-Feb-09,-0.044,-0.047
24-Feb-09,-0.044,-0.047
25-Feb-09,-0.043,-0.047
26-Feb-09,-0.043,-0.048
27-Feb-09,-0.044,-0.048
28-Feb-09,-0.044,-0.048
1-Mar-09,-0.041,-0.048
2-Mar-09,-0.042,-0.048
3-Mar-09,-0.043,-0.049
4-Mar-09,-0.044,-0.049
5-Mar-09,-0.059,
6-Mar-09,-0.059,
7-Mar-09,-0.059,
8-Mar-09,-0.06,
9-Mar-09,-0.076,
10-Mar-09,-0.048,-0.041
11-Mar-09,-0.048,-0.04
12-Mar-09,-0.049,-0.04
13-Mar-09,-0.049,-0.04
14-Mar-09,-0.049,-0.04
15-Mar-09,-0.05,-0.04
16-Mar-09,-0.05,-0.04
17-Mar-09,-0.05,-0.041
18-Mar-09,-0.05,-0.041
19-Mar-09,-0.046,-0.047
20-Mar-09,-0.047,-0.048
21-Mar-09,-0.045,-0.048
22-Mar-09,-0.046,-0.044
23-Mar-09,-0.046,-0.044
24-Mar-09,-0.046,-0.044
25-Mar-09,-0.046,-0.047
26-Mar-09,-0.047,-0.044
27-Mar-09,-0.047,-0.054
28-Mar-09,-0.037,-0.028
29-Mar-09,-0.037,-0.028
30-Mar-09,-0.037,-0.028
31-Mar-09,-0.037,-0.028
1-Apr-09,-0.036,-0.031
2-Apr-09,-0.035,-0.031
3-Apr-09,-0.035,-0.031
4-Apr-09,-0.036,-0.028
5-Apr-09,-0.036,-0.028
6-Apr-09,-0.036,-0.028
7-Apr-09,-0.016,
8-Apr-09,-0.036,-0.03
9-Apr-09,-0.037,-0.029
10-Apr-09,-0.037,-0.029
11-Apr-09,-0.037,-0.03
12-Apr-09,-0.037,-0.03
13-Apr-09,-0.038,-0.031
14-Apr-09,-0.038,-0.031
15-Apr-09,-0.038,-0.031
16-Apr-09,-0.038,-0.031
17-Apr-09,-0.037,-0.031
18-Apr-09,-0.036,-0.032
19-Apr-09,-0.037,-0.034
20-Apr-09,-0.045,-0.042
21-Apr-09,-0.043,-0.042
22-Apr-09,-0.05,-0.046
23-Apr-09,-0.054,-0.045
24-Apr-09,-0.062,-0.053
25-Apr-09,-0.066,-0.066
26-Apr-09,-0.066,-0.066
27-Apr-09,-0.068,-0.068
28-Apr-09,-0.067,-0.067
29-Apr-09,-0.066,-0.067
30-Apr-09,-0.067,-0.066
1-May-09,-0.065,-0.066
2-May-09,-0.064,-0.065
3-May-09,-0.066,-0.066
4-May-09,-0.067,-0.068
5-May-09,-0.073,-0.073
6-May-09,-0.073,-0.071
7-May-09,-0.072,-0.071
8-May-09,-0.07,-0.07
9-May-09,-0.068,-0.065
10-May-09,-0.049,-0.052
11-May-09,-0.049,-0.052
12-May-09,-0.055,-0.054
13-May-09,-0.059,-0.059
14-May-09,-0.066,-0.062
15-May-09,-0.065,-0.06
16-May-09,-0.076,-0.075
17-May-09,-0.09,-0.088
18-May-09,-0.086,-0.081
19-May-09,-0.086,-0.081
20-May-09,-0.085,-0.081
21-May-09,-0.085,-0.081
22-May-09,-0.086,-0.087
23-May-09,-0.085,-0.087
24-May-09,-0.083,-0.087
25-May-09,-0.083,-0.08
26-May-09,-0.083,-0.08
27-May-09,-0.083,-0.081
28-May-09,-0.083,-0.078
29-May-09,-0.085,-0.081
30-May-09,-0.09,-0.086
31-May-09,-0.091,-0.087
1-Jun-09,-0.089,-0.087
2-Jun-09,-0.087,-0.087
3-Jun-09,-0.088,-0.085
4-Jun-09,-0.18,-0.188
5-Jun-09,-0.195,-0.153
6-Jun-09,-0.186,-0.174
7-Jun-09,-0.136,-0.132
8-Jun-09,-0.106,-0.119
9-Jun-09,-0.032,-0.083
10-Jun-09,0.035,-0.066
11-Jun-09,0.137,-0.039
12-Jun-09,0.172,0.18
13-Jun-09,0.18,0.201
14-Jun-09,0.203,0.205
15-Jun-09,0.211,0.206
16-Jun-09,0.215,0.206
17-Jun-09,0.228,0.208
18-Jun-09,0.229,0.208
19-Jun-09,0.234,0.216
20-Jun-09,0.235,0.216
21-Jun-09,0.236,0.216
22-Jun-09,0.252,0.227
23-Jun-09,0.263,0.231
24-Jun-09,0.275,0.241
25-Jun-09,0.279,0.243
26-Jun-09,0.286,0.25
27-Jun-09,0.299,0.263
28-Jun-09,0.305,0.267
29-Jun-09,0.312,0.272
30-Jun-09,0.314,0.273
1-Jul-09,0.326,0.284
2-Jul-09,0.334,0.291
3-Jul-09,0.348,0.307
4-Jul-09,0.35,0.308
5-Jul-09,0.351,0.308
6-Jul-09,0.35,0.307
7-Jul-09,0.351,0.308
8-Jul-09,0.36,0.316
9-Jul-09,0.364,0.32
10-Jul-09,0.379,0.329
11-Jul-09,0.384,0.334
12-Jul-09,0.39,0.34
13-Jul-09,0.404,0.35
14-Jul-09,0.406,0.351
15-Jul-09,0.41,0.356
16-Jul-09,0.411,0.356
17-Jul-09,0.415,0.361
18-Jul-09,0.421,0.365
19-Jul-09,0.429,0.37
20-Jul-09,0.439,0.378
21-Jul-09,0.439,0.379
22-Jul-09,0.439,0.376
23-Jul-09,0.439,0.377
24-Jul-09,0.438,0.377
25-Jul-09,0.438,0.377
26-Jul-09,0.443,0.386
27-Jul-09,0.445,0.394
28-Jul-09,0.458,0.413
29-Jul-09,0.45,0.399
30-Jul-09,0.463,0.464
31-Jul-09,0.581,0.468
1-Aug-09,0.583,0.472
2-Aug-09,0.585,0.476
3-Aug-09,0.587,0.479
4-Aug-09,0.622,0.483
5-Aug-09,0.634,0.506
6-Aug-09,0.577,0.506
7-Aug-09,0.577,0.505
8-Aug-09,0.577,0.505
9-Aug-09,0.614,0.835
10-Aug-09,0.576,0.835
11-Aug-09,0.503,0.431
12-Aug-09,0.502,0.428
13-Aug-09,0.56,0.452
14-Aug-09,0.572,0.512
15-Aug-09,0.55,0.487
16-Aug-09,0.553,0.507
17-Aug-09,0.547,0.504
18-Aug-09,0.545,0.504
19-Aug-09,0.544,0.502
20-Aug-09,0.543,0.501
21-Aug-09,0.543,0.501
22-Aug-09,0.542,0.5
23-Aug-09,0.542,0.499
24-Aug-09,0.53,0.487
25-Aug-09,0.525,0.488
26-Aug-09,0.515,0.481
27-Aug-09,0.464,0.424
28-Aug-09,0.463,0.423
29-Aug-09,0.466,0.426
30-Aug-09,0.448,0.413
31-Aug-09,0.443,0.409
1-Sep-09,0.431,0.399
2-Sep-09,0.409,0.387
3-Sep-09,0.404,0.385
4-Sep-09,0.404,0.386
5-Sep-09,0.399,0.38
6-Sep-09,0.398,0.38
7-Sep-09,0.397,0.379
8-Sep-09,0.396,0.374
9-Sep-09,0.389,0.365
10-Sep-09,0.384,0.363
11-Sep-09,0.384,0.364
12-Sep-09,0.383,0.367
13-Sep-09,0.383,0.367
14-Sep-09,0.374,0.355
15-Sep-09,0.369,0.346
16-Sep-09,0.371,0.348
17-Sep-09,0.37,0.344
18-Sep-09,0.371,0.345
19-Sep-09,0.374,0.333
20-Sep-09,0.376,0.336
21-Sep-09,0.384,0.345
22-Sep-09,0.385,0.347
23-Sep-09,0.387,0.351
24-Sep-09,0.332,0.032
25-Sep-09,0.175,-0.035
26-Sep-09,0.119,-0.034
27-Sep-09,0.12,-0.034
28-Sep-09,0.09,-0.019
29-Sep-09,0.09,-0.019
30-Sep-09,0.091,-0.019
1-Oct-09,0.082,-0.112
2-Oct-09,0.073,-0.113
3-Oct-09,0.073,-0.114
4-Oct-09,0.034,-0.096
5-Oct-09,0.046,0.041
6-Oct-09,0.046,0.041
7-Oct-09,0.046,0.042
8-Oct-09,0.046,0.042
9-Oct-09,0.048,0.035
10-Oct-09,0.049,0.036
11-Oct-09,0.045,0.036
12-Oct-09,0.046,0.037
13-Oct-09,0.026,0.031
14-Oct-09,0.026,0.031
15-Oct-09,0.025,0.031
16-Oct-09,0.022,0.022
17-Oct-09,0.045,0.026
18-Oct-09,0.041,0.024
19-Oct-09,0.041,0.024
20-Oct-09,0.029,0.015
21-Oct-09,0.032,
22-Oct-09,0.033,
23-Oct-09,0.034,
24-Oct-09,0.035,
25-Oct-09,0.036,
26-Oct-09,0.037,
27-Oct-09,,
28-Oct-09,,
29-Oct-09,,
30-Oct-09,,
31-Oct-09,,
1-Nov-09,,
2-Nov-09,,
3-Nov-09,,
4-Nov-09,,
5-Nov-09,,
6-Nov-09,,
7-Nov-09,,
8-Nov-09,,
9-Nov-09,,
10-Nov-09,,
11-Nov-09,,
12-Nov-09,,
13-Nov-09,,
14-Nov-09,,
15-Nov-09,,
16-Nov-09,,
17-Nov-09,,
18-Nov-09,,
19-Nov-09,,
20-Nov-09,,
21-Nov-09,,
22-Nov-09,,
23-Nov-09,,
24-Nov-09,,
25-Nov-09,,
26-Nov-09,,
27-Nov-09,,
28-Nov-09,,
29-Nov-09,,
30-Nov-09,,
1-Dec-09,,
2-Dec-09,,
3-Dec-09,,
4-Dec-09,,
5-Dec-09,,
6-Dec-09,,
7-Dec-09,,
8-Dec-09,,
9-Dec-09,,
10-Dec-09,,
11-Dec-09,,
12-Dec-09,,
13-Dec-09,,
14-Dec-09,,
15-Dec-09,,
16-Dec-09,,
17-Dec-09,,
18-Dec-09,,
19-Dec-09,,
20-Dec-09,,
21-Dec-09,,
22-Dec-09,,
23-Dec-09,,
24-Dec-09,,
25-Dec-09,,
26-Dec-09,,
27-Dec-09,,
28-Dec-09,,
29-Dec-09,,
30-Dec-09,,
31-Dec-09,,
1-Jan-10,,
2-Jan-10,,
3-Jan-10,,
4-Jan-10,,
5-Jan-10,,
6-Jan-10,,
7-Jan-10,,
8-Jan-10,,
9-Jan-10,,
10-Jan-10,,
11-Jan-10,,
12-Jan-10,,
13-Jan-10,,
14-Jan-10,,
15-Jan-10,,
16-Jan-10,,
17-Jan-10,,
18-Jan-10,,
19-Jan-10,,
20-Jan-10,,
21-Jan-10,,
22-Jan-10,,
23-Jan-10,,
24-Jan-10,,
25-Jan-10,,
26-Jan-10,,
27-Jan-10,,
28-Jan-10,,
29-Jan-10,,
30-Jan-10,,
31-Jan-10,,
1-Feb-10,,
2-Feb-10,,
3-Feb-10,,
4-Feb-10,,
5-Feb-10,,
6-Feb-10,,
7-Feb-10,,
8-Feb-10,,
9-Feb-10,,
10-Feb-10,,
11-Feb-10,,
12-Feb-10,,
13-Feb-10,,
14-Feb-10,,
15-Feb-10,,
16-Feb-10,,
17-Feb-10,,
18-Feb-10,,
19-Feb-10,,
20-Feb-10,,
21-Feb-10,,
22-Feb-10,-0.109,
23-Feb-10,-0.164,
24-Feb-10,-0.161,
25-Feb-10,-0.157,
26-Feb-10,-0.128,
27-Feb-10,-0.126,
28-Feb-10,-0.124,
1-Mar-10,-0.122,
2-Mar-10,-0.139,
3-Mar-10,-0.109,
4-Mar-10,-0.107,
5-Mar-10,-0.078,
6-Mar-10,-0.036,-0.086
7-Mar-10,-0.036,-0.084
8-Mar-10,-0.039,-0.083
9-Mar-10,-0.038,-0.071
10-Mar-10,-0.038,-0.07
11-Mar-10,-0.039,-0.068
12-Mar-10,-0.041,-0.065
13-Mar-10,-0.039,-0.063
14-Mar-10,-0.039,-0.061
15-Mar-10,-0.039,-0.058
16-Mar-10,-0.039,-0.057
17-Mar-10,-0.039,-0.056
18-Mar-10,-0.039,-0.055
19-Mar-10,-0.039,-0.053
20-Mar-10,-0.039,-0.053
21-Mar-10,-0.04,-0.053
22-Mar-10,-0.04,-0.051
23-Mar-10,-0.041,-0.05
24-Mar-10,-0.039,-0.049
25-Mar-10,-0.04,-0.05
26-Mar-10,-0.039,-0.05
27-Mar-10,-0.041,-0.05
28-Mar-10,-0.042,-0.049
29-Mar-10,-0.04,-0.05
30-Mar-10,-0.044,-0.051
31-Mar-10,-0.045,-0.051
1-Apr-10,-0.045,-0.051
2-Apr-10,-0.043,-0.05
3-Apr-10,-0.043,-0.05
4-Apr-10,-0.044,-0.05
5-Apr-10,-0.04,-0.05
6-Apr-10,-0.037,-0.039
7-Apr-10,-0.036,-0.04
8-Apr-10,-0.036,-0.042
9-Apr-10,-0.038,-0.044
10-Apr-10,-0.04,-0.044
11-Apr-10,-0.042,-0.045
12-Apr-10,-0.043,-0.042
13-Apr-10,-0.047,-0.044
14-Apr-10,-0.049,-0.055
15-Apr-10,-0.048,-0.055
16-Apr-10,-0.047,-0.056
17-Apr-10,-0.047,-0.054
18-Apr-10,-0.047,-0.048
19-Apr-10,-0.047,-0.048
20-Apr-10,-0.048,-0.048
21-Apr-10,-0.052,-0.057
22-Apr-10,-0.051,-0.057
23-Apr-10,-0.052,-0.058
24-Apr-10,-0.053,-0.059
25-Apr-10,-0.052,-0.059
26-Apr-10,-0.053,-0.061
27-Apr-10,-0.056,-0.062
28-Apr-10,-0.056,-0.064
29-Apr-10,-0.052,-0.063
30-Apr-10,-0.051,-0.063
1-May-10,-0.051,-0.064
2-May-10,-0.051,-0.064
3-May-10,-0.052,-0.064
4-May-10,-0.053,-0.063
5-May-10,-0.052,-0.064
6-May-10,-0.055,-0.063
7-May-10,-0.054,-0.066
8-May-10,-0.056,-0.069
9-May-10,-0.056,-0.069
10-May-10,-0.058,-0.07
11-May-10,-0.062,-0.072
12-May-10,-0.065,-0.074
13-May-10,-0.064,-0.075
14-May-10,-0.065,-0.072
15-May-10,-0.064,-0.074
16-May-10,-0.067,-0.071
17-May-10,-0.067,-0.063
18-May-10,-0.066,-0.065
19-May-10,-0.067,-0.065
20-May-10,-0.066,-0.065
21-May-10,-0.069,-0.072
22-May-10,-0.072,-0.077
23-May-10,-0.074,-0.079
24-May-10,-0.076,-0.079
25-May-10,-0.076,-0.079
26-May-10,-0.073,-0.079
27-May-10,-0.071,-0.079
28-May-10,-0.071,-0.08
29-May-10,-0.07,-0.08
30-May-10,-0.065,-0.067
31-May-10,-0.043,-0.076
1-Jun-10,0.005,-0.068
2-Jun-10,0.123,0.204
3-Jun-10,0.198,0.203
4-Jun-10,0.197,0.196
5-Jun-10,0.201,0.196
6-Jun-10,0.201,0.195
7-Jun-10,0.2,0.194
8-Jun-10,0.2,0.192
9-Jun-10,0.23,0.197
10-Jun-10,0.23,0.197
11-Jun-10,0.278,0.244
12-Jun-10,0.281,0.246
13-Jun-10,0.287,0.246
14-Jun-10,0.291,0.247
15-Jun-10,0.309,0.272
16-Jun-10,0.324,0.305
17-Jun-10,0.34,0.308
18-Jun-10,0.345,0.321
19-Jun-10,0.351,0.317
20-Jun-10,0.36,0.323
21-Jun-10,0.357,0.314
22-Jun-10,0.359,0.314
23-Jun-10,0.36,0.311
24-Jun-10,0.366,0.322
25-Jun-10,0.371,0.327
26-Jun-10,0.371,0.328
27-Jun-10,0.375,0.331
28-Jun-10,0.395,0.354
29-Jun-10,0.402,0.361
30-Jun-10,0.404,0.362
1-Jul-10,0.412,0.369
2-Jul-10,0.434,0.4
3-Jul-10,0.454,0.418
4-Jul-10,0.463,0.427
5-Jul-10,0.464,0.428
6-Jul-10,0.473,0.436
7-Jul-10,0.473,0.436
8-Jul-10,0.481,0.44
9-Jul-10,0.483,0.442
10-Jul-10,0.497,0.452
11-Jul-10,0.496,0.443
12-Jul-10,0.496,0.443
13-Jul-10,0.497,0.445
14-Jul-10,0.526,0.461
15-Jul-10,0.52,0.46
16-Jul-10,0.523,0.461
17-Jul-10,0.523,0.462
18-Jul-10,0.536,0.472
19-Jul-10,0.548,0.488
20-Jul-10,0.561,0.504
21-Jul-10,0.561,0.503
22-Jul-10,0.559,0.501
23-Jul-10,0.56,0.502
24-Jul-10,0.562,0.509
25-Jul-10,0.564,0.51
26-Jul-10,0.564,0.511
27-Jul-10,0.57,0.516
28-Jul-10,0.57,0.522
29-Jul-10,0.567,0.515
30-Jul-10,0.56,0.51
31-Jul-10,0.568,0.512
1-Aug-10,0.568,0.512
2-Aug-10,0.568,0.511
3-Aug-10,0.568,0.511
4-Aug-10,0.569,0.515
5-Aug-10,0.558,0.497
6-Aug-10,0.56,0.502
7-Aug-10,0.557,0.505
8-Aug-10,0.556,0.501
9-Aug-10,0.559,0.495
10-Aug-10,0.564,0.501
11-Aug-10,0.587,0.54
12-Aug-10,0.598,0.55
13-Aug-10,0.595,0.544
14-Aug-10,0.601,0.555
15-Aug-10,0.602,0.555
16-Aug-10,0.602,0.556
17-Aug-10,0.603,0.557
18-Aug-10,0.604,0.561
19-Aug-10,0.604,0.563
20-Aug-10,0.604,0.563
21-Aug-10,0.604,0.563
22-Aug-10,0.604,0.563
23-Aug-10,0.594,0.547
24-Aug-10,0.587,0.542
25-Aug-10,0.579,0.54
26-Aug-10,0.559,0.522
27-Aug-10,0.527,0.461
28-Aug-10,0.488,0.425
29-Aug-10,0.474,0.412
30-Aug-10,0.475,0.412
31-Aug-10,0.471,0.418
1-Sep-10,0.472,0.419
2-Sep-10,0.472,0.42
3-Sep-10,0.473,0.421
4-Sep-10,0.464,0.427
5-Sep-10,0.463,0.428
6-Sep-10,0.461,0.42
7-Sep-10,0.46,0.427
8-Sep-10,0.453,0.417
9-Sep-10,0.454,0.419
10-Sep-10,0.455,0.42
11-Sep-10,0.456,0.427
12-Sep-10,0.442,0.423
13-Sep-10,0.441,0.426
14-Sep-10,0.431,0.425
15-Sep-10,0.432,0.425
16-Sep-10,0.417,0.419
17-Sep-10,0.416,0.418
18-Sep-10,0.408,0.397
19-Sep-10,0.408,0.395
20-Sep-10,0.397,0.373
21-Sep-10,0.389,0.374
22-Sep-10,0.389,0.374
23-Sep-10,0.38,0.366
24-Sep-10,0.293,0.363
25-Sep-10,0.292,0.362
26-Sep-10,0.203,0.309
27-Sep-10,0.03,0.037
28-Sep-10,0.03,0.037
29-Sep-10,0.029,0.023
30-Sep-10,0.03,0.041
1-Oct-10,0.042,0.065
2-Oct-10,0.042,0.064
3-Oct-10,0.042,0.064
4-Oct-10,0.037,0.064
5-Oct-10,0.029,0.026
6-Oct-10,0.03,0.026
7-Oct-10,0.015,0.052
8-Oct-10,-0.018,-0.008
9-Oct-10,-0.018,-0.008
10-Oct-10,-0.017,-0.003
11-Oct-10,-0.041,-0.066
12-Oct-10,-0.039,-0.035
13-Oct-10,-0.039,-0.036
14-Oct-10,-0.038,-0.036
15-Oct-10,-0.038,-0.037
16-Oct-10,-0.04,-0.072
17-Oct-10,-0.047,-0.1
18-Oct-10,-0.047,-0.1
19-Oct-10,-0.046,-0.1
20-Oct-10,-0.045,-0.1
21-Oct-10,-0.044,-0.1
22-Oct-10,-0.042,-0.1
23-Oct-10,-0.091,-0.1
24-Oct-10,-0.089,-0.1
25-Oct-10,-0.087,-0.1
26-Oct-10,-0.085,-0.1
27-Oct-10,,
28-Oct-10,,
29-Oct-10,,
30-Oct-10,,
31-Oct-10,,
1-Nov-10,,
2-Nov-10,,
3-Nov-10,,
4-Nov-10,,
5-Nov-10,,
6-Nov-10,,
7-Nov-10,,
8-Nov-10,,
9-Nov-10,,
10-Nov-10,,
11-Nov-10,,
12-Nov-10,,
13-Nov-10,,
14-Nov-10,,
15-Nov-10,,
16-Nov-10,,
17-Nov-10,,
18-Nov-10,,
19-Nov-10,,
20-Nov-10,,
21-Nov-10,,
22-Nov-10,,
23-Nov-10,,
24-Nov-10,,
25-Nov-10,,
26-Nov-10,,
27-Nov-10,,
28-Nov-10,,
29-Nov-10,,
30-Nov-10,,
1-Dec-10,,
2-Dec-10,,
3-Dec-10,,
4-Dec-10,,
5-Dec-10,,
6-Dec-10,,
7-Dec-10,,
8-Dec-10,,
9-Dec-10,,
10-Dec-10,,
11-Dec-10,,
12-Dec-10,,
13-Dec-10,,
14-Dec-10,,
15-Dec-10,,
16-Dec-10,,
17-Dec-10,,
18-Dec-10,,
19-Dec-10,,
20-Dec-10,,
21-Dec-10,,
22-Dec-10,,
23-Dec-10,,
24-Dec-10,,
25-Dec-10,,
26-Dec-10,,
27-Dec-10,,
28-Dec-10,,
29-Dec-10,,
30-Dec-10,,
31-Dec-10,,
1-Jan-11,,
2-Jan-11,,
3-Jan-11,,
4-Jan-11,,
5-Jan-11,,
6-Jan-11,,
7-Jan-11,,
8-Jan-11,,
9-Jan-11,,
10-Jan-11,,
11-Jan-11,,
12-Jan-11,,
13-Jan-11,,
14-Jan-11,,
15-Jan-11,,
16-Jan-11,,
17-Jan-11,,
18-Jan-11,,
19-Jan-11,,
20-Jan-11,,
21-Jan-11,,
22-Jan-11,,
23-Jan-11,,
24-Jan-11,,
25-Jan-11,,
26-Jan-11,,
27-Jan-11,,
28-Jan-11,,
29-Jan-11,,
30-Jan-11,,
31-Jan-11,,
1-Feb-11,,
2-Feb-11,,
3-Feb-11,,
4-Feb-11,,
5-Feb-11,,
6-Feb-11,,
7-Feb-11,,
8-Feb-11,,
9-Feb-11,,
10-Feb-11,,
11-Feb-11,,
12-Feb-11,,
13-Feb-11,,
14-Feb-11,,
15-Feb-11,,
16-Feb-11,,
17-Feb-11,,
18-Feb-11,,
19-Feb-11,,
20-Feb-11,-0.055,-0.062
21-Feb-11,-0.055,-0.062
22-Feb-11,-0.055,-0.063
23-Feb-11,-0.056,-0.063
24-Feb-11,-0.056,-0.063
25-Feb-11,-0.045,-0.041
26-Feb-11,-0.045,-0.041
27-Feb-11,-0.045,-0.042
28-Feb-11,-0.045,-0.041
1-Mar-11,-0.041,-0.036
2-Mar-11,-0.04,-0.035
3-Mar-11,-0.04,-0.035
4-Mar-11,-0.04,-0.035
5-Mar-11,-0.036,-0.034
6-Mar-11,-0.034,-0.034
7-Mar-11,-0.035,-0.033
8-Mar-11,-0.034,-0.032
9-Mar-11,-0.035,-0.032
10-Mar-11,-0.035,-0.032
11-Mar-11,-0.035,-0.032
12-Mar-11,-0.035,-0.032
13-Mar-11,-0.033,-0.033
14-Mar-11,-0.034,-0.033
15-Mar-11,-0.034,-0.033
16-Mar-11,-0.035,-0.033
17-Mar-11,-0.035,-0.033
18-Mar-11,-0.036,-0.033
19-Mar-11,-0.036,-0.033
20-Mar-11,-0.036,-0.033
21-Mar-11,-0.039,-0.033
22-Mar-11,-0.037,-0.034
23-Mar-11,-0.038,-0.034
24-Mar-11,-0.033,-0.038
25-Mar-11,-0.033,-0.038
26-Mar-11,-0.033,-0.038
27-Mar-11,-0.033,-0.038
28-Mar-11,-0.04,-0.037
29-Mar-11,-0.039,-0.037
30-Mar-11,-0.039,-0.037
31-Mar-11,-0.04,-0.037
1-Apr-11,-0.039,-0.037
2-Apr-11,-0.037,-0.035
3-Apr-11,-0.037,-0.035
4-Apr-11,-0.037,-0.035
5-Apr-11,-0.038,-0.035
6-Apr-11,-0.037,-0.035
7-Apr-11,-0.037,-0.035
8-Apr-11,-0.036,-0.035
9-Apr-11,-0.034,-0.033
10-Apr-11,-0.034,-0.033
11-Apr-11,-0.033,-0.033
12-Apr-11,-0.033,-0.033
13-Apr-11,-0.033,-0.033
14-Apr-11,-0.033,-0.033
15-Apr-11,-0.032,-0.033
16-Apr-11,-0.032,-0.033
17-Apr-11,-0.032,-0.033
18-Apr-11,-0.032,-0.034
19-Apr-11,-0.031,-0.033
20-Apr-11,-0.03,-0.033
21-Apr-11,-0.03,-0.033
22-Apr-11,-0.031,-0.034
23-Apr-11,-0.032,-0.035
24-Apr-11,-0.033,-0.035
25-Apr-11,-0.034,-0.036
26-Apr-11,-0.034,-0.036
27-Apr-11,-0.035,-0.037
28-Apr-11,-0.035,-0.037
29-Apr-11,-0.036,-0.037
30-Apr-11,-0.036,-0.037
1-May-11,-0.036,-0.038
2-May-11,-0.037,-0.037
3-May-11,-0.037,-0.037
4-May-11,-0.037,-0.037
5-May-11,-0.039,-0.038
6-May-11,-0.038,-0.037
7-May-11,-0.038,-0.037
8-May-11,-0.038,-0.038
9-May-11,-0.037,-0.037
10-May-11,-0.048,-0.046
11-May-11,-0.05,-0.048
12-May-11,-0.051,-0.048
13-May-11,-0.057,-0.05
14-May-11,-0.058,-0.05
15-May-11,-0.066,-0.055
16-May-11,-0.064,-0.058
17-May-11,-0.064,-0.058
18-May-11,-0.064,-0.059
19-May-11,-0.064,-0.059
20-May-11,-0.064,-0.058
21-May-11,-0.066,-0.058
22-May-11,-0.071,-0.078
23-May-11,-0.063,-0.051
24-May-11,-0.058,-0.05
25-May-11,-0.021,-0.05
26-May-11,0.033,0.134
27-May-11,0.038,0.134
28-May-11,0.067,0.217
29-May-11,0.044,-0.059
30-May-11,-0.026,-0.059
31-May-11,-0.016,-0.06
1-Jun-11,0.015,0.07
2-Jun-11,0.083,0.186
3-Jun-11,0.089,0.189
4-Jun-11,0.092,0.12
5-Jun-11,0.104,0.121
6-Jun-11,0.103,0.121
7-Jun-11,0.138,0.205
8-Jun-11,0.179,0.177
9-Jun-11,0.224,0.201
10-Jun-11,0.225,0.199
11-Jun-11,0.225,0.2
12-Jun-11,0.225,0.2
13-Jun-11,0.236,0.208
14-Jun-11,0.241,0.214
15-Jun-11,0.249,0.22
16-Jun-11,0.261,0.23
17-Jun-11,0.279,0.245
18-Jun-11,0.296,0.271
19-Jun-11,0.321,0.29
20-Jun-11,0.338,0.303
21-Jun-11,0.34,0.305
22-Jun-11,0.341,0.307
23-Jun-11,0.351,0.315
24-Jun-11,0.375,0.344
25-Jun-11,0.39,0.356
26-Jun-11,0.392,0.362
27-Jun-11,0.393,0.363
28-Jun-11,0.406,0.372
29-Jun-11,0.415,0.383
30-Jun-11,0.419,0.388
1-Jul-11,0.431,0.398
2-Jul-11,0.438,0.405
3-Jul-11,0.452,0.415
4-Jul-11,0.465,0.419
5-Jul-11,0.473,0.429
6-Jul-11,0.489,0.445
7-Jul-11,0.51,0.461
8-Jul-11,0.523,0.473
9-Jul-11,0.523,0.474
10-Jul-11,0.523,0.47
11-Jul-11,0.542,0.489
12-Jul-11,0.543,0.489
13-Jul-11,0.536,0.489
14-Jul-11,0.544,0.489
15-Jul-11,0.538,0.487
16-Jul-11,0.534,0.484
17-Jul-11,0.534,0.484
18-Jul-11,0.534,0.485
19-Jul-11,0.534,0.484
20-Jul-11,0.536,0.484
21-Jul-11,0.536,0.483
22-Jul-11,0.544,0.489
23-Jul-11,0.557,0.508
24-Jul-11,0.554,0.506
25-Jul-11,0.555,0.504
26-Jul-11,0.573,0.516
27-Jul-11,0.573,0.516
28-Jul-11,0.576,0.52
29-Jul-11,0.585,0.525
30-Jul-11,0.589,0.531
31-Jul-11,0.595,0.531
1-Aug-11,0.596,0.534
2-Aug-11,0.597,0.535
3-Aug-11,0.597,0.535
4-Aug-11,0.602,0.539
5-Aug-11,0.602,0.539
6-Aug-11,0.605,0.544
7-Aug-11,0.603,0.542
8-Aug-11,0.607,0.539
9-Aug-11,0.607,0.539
10-Aug-11,0.616,0.548
11-Aug-11,0.602,0.54
12-Aug-11,0.604,0.542
13-Aug-11,0.597,0.535
14-Aug-11,0.584,0.52
15-Aug-11,0.583,0.508
16-Aug-11,0.576,0.509
17-Aug-11,0.577,0.51
18-Aug-11,0.578,0.51
19-Aug-11,0.574,0.528
20-Aug-11,0.564,0.504
21-Aug-11,0.563,0.504
22-Aug-11,0.565,0.504
23-Aug-11,0.566,0.505
24-Aug-11,0.562,0.5
25-Aug-11,0.56,0.499
26-Aug-11,0.557,0.495
27-Aug-11,0.557,0.494
28-Aug-11,0.553,0.495
29-Aug-11,0.552,0.495
30-Aug-11,0.552,0.495
31-Aug-11,0.552,0.496
1-Sep-11,0.552,0.496
2-Sep-11,0.552,0.496
3-Sep-11,0.552,0.497
4-Sep-11,0.551,0.488
5-Sep-11,0.536,0.484
6-Sep-11,0.523,0.479
7-Sep-11,0.504,0.463
8-Sep-11,0.5,0.455
9-Sep-11,0.471,0.455
10-Sep-11,0.437,0.418
11-Sep-11,0.432,0.427
12-Sep-11,0.432,0.428
13-Sep-11,0.433,0.43
14-Sep-11,0.433,0.431
15-Sep-11,0.433,0.432
16-Sep-11,0.434,0.434
17-Sep-11,0.434,0.435
18-Sep-11,0.435,0.436
19-Sep-11,0.435,0.437
20-Sep-11,0.436,0.438
21-Sep-11,0.381,0.301
22-Sep-11,,
23-Sep-11,,
24-Sep-11,,
25-Sep-11,,
26-Sep-11,,
27-Sep-11,,
28-Sep-11,,
29-Sep-11,,
30-Sep-11,,
1-Oct-11,,
2-Oct-11,,
3-Oct-11,,
4-Oct-11,,
5-Oct-11,,
6-Oct-11,0.069,-0.016
7-Oct-11,0.068,-0.023
8-Oct-11,0.069,-0.03
9-Oct-11,0.07,-0.037
10-Oct-11,0.071,-0.046
11-Oct-11,0.072,-0.054
12-Oct-11,0.071,-0.064
13-Oct-11,0.062,-0.074
14-Oct-11,0.061,-0.085
15-Oct-11,0.061,-0.098
16-Oct-11,0.061,-0.111
17-Oct-11,0.06,-0.126
18-Oct-11,0.058,-0.142
19-Oct-11,0.057,-0.159
20-Oct-11,0.055,-0.179
21-Oct-11,0.053,-0.201
22-Oct-11,-0.123,
23-Oct-11,-0.14,
24-Oct-11,-0.159,
25-Oct-11,-0.18,
26-Oct-11,,
27-Oct-11,,
28-Oct-11,,
29-Oct-11,,
30-Oct-11,,
31-Oct-11,,
1-Nov-11,,
2-Nov-11,,
3-Nov-11,,
4-Nov-11,,
5-Nov-11,,
6-Nov-11,,
7-Nov-11,,
8-Nov-11,,
9-Nov-11,,
10-Nov-11,,
11-Nov-11,,
12-Nov-11,,
13-Nov-11,,
14-Nov-11,,
15-Nov-11,,
16-Nov-11,,
17-Nov-11,,
18-Nov-11,,
19-Nov-11,,
20-Nov-11,,
21-Nov-11,,
22-Nov-11,,
23-Nov-11,,
24-Nov-11,,
25-Nov-11,,
26-Nov-11,,
27-Nov-11,,
28-Nov-11,,
29-Nov-11,,
30-Nov-11,,
1-Dec-11,,
2-Dec-11,,
3-Dec-11,,
4-Dec-11,,
5-Dec-11,,
6-Dec-11,,
7-Dec-11,,
8-Dec-11,,
9-Dec-11,,
10-Dec-11,,
11-Dec-11,,
12-Dec-11,,
13-Dec-11,,
14-Dec-11,,
15-Dec-11,,
16-Dec-11,,
17-Dec-11,,
18-Dec-11,,
19-Dec-11,,
20-Dec-11,,
21-Dec-11,,
22-Dec-11,,
23-Dec-11,,
24-Dec-11,,
25-Dec-11,,
26-Dec-11,,
27-Dec-11,,
28-Dec-11,,
29-Dec-11,,
30-Dec-11,,
31-Dec-11,,
1-Jan-12,,
2-Jan-12,,
3-Jan-12,,
4-Jan-12,,
5-Jan-12,,
6-Jan-12,,
7-Jan-12,,
8-Jan-12,,
9-Jan-12,,
10-Jan-12,,
11-Jan-12,,
12-Jan-12,,
13-Jan-12,,
14-Jan-12,,
15-Jan-12,,
16-Jan-12,,
17-Jan-12,,
18-Jan-12,,
19-Jan-12,,
20-Jan-12,,
21-Jan-12,,
22-Jan-12,,
23-Jan-12,,
24-Jan-12,,
25-Jan-12,,
26-Jan-12,,
27-Jan-12,,
28-Jan-12,,
29-Jan-12,,
30-Jan-12,,
31-Jan-12,,
1-Feb-12,,
2-Feb-12,,
3-Feb-12,,
4-Feb-12,,
5-Feb-12,,
6-Feb-12,,
7-Feb-12,,
8-Feb-12,,
9-Feb-12,,
10-Feb-12,,
11-Feb-12,,
12-Feb-12,,
13-Feb-12,,
14-Feb-12,,
15-Feb-12,-0.066,
16-Feb-12,-0.062,
17-Feb-12,-0.059,
18-Feb-12,-0.053,
19-Feb-12,-0.051,
20-Feb-12,-0.048,-0.152
21-Feb-12,-0.047,-0.136
22-Feb-12,-0.047,-0.121
23-Feb-12,-0.047,-0.11
24-Feb-12,-0.045,-0.1
25-Feb-12,-0.041,-0.04
26-Feb-12,-0.041,-0.041
27-Feb-12,-0.039,-0.066
28-Feb-12,-0.036,-0.04
29-Feb-12,-0.035,-0.036
1-Mar-12,-0.034,-0.035
2-Mar-12,-0.038,-0.042
3-Mar-12,-0.038,-0.033
4-Mar-12,-0.038,-0.028
5-Mar-12,-0.037,-0.023
6-Mar-12,-0.037,-0.018
7-Mar-12,-0.029,-0.021
8-Mar-12,-0.03,-0.021
9-Mar-12,-0.03,-0.021
10-Mar-12,-0.031,-0.021
11-Mar-12,-0.028,-0.018
12-Mar-12,-0.023,
13-Mar-12,-0.024,
14-Mar-12,-0.036,
15-Mar-12,-0.036,
16-Mar-12,-0.034,
17-Mar-12,-0.033,
18-Mar-12,-0.032,
19-Mar-12,-0.032,
20-Mar-12,-0.029,
21-Mar-12,-0.025,
22-Mar-12,-0.027,
23-Mar-12,-0.027,
24-Mar-12,-0.033,-0.058
25-Mar-12,-0.042,-0.05
26-Mar-12,-0.042,-0.051
27-Mar-12,-0.042,-0.051
28-Mar-12,-0.042,-0.051
29-Mar-12,-0.043,-0.05
30-Mar-12,-0.041,-0.05
31-Mar-12,-0.039,-0.048
1-Apr-12,-0.039,-0.046
2-Apr-12,-0.039,-0.046
3-Apr-12,-0.039,-0.047
4-Apr-12,-0.038,-0.046
5-Apr-12,-0.038,-0.045
6-Apr-12,-0.038,-0.12
7-Apr-12,-0.038,-0.119
8-Apr-12,-0.032,-0.036
9-Apr-12,-0.036,-0.04
10-Apr-12,-0.033,-0.035
11-Apr-12,-0.033,-0.035
12-Apr-12,-0.033,-0.035
13-Apr-12,-0.033,-0.035
14-Apr-12,-0.033,-0.035
15-Apr-12,-0.033,-0.035
16-Apr-12,-0.033,-0.035
17-Apr-12,-0.034,-0.035
18-Apr-12,-0.034,-0.035
19-Apr-12,-0.034,-0.036
20-Apr-12,-0.036,-0.079
21-Apr-12,-0.035,-0.08
22-Apr-12,-0.036,-0.086
23-Apr-12,-0.038,-0.082
24-Apr-12,-0.039,-0.077
25-Apr-12,-0.038,-0.082
26-Apr-12,-0.036,-0.084
27-Apr-12,-0.038,-0.085
28-Apr-12,-0.038,-0.084
29-Apr-12,-0.038,-0.084
30-Apr-12,-0.035,-0.077
1-May-12,-0.035,-0.077
2-May-12,-0.035,-0.077
3-May-12,-0.035,-0.077
4-May-12,-0.037,-0.076
5-May-12,-0.044,-0.09
6-May-12,-0.049,-0.099
7-May-12,-0.05,-0.099
8-May-12,-0.051,-0.099
9-May-12,-0.051,-0.1
10-May-12,-0.051,-0.1
11-May-12,-0.052,-0.101
12-May-12,-0.056,-0.111
13-May-12,-0.056,-0.107
14-May-12,-0.057,-0.104
15-May-12,-0.057,-0.103
16-May-12,-0.055,-0.099
17-May-12,-0.055,-0.099
18-May-12,-0.056,-0.098
19-May-12,-0.056,-0.098
20-May-12,-0.057,-0.099
21-May-12,-0.049,-0.075
22-May-12,-0.05,-0.065
23-May-12,-0.049,-0.069
24-May-12,-0.05,-0.069
25-May-12,-0.05,-0.068
26-May-12,-0.048,-0.062
27-May-12,-0.046,-0.058
28-May-12,-0.035,-0.048
29-May-12,-0.036,-0.013
30-May-12,-0.044,-0.004
31-May-12,-0.046,0.057
1-Jun-12,-0.054,-0.003
2-Jun-12,0.041,0.091
3-Jun-12,0.146,0.19
4-Jun-12,0.172,0.2
5-Jun-12,0.166,0.093
6-Jun-12,0.166,0.091
7-Jun-12,0.194,0.227
8-Jun-12,0.232,0.225
9-Jun-12,0.244,0.241
10-Jun-12,0.257,0.251
11-Jun-12,0.258,0.252
12-Jun-12,0.258,0.253
13-Jun-12,0.276,0.264
14-Jun-12,0.291,0.276
15-Jun-12,0.306,0.289
16-Jun-12,0.309,0.292
17-Jun-12,0.31,0.293
18-Jun-12,0.316,0.299
19-Jun-12,0.323,0.311
20-Jun-12,0.332,0.321
21-Jun-12,0.348,0.328
22-Jun-12,0.356,0.333
23-Jun-12,0.371,0.342
24-Jun-12,0.397,0.366
25-Jun-12,0.418,0.385
26-Jun-12,0.455,0.415
27-Jun-12,0.475,0.432
28-Jun-12,0.486,0.445
29-Jun-12,0.492,0.448
30-Jun-12,0.522,0.473
1-Jul-12,0.533,0.485
2-Jul-12,0.535,0.486
3-Jul-12,0.536,0.487
4-Jul-12,0.543,0.493
5-Jul-12,0.548,0.495
6-Jul-12,0.549,0.5
7-Jul-12,0.557,0.507
8-Jul-12,0.557,0.507
9-Jul-12,0.561,0.509
10-Jul-12,0.565,0.513
11-Jul-12,0.57,0.517
12-Jul-12,0.575,0.521
13-Jul-12,0.578,0.522
14-Jul-12,0.583,0.523
15-Jul-12,0.586,0.527
16-Jul-12,0.577,0.52
17-Jul-12,0.573,0.512
18-Jul-12,0.573,0.512
19-Jul-12,0.572,0.511
20-Jul-12,0.576,0.517
21-Jul-12,0.57,0.513
22-Jul-12,0.581,0.527
23-Jul-12,0.586,0.527
24-Jul-12,0.582,0.52
25-Jul-12,0.583,0.521
26-Jul-12,0.583,0.522
27-Jul-12,0.584,0.522
28-Jul-12,0.583,0.52
29-Jul-12,0.582,0.517
30-Jul-12,0.585,0.528
31-Jul-12,0.585,0.528
1-Aug-12,0.588,0.523
2-Aug-12,0.592,0.529
3-Aug-12,0.592,0.53
4-Aug-12,0.592,0.53
5-Aug-12,0.589,0.522
6-Aug-12,0.59,0.525
7-Aug-12,0.587,0.519
8-Aug-12,0.576,0.515
9-Aug-12,0.592,0.529
10-Aug-12,0.59,0.526
11-Aug-12,0.573,0.51
12-Aug-12,0.57,0.502
13-Aug-12,0.57,0.504
14-Aug-12,0.577,0.506
15-Aug-12,0.573,0.495
16-Aug-12,0.573,0.493
17-Aug-12,0.573,0.5
18-Aug-12,0.571,0.499
19-Aug-12,0.572,0.5
20-Aug-12,0.573,0.501
21-Aug-12,0.573,0.501
22-Aug-12,0.57,0.492
23-Aug-12,0.561,0.488
24-Aug-12,0.561,0.489
25-Aug-12,0.561,0.488
26-Aug-12,0.559,0.484
27-Aug-12,0.562,0.479
28-Aug-12,0.557,0.483
29-Aug-12,0.542,0.472
30-Aug-12,0.524,0.463
31-Aug-12,0.524,0.463
1-Sep-12,0.508,0.449
2-Sep-12,0.469,0.415
3-Sep-12,0.479,0.438
4-Sep-12,0.479,0.44
5-Sep-12,0.48,0.441
6-Sep-12,0.481,0.442
7-Sep-12,0.463,0.438
8-Sep-12,0.427,0.403
9-Sep-12,0.427,0.403
10-Sep-12,0.422,0.398
11-Sep-12,0.416,0.396
12-Sep-12,0.417,0.397
13-Sep-12,0.416,0.39
14-Sep-12,0.4,0.383
15-Sep-12,0.402,0.383
16-Sep-12,0.405,0.386
17-Sep-12,0.408,0.39
18-Sep-12,0.411,0.393
19-Sep-12,0.414,0.397
20-Sep-12,0.417,0.401
21-Sep-12,0.421,0.406
22-Sep-12,0.424,0.409
23-Sep-12,0.439,0.418
24-Sep-12,0.438,0.425
25-Sep-12,0.439,0.416
26-Sep-12,0.416,0.403
27-Sep-12,0.413,0.396
28-Sep-12,0.412,0.407
29-Sep-12,0.412,0.415
30-Sep-12,0.419,0.427
1-Oct-12,0.422,0.435
2-Oct-12,0.422,0.436
3-Oct-12,0.42,0.436
4-Oct-12,0.419,0.439
5-Oct-12,0.42,0.458
6-Oct-12,0.42,0.46
7-Oct-12,0.417,0.441
8-Oct-12,0.109,
9-Oct-12,0.085,
10-Oct-12,0.08,
11-Oct-12,0.039,
12-Oct-12,0.04,
13-Oct-12,0.007,
14-Oct-12,-0.014,
15-Oct-12,-0.018,
16-Oct-12,-0.018,
17-Oct-12,-0.016,
18-Oct-12,0.005,
19-Oct-12,-0.071,
20-Oct-12,-0.071,
21-Oct-12,-0.063,
22-Oct-12,-0.058,
23-Oct-12,-0.055,
24-Oct-12,-0.06,
25-Oct-12,,
26-Oct-12,,
27-Oct-12,,
28-Oct-12,,
29-Oct-12,,
30-Oct-12,,
31-Oct-12,,
1-Nov-12,,
2-Nov-12,,
3-Nov-12,,
4-Nov-12,,
5-Nov-12,,
6-Nov-12,,
7-Nov-12,,
8-Nov-12,,
9-Nov-12,,
10-Nov-12,,
11-Nov-12,,
12-Nov-12,,
13-Nov-12,,
14-Nov-12,,
15-Nov-12,,
16-Nov-12,,
17-Nov-12,,
18-Nov-12,,
19-Nov-12,,
20-Nov-12,,
21-Nov-12,,
22-Nov-12,,
23-Nov-12,,
24-Nov-12,,
25-Nov-12,,
26-Nov-12,,
27-Nov-12,,
28-Nov-12,,
29-Nov-12,,
30-Nov-12,,
1-Dec-12,,
2-Dec-12,,
3-Dec-12,,
4-Dec-12,,
5-Dec-12,,
6-Dec-12,,
7-Dec-12,,
8-Dec-12,,
9-Dec-12,,
10-Dec-12,,
11-Dec-12,,
12-Dec-12,,
13-Dec-12,,
14-Dec-12,,
15-Dec-12,,
16-Dec-12,,
17-Dec-12,,
18-Dec-12,,
19-Dec-12,,
20-Dec-12,,
21-Dec-12,,
22-Dec-12,,
23-Dec-12,,
24-Dec-12,,
25-Dec-12,,
26-Dec-12,,
27-Dec-12,,
28-Dec-12,,
29-Dec-12,,
30-Dec-12,,
31-Dec-12,,
1-Jan-13,,
2-Jan-13,,
3-Jan-13,,
4-Jan-13,,
5-Jan-13,,
6-Jan-13,,
7-Jan-13,,
8-Jan-13,,
9-Jan-13,,
10-Jan-13,,
11-Jan-13,,
12-Jan-13,,
13-Jan-13,,
14-Jan-13,,
15-Jan-13,,
16-Jan-13,,
17-Jan-13,,
18-Jan-13,,
19-Jan-13,,
20-Jan-13,,
21-Jan-13,,
22-Jan-13,,
23-Jan-13,,
24-Jan-13,,
25-Jan-13,,
26-Jan-13,,
27-Jan-13,,
28-Jan-13,,
29-Jan-13,,
30-Jan-13,,
31-Jan-13,,
1-Feb-13,,
2-Feb-13,,
3-Feb-13,,
4-Feb-13,,
5-Feb-13,,
6-Feb-13,,
7-Feb-13,,
8-Feb-13,,
9-Feb-13,,
10-Feb-13,,
11-Feb-13,,
12-Feb-13,,
13-Feb-13,,
14-Feb-13,,
15-Feb-13,,
16-Feb-13,,
17-Feb-13,-0.111,
18-Feb-13,-0.102,
19-Feb-13,-0.132,
20-Feb-13,-0.114,
21-Feb-13,-0.108,
22-Feb-13,-0.105,
23-Feb-13,-0.103,
24-Feb-13,-0.08,
25-Feb-13,-0.08,
26-Feb-13,-0.079,
27-Feb-13,-0.082,
28-Feb-13,-0.081,
1-Mar-13,-0.078,
2-Mar-13,-0.102,
3-Mar-13,-0.098,
4-Mar-13,-0.077,
5-Mar-13,-0.043,1
6-Mar-13,-0.054,0.406
7-Mar-13,-0.053,0.198
8-Mar-13,-0.079,-0.186
9-Mar-13,-0.064,-0.078
10-Mar-13,-0.047,-0.032
11-Mar-13,-0.029,-0.017
12-Mar-13,-0.035,-0.012
13-Mar-13,-0.034,-0.009
14-Mar-13,-0.025,-0.008
15-Mar-13,-0.023,0
16-Mar-13,-0.023,0
17-Mar-13,-0.026,-0.008
18-Mar-13,-0.024,-0.006
19-Mar-13,-0.026,-0.006
20-Mar-13,-0.016,0
21-Mar-13,-0.014,-0.049
22-Mar-13,-0.017,-0.045
23-Mar-13,-0.018,-0.041
24-Mar-13,-0.014,-0.039
25-Mar-13,-0.018,-0.036
26-Mar-13,-0.041,
27-Mar-13,-0.041,
28-Mar-13,-0.053,
29-Mar-13,-0.053,
30-Mar-13,-0.053,
31-Mar-13,-0.053,
1-Apr-13,-0.048,
2-Apr-13,-0.049,
3-Apr-13,-0.046,
4-Apr-13,-0.043,
5-Apr-13,-0.043,
6-Apr-13,-0.02,-0.036
7-Apr-13,-0.031,-0.036
8-Apr-13,-0.024,0.098
9-Apr-13,-0.022,0.097
10-Apr-13,-0.027,0.082
11-Apr-13,-0.025,0.082
12-Apr-13,-0.027,0.07
13-Apr-13,-0.031,0.07
14-Apr-13,-0.029,0.069
15-Apr-13,-0.027,0.068
16-Apr-13,-0.028,0.062
17-Apr-13,-0.025,0.06
18-Apr-13,-0.027,0.055
19-Apr-13,-0.034,0.053
20-Apr-13,-0.033,0.051
21-Apr-13,-0.031,0.05
22-Apr-13,-0.04,-0.042
23-Apr-13,-0.042,-0.041
24-Apr-13,-0.042,-0.039
25-Apr-13,-0.04,-0.038
26-Apr-13,-0.039,-0.037
27-Apr-13,-0.039,-0.037
28-Apr-13,-0.041,-0.051
29-Apr-13,-0.039,-0.047
30-Apr-13,-0.039,-0.049
1-May-13,-0.038,-0.049
2-May-13,-0.038,-0.048
3-May-13,-0.038,-0.046
4-May-13,-0.039,-0.047
5-May-13,-0.038,-0.046
6-May-13,-0.038,-0.045
7-May-13,-0.039,-0.044
8-May-13,-0.039,-0.047
9-May-13,-0.041,-0.05
10-May-13,-0.046,-0.044
11-May-13,-0.046,-0.045
12-May-13,-0.046,-0.042
13-May-13,-0.048,-0.059
14-May-13,-0.053,-0.055
15-May-13,-0.066,-0.065
16-May-13,-0.067,-0.066
17-May-13,-0.069,-0.067
18-May-13,-0.065,-0.07
19-May-13,-0.066,-0.067
20-May-13,-0.067,-0.07
21-May-13,-0.067,-0.07
22-May-13,-0.067,-0.077
23-May-13,-0.068,-0.078
24-May-13,-0.07,-0.079
25-May-13,-0.071,-0.082
26-May-13,-0.071,-0.077
27-May-13,-0.07,-0.077
28-May-13,-0.07,-0.077
29-May-13,-0.07,-0.078
30-May-13,-0.069,-0.081
31-May-13,-0.068,-0.078
1-Jun-13,-0.07,-0.082
2-Jun-13,-0.069,-0.081
3-Jun-13,-0.069,-0.088
4-Jun-13,-0.058,-0.07
5-Jun-13,-0.08,-0.07
6-Jun-13,-0.065,-0.07
7-Jun-13,-0.095,-0.091
8-Jun-13,-0.068,-0.06
9-Jun-13,-0.042,0.01
10-Jun-13,-0.007,0.006
11-Jun-13,0.118,0.04
12-Jun-13,0.139,0.135
13-Jun-13,0.156,0.139
14-Jun-13,0.167,0.139
15-Jun-13,0.177,0.139
16-Jun-13,0.18,0.14
17-Jun-13,0.19,0.14
18-Jun-13,0.194,0.143
19-Jun-13,0.221,0.164
20-Jun-13,0.22,0.164
21-Jun-13,0.225,0.165
22-Jun-13,0.23,0.165
23-Jun-13,0.232,0.17
24-Jun-13,0.273,0.197
25-Jun-13,0.275,0.199
26-Jun-13,0.278,0.2
27-Jun-13,0.284,0.199
28-Jun-13,0.303,0.201
29-Jun-13,0.373,0.277
30-Jun-13,0.374,0.276
1-Jul-13,0.375,0.279
2-Jul-13,0.376,0.282
3-Jul-13,0.423,0.327
4-Jul-13,0.426,0.33
5-Jul-13,0.465,0.364
6-Jul-13,0.482,0.386
7-Jul-13,0.497,0.395
8-Jul-13,0.507,0.404
9-Jul-13,0.52,0.426
10-Jul-13,0.543,0.457
11-Jul-13,0.543,0.458
12-Jul-13,0.55,0.464
13-Jul-13,0.554,0.468
14-Jul-13,0.562,0.476
15-Jul-13,0.569,0.486
16-Jul-13,0.57,0.489
17-Jul-13,0.571,0.489
18-Jul-13,0.57,0.49
19-Jul-13,0.569,0.489
20-Jul-13,0.569,0.489
21-Jul-13,0.57,0.489
22-Jul-13,0.573,0.498
23-Jul-13,0.575,0.503
24-Jul-13,0.573,0.501
25-Jul-13,0.571,0.494
26-Jul-13,0.582,0.504
27-Jul-13,0.587,0.515
28-Jul-13,0.588,0.516
29-Jul-13,0.594,0.534
30-Jul-13,0.586,0.529
31-Jul-13,0.621,0.563
1-Aug-13,0.613,0.548
2-Aug-13,0.616,0.548
3-Aug-13,0.617,0.53
4-Aug-13,0.623,0.534
5-Aug-13,0.617,0.527
6-Aug-13,0.617,0.527
7-Aug-13,0.617,0.526
8-Aug-13,0.617,0.526
9-Aug-13,0.616,0.526
10-Aug-13,0.618,0.526
11-Aug-13,0.61,0.511
12-Aug-13,0.596,0.504
13-Aug-13,0.596,0.505
14-Aug-13,0.598,0.495
15-Aug-13,0.598,0.496
16-Aug-13,0.577,0.483
17-Aug-13,0.607,
18-Aug-13,0.464,
19-Aug-13,,
20-Aug-13,0.587,0.49
21-Aug-13,0.56,0.505
22-Aug-13,0.556,0.485
23-Aug-13,0.557,0.486
24-Aug-13,0.558,0.487
25-Aug-13,0.559,0.488
26-Aug-13,0.541,0.477
27-Aug-13,0.542,0.479
28-Aug-13,0.542,0.479
29-Aug-13,0.543,0.479
30-Aug-13,0.541,0.485
31-Aug-13,0.54,0.485
1-Sep-13,0.54,0.486
2-Sep-13,0.54,0.486
3-Sep-13,0.53,0.489
4-Sep-13,0.518,0.477
5-Sep-13,0.501,0.468
6-Sep-13,0.476,0.437
7-Sep-13,0.454,0.428
8-Sep-13,0.454,0.43
9-Sep-13,0.455,0.432
10-Sep-13,0.455,0.434
11-Sep-13,0.444,0.444
12-Sep-13,0.445,0.445
13-Sep-13,0.446,0.446
14-Sep-13,0.448,0.449
15-Sep-13,0.444,0.456
16-Sep-13,0.445,0.458
17-Sep-13,0.447,0.46
18-Sep-13,0.438,0.449
19-Sep-13,0.442,0.447
20-Sep-13,0.425,0.437
21-Sep-13,0.425,0.438
22-Sep-13,0.358,0.395
23-Sep-13,0.359,0.398
24-Sep-13,0.36,0.4
25-Sep-13,0.364,0.39
26-Sep-13,0.365,0.391
27-Sep-13,0.366,0.392
28-Sep-13,0.367,0.394
29-Sep-13,0.362,0.383
30-Sep-13,0.365,0.379
1-Oct-13,0.366,0.381
2-Oct-13,0.367,0.381
3-Oct-13,0.361,0.384
4-Oct-13,0.381,0.326
5-Oct-13,0.328,0.355
6-Oct-13,0.329,0.358
7-Oct-13,0.33,0.362
8-Oct-13,0.34,0.376
9-Oct-13,0.34,0.37
10-Oct-13,0.339,0.373
11-Oct-13,0.337,0.371
12-Oct-13,0.336,0.375
13-Oct-13,0.335,0.38
14-Oct-13,0.334,0.385
15-Oct-13,0.333,0.429
16-Oct-13,0.334,0.437
17-Oct-13,0.336,0.447
18-Oct-13,0.337,0.459
19-Oct-13,0.337,0.467
20-Oct-13,0.338,0.477
21-Oct-13,0.345,0.501
22-Oct-13,0.346,0.514
23-Oct-13,0.346,0.529
24-Oct-13,0.315,0.516
25-Oct-13,,
26-Oct-13,,
27-Oct-13,,
28-Oct-13,,
29-Oct-13,,
30-Oct-13,,
31-Oct-13,,
1-Nov-13,,
2-Nov-13,,
3-Nov-13,,
4-Nov-13,,
5-Nov-13,,
6-Nov-13,,
7-Nov-13,,
8-Nov-13,,
9-Nov-13,,
10-Nov-13,,
11-Nov-13,,
12-Nov-13,,
13-Nov-13,,
14-Nov-13,,
15-Nov-13,,
16-Nov-13,,
17-Nov-13,,
18-Nov-13,,
19-Nov-13,,
20-Nov-13,,
21-Nov-13,,
22-Nov-13,,
23-Nov-13,,
24-Nov-13,,
25-Nov-13,,
26-Nov-13,,
27-Nov-13,,
28-Nov-13,,
29-Nov-13,,
30-Nov-13,,
1-Dec-13,,
2-Dec-13,,
3-Dec-13,,
4-Dec-13,,
5-Dec-13,,
6-Dec-13,,
7-Dec-13,,
8-Dec-13,,
9-Dec-13,,
10-Dec-13,,
11-Dec-13,,
12-Dec-13,,
13-Dec-13,,
14-Dec-13,,
15-Dec-13,,
16-Dec-13,,
17-Dec-13,,
18-Dec-13,,
19-Dec-13,,
20-Dec-13,,
21-Dec-13,,
22-Dec-13,,
23-Dec-13,,
24-Dec-13,,
25-Dec-13,,
26-Dec-13,,
27-Dec-13,,
28-Dec-13,,
29-Dec-13,,
30-Dec-13,,
31-Dec-13,,
1-Jan-14,,
2-Jan-14,,
3-Jan-14,,
4-Jan-14,,
5-Jan-14,,
6-Jan-14,,
7-Jan-14,,
8-Jan-14,,
9-Jan-14,,
10-Jan-14,,
11-Jan-14,,
12-Jan-14,,
13-Jan-14,,
14-Jan-14,,
15-Jan-14,,
16-Jan-14,,
17-Jan-14,,
18-Jan-14,,
19-Jan-14,,
20-Jan-14,,
21-Jan-14,,
22-Jan-14,,
23-Jan-14,,
24-Jan-14,,
25-Jan-14,,
26-Jan-14,,
27-Jan-14,,
28-Jan-14,,
29-Jan-14,,
30-Jan-14,,
31-Jan-14,,
1-Feb-14,,
2-Feb-14,,
3-Feb-14,,
4-Feb-14,,
5-Feb-14,,
6-Feb-14,,
7-Feb-14,,
8-Feb-14,,
9-Feb-14,,
10-Feb-14,,
11-Feb-14,,
12-Feb-14,,
13-Feb-14,,
14-Feb-14,,
15-Feb-14,,
16-Feb-14,,
17-Feb-14,-0.042,-0.049
18-Feb-14,-0.04,-0.048
19-Feb-14,-0.04,-0.047
20-Feb-14,-0.039,-0.047
21-Feb-14,-0.04,-0.046
22-Feb-14,-0.059,-0.046
23-Feb-14,-0.061,-0.045
24-Feb-14,-0.06,-0.045
25-Feb-14,-0.059,-0.044
26-Feb-14,-0.058,-0.044
27-Feb-14,-0.058,-0.063
28-Feb-14,-0.084,-0.064
1-Mar-14,-0.059,-0.063
2-Mar-14,-0.058,-0.063
3-Mar-14,-0.057,-0.066
4-Mar-14,-0.057,-0.06
5-Mar-14,-0.053,-0.038
6-Mar-14,-0.057,-0.037
7-Mar-14,-0.083,-0.191
8-Mar-14,-0.053,-0.171
9-Mar-14,-0.058,-0.168
10-Mar-14,-0.057,-0.162
11-Mar-14,-0.056,-0.157
12-Mar-14,-0.056,-0.153
13-Mar-14,-0.056,-0.148
14-Mar-14,-0.054,-0.145
15-Mar-14,-0.05,-0.138
16-Mar-14,-0.053,-0.136
17-Mar-14,-0.038,-0.037
18-Mar-14,-0.038,-0.037
19-Mar-14,-0.036,-0.035
20-Mar-14,-0.041,-0.095
21-Mar-14,-0.041,-0.093
22-Mar-14,-0.041,-0.089
23-Mar-14,-0.034,-0.038
24-Mar-14,-0.034,-0.057
25-Mar-14,-0.034,-0.054
26-Mar-14,-0.035,-0.033
27-Mar-14,-0.034,-0.033
28-Mar-14,-0.035,-0.033
29-Mar-14,-0.035,-0.033
30-Mar-14,-0.035,-0.032
31-Mar-14,-0.036,-0.034
1-Apr-14,-0.036,-0.034
2-Apr-14,-0.035,-0.033
3-Apr-14,-0.034,-0.032
4-Apr-14,-0.035,-0.032
5-Apr-14,-0.033,-0.032
6-Apr-14,-0.033,-0.032
7-Apr-14,-0.033,-0.032
8-Apr-14,-0.034,-0.032
9-Apr-14,-0.033,-0.032
10-Apr-14,-0.034,-0.032
11-Apr-14,-0.033,-0.032
12-Apr-14,-0.033,-0.032
13-Apr-14,-0.035,-0.034
14-Apr-14,-0.038,-0.035
15-Apr-14,-0.039,-0.036
16-Apr-14,-0.04,-0.036
17-Apr-14,-0.04,-0.036
18-Apr-14,-0.044,-0.052
19-Apr-14,-0.045,-0.053
20-Apr-14,-0.045,-0.055
21-Apr-14,-0.046,-0.055
22-Apr-14,-0.045,-0.053
23-Apr-14,-0.045,-0.053
24-Apr-14,-0.046,-0.052
25-Apr-14,-0.045,-0.051
26-Apr-14,-0.051,-0.055
27-Apr-14,-0.054,-0.057
28-Apr-14,-0.054,-0.056
29-Apr-14,-0.053,-0.055
30-Apr-14,-0.053,-0.056
1-May-14,-0.054,-0.057
2-May-14,-0.056,-0.058
3-May-14,-0.056,-0.059
4-May-14,-0.061,-0.065
5-May-14,-0.061,-0.065
6-May-14,-0.061,-0.063
7-May-14,-0.062,-0.065
8-May-14,-0.065,-0.07
9-May-14,-0.066,-0.069
10-May-14,-0.067,-0.069
11-May-14,-0.067,-0.072
12-May-14,-0.062,-0.067
13-May-14,-0.06,-0.06
14-May-14,-0.058,-0.063
15-May-14,-0.061,-0.07
16-May-14,-0.062,-0.09
17-May-14,-0.062,-0.09
18-May-14,-0.062,-0.09
19-May-14,-0.06,-0.081
20-May-14,-0.044,-0.054
21-May-14,-0.031,-0.032
22-May-14,-0.028,-0.034
23-May-14,-0.013,
24-May-14,0.045,
25-May-14,0.045,
26-May-14,0.046,
27-May-14,-0.006,0.033
28-May-14,-0.032,0.054
29-May-14,-0.025,-0.043
30-May-14,-0.035,-0.126
31-May-14,0.059,0.077
1-Jun-14,0.102,0.164
2-Jun-14,0.113,0.163
3-Jun-14,0.137,0.17
4-Jun-14,0.121,0.212
5-Jun-14,0.121,0.029
6-Jun-14,0.165,0.226
7-Jun-14,0.184,0.227
8-Jun-14,0.241,0.248
9-Jun-14,0.269,0.231
10-Jun-14,0.294,0.259
11-Jun-14,0.292,0.261
12-Jun-14,0.307,0.304
13-Jun-14,0.314,0.304
14-Jun-14,0.306,0.305
15-Jun-14,0.323,0.316
16-Jun-14,0.36,0.35
17-Jun-14,0.388,0.368
18-Jun-14,0.389,0.366
19-Jun-14,0.396,0.368
20-Jun-14,0.419,0.388
21-Jun-14,0.417,0.388
22-Jun-14,0.431,0.402
23-Jun-14,0.445,0.415
24-Jun-14,0.465,0.44
25-Jun-14,0.481,0.46
26-Jun-14,0.5,0.477
27-Jun-14,0.501,0.479
28-Jun-14,0.502,0.48
29-Jun-14,0.517,0.491
30-Jun-14,0.518,0.492
1-Jul-14,0.525,0.497
2-Jul-14,0.544,0.503
3-Jul-14,0.555,0.509
4-Jul-14,0.567,0.52
5-Jul-14,0.568,0.522
6-Jul-14,0.578,0.531
7-Jul-14,0.578,0.524
8-Jul-14,0.584,0.532
9-Jul-14,0.588,0.536
10-Jul-14,0.593,0.541
11-Jul-14,0.597,0.544
12-Jul-14,0.601,0.55
13-Jul-14,0.601,0.55
14-Jul-14,0.599,0.545
15-Jul-14,0.598,0.544
16-Jul-14,0.599,0.545
17-Jul-14,0.601,0.552
18-Jul-14,0.6,0.555
19-Jul-14,0.603,0.559
20-Jul-14,0.597,0.553
21-Jul-14,0.6,0.553
22-Jul-14,0.592,0.547
23-Jul-14,0.601,0.564
24-Jul-14,0.601,0.564
25-Jul-14,0.606,0.559
26-Jul-14,0.6,0.548
27-Jul-14,0.6,0.545
28-Jul-14,0.6,0.545
29-Jul-14,0.6,0.545
30-Jul-14,0.617,0.566
31-Jul-14,0.605,0.562
1-Aug-14,0.59,0.557
2-Aug-14,0.574,0.515
3-Aug-14,0.579,0.527
4-Aug-14,0.581,0.53
5-Aug-14,0.586,0.53
6-Aug-14,0.586,0.53
7-Aug-14,0.586,0.53
8-Aug-14,0.576,0.52
9-Aug-14,0.577,0.521
10-Aug-14,0.572,0.524
11-Aug-14,0.568,0.523
12-Aug-14,0.561,0.518
13-Aug-14,0.559,0.517
14-Aug-14,0.558,0.517
15-Aug-14,0.557,0.517
16-Aug-14,0.55,0.513
17-Aug-14,0.549,0.513
18-Aug-14,0.542,0.509
19-Aug-14,0.526,0.496
20-Aug-14,0.509,0.476
21-Aug-14,0.506,0.479
22-Aug-14,0.502,0.472
23-Aug-14,0.502,0.472
24-Aug-14,0.504,0.473
25-Aug-14,0.504,0.473
26-Aug-14,0.5,0.459
27-Aug-14,0.499,0.459
28-Aug-14,0.497,0.456
29-Aug-14,0.487,0.452
30-Aug-14,0.488,0.452
31-Aug-14,0.48,0.446
1-Sep-14,0.474,0.439
2-Sep-14,0.47,0.428
3-Sep-14,0.47,0.428
4-Sep-14,0.453,0.411
5-Sep-14,0.429,0.379
6-Sep-14,0.425,0.373
7-Sep-14,0.42,0.378
8-Sep-14,0.42,0.379
9-Sep-14,0.42,0.379
10-Sep-14,0.421,0.38
11-Sep-14,0.42,0.381
12-Sep-14,0.42,0.382
13-Sep-14,0.421,0.384
14-Sep-14,0.421,0.386
15-Sep-14,0.422,0.387
16-Sep-14,0.416,0.377
17-Sep-14,0.401,0.361
18-Sep-14,0.389,0.342
19-Sep-14,0.392,0.344
20-Sep-14,0.393,0.346
21-Sep-14,0.384,0.313
22-Sep-14,0.383,0.322
23-Sep-14,0.383,0.33
24-Sep-14,0.384,0.332
25-Sep-14,0.387,0.336
26-Sep-14,0.389,0.34
27-Sep-14,0.389,0.344
28-Sep-14,0.39,0.348
29-Sep-14,0.391,0.351
30-Sep-14,0.392,0.355
1-Oct-14,0.393,0.357
2-Oct-14,0.394,0.36
3-Oct-14,0.391,0.389
4-Oct-14,0.392,0.392
5-Oct-14,-0.021,-0.008
6-Oct-14,-0.021,-0.008
7-Oct-14,-0.021,-0.008
8-Oct-14,-0.019,-0.008
9-Oct-14,-0.019,-0.008
10-Oct-14,-0.021,-0.008
11-Oct-14,-0.025,-0.009
12-Oct-14,-0.027,-0.009
13-Oct-14,-0.023,-0.008
14-Oct-14,-0.019,-0.009
15-Oct-14,-0.018,-0.009
16-Oct-14,-0.018,-0.009
17-Oct-14,-0.023,-0.01
18-Oct-14,-0.032,
19-Oct-14,-0.033,
20-Oct-14,-0.029,
21-Oct-14,-0.04,
22-Oct-14,-0.04,
23-Oct-14,-0.04,
24-Oct-14,-0.065,
25-Oct-14,-0.066,
26-Oct-14,-0.067,
27-Oct-14,,
28-Oct-14,,
29-Oct-14,,
30-Oct-14,,
31-Oct-14,,
1-Nov-14,,
2-Nov-14,,
3-Nov-14,,
4-Nov-14,,
5-Nov-14,,
6-Nov-14,,
7-Nov-14,,
8-Nov-14,,
9-Nov-14,,
10-Nov-14,,
11-Nov-14,,
12-Nov-14,,
13-Nov-14,,
14-Nov-14,,
15-Nov-14,,
16-Nov-14,,
17-Nov-14,,
18-Nov-14,,
19-Nov-14,,
20-Nov-14,,
21-Nov-14,,
22-Nov-14,,
23-Nov-14,,
24-Nov-14,,
25-Nov-14,,
26-Nov-14,,
27-Nov-14,,
28-Nov-14,,
29-Nov-14,,
30-Nov-14,,
1-Dec-14,,
2-Dec-14,,
3-Dec-14,,
4-Dec-14,,
5-Dec-14,,
6-Dec-14,,
7-Dec-14,,
8-Dec-14,,
9-Dec-14,,
10-Dec-14,,
11-Dec-14,,
12-Dec-14,,
13-Dec-14,,
14-Dec-14,,
15-Dec-14,,
16-Dec-14,,
17-Dec-14,,
18-Dec-14,,
19-Dec-14,,
20-Dec-14,,
21-Dec-14,,
22-Dec-14,,
23-Dec-14,,
24-Dec-14,,
25-Dec-14,,
26-Dec-14,,
27-Dec-14,,
28-Dec-14,,
29-Dec-14,,
30-Dec-14,,
31-Dec-14,,
1-Jan-15,,
2-Jan-15,,
3-Jan-15,,
4-Jan-15,,
5-Jan-15,,
6-Jan-15,,
7-Jan-15,,
8-Jan-15,,
9-Jan-15,,
10-Jan-15,,
11-Jan-15,,
12-Jan-15,,
13-Jan-15,,
14-Jan-15,,
15-Jan-15,,
16-Jan-15,,
17-Jan-15,,
18-Jan-15,,
19-Jan-15,,
20-Jan-15,,
21-Jan-15,,
22-Jan-15,,
23-Jan-15,,
24-Jan-15,,
25-Jan-15,,
26-Jan-15,,
27-Jan-15,,
28-Jan-15,,
29-Jan-15,,
30-Jan-15,,
31-Jan-15,,
1-Feb-15,,
2-Feb-15,,
3-Feb-15,,
4-Feb-15,,
5-Feb-15,,
6-Feb-15,,
7-Feb-15,,
8-Feb-15,,
9-Feb-15,,
10-Feb-15,,
11-Feb-15,,
12-Feb-15,,
13-Feb-15,,
14-Feb-15,-0.063,
15-Feb-15,-0.087,-0.12
16-Feb-15,-0.096,-0.124
17-Feb-15,-0.046,-0.057
18-Feb-15,-0.039,-0.056
19-Feb-15,-0.033,-0.047
20-Feb-15,-0.033,-0.047
21-Feb-15,-0.033,-0.046
22-Feb-15,-0.039,-0.039
23-Feb-15,-0.04,-0.009
24-Feb-15,-0.037,0.008
25-Feb-15,-0.031,-0.045
26-Feb-15,-0.037,-0.019
27-Feb-15,-0.037,-0.019
28-Feb-15,-0.032,-0.001
1-Mar-15,-0.051,-0.151
2-Mar-15,-0.033,-0.01
3-Mar-15,-0.033,-0.037
4-Mar-15,-0.032,-0.037
5-Mar-15,-0.031,-0.019
6-Mar-15,-0.031,-0.02
7-Mar-15,-0.031,-0.022
8-Mar-15,-0.048,-0.159
9-Mar-15,-0.047,-0.152
10-Mar-15,-0.045,-0.144
11-Mar-15,-0.045,-0.152
12-Mar-15,-0.047,-0.142
13-Mar-15,-0.029,-0.035
14-Mar-15,-0.036,-0.035
15-Mar-15,-0.034,-0.028
16-Mar-15,-0.034,-0.036
17-Mar-15,-0.033,-0.035
18-Mar-15,-0.034,-0.036
19-Mar-15,-0.034,-0.036
20-Mar-15,-0.034,-0.036
21-Mar-15,-0.035,-0.036
22-Mar-15,-0.035,-0.036
23-Mar-15,-0.034,-0.035
24-Mar-15,-0.034,-0.034
25-Mar-15,-0.034,-0.035
26-Mar-15,-0.035,-0.035
27-Mar-15,-0.034,-0.034
28-Mar-15,-0.032,-0.034
29-Mar-15,-0.034,-0.034
30-Mar-15,-0.033,-0.034
31-Mar-15,-0.035,-0.033
1-Apr-15,-0.033,-0.033
2-Apr-15,-0.033,-0.033
3-Apr-15,-0.033,-0.033
4-Apr-15,-0.034,-0.033
5-Apr-15,-0.034,-0.034
6-Apr-15,-0.034,-0.034
7-Apr-15,-0.033,-0.034
8-Apr-15,-0.033,-0.035
9-Apr-15,-0.034,-0.035
10-Apr-15,-0.034,-0.036
11-Apr-15,-0.032,-0.033
12-Apr-15,-0.032,-0.033
13-Apr-15,-0.032,-0.033
14-Apr-15,-0.032,-0.034
15-Apr-15,-0.034,-0.037
16-Apr-15,-0.038,-0.037
17-Apr-15,-0.042,-0.038
18-Apr-15,-0.044,-0.041
19-Apr-15,-0.045,-0.042
20-Apr-15,-0.045,-0.042
21-Apr-15,-0.046,-0.042
22-Apr-15,-0.046,-0.042
23-Apr-15,-0.046,-0.042
24-Apr-15,-0.046,-0.042
25-Apr-15,-0.046,-0.042
26-Apr-15,-0.046,-0.043
27-Apr-15,-0.046,-0.043
28-Apr-15,-0.046,-0.043
29-Apr-15,-0.047,-0.044
30-Apr-15,-0.047,-0.045
1-May-15,-0.049,-0.046
2-May-15,-0.049,-0.048
3-May-15,-0.049,-0.048
4-May-15,-0.049,-0.049
5-May-15,-0.05,-0.05
6-May-15,-0.049,-0.051
7-May-15,-0.049,-0.052
8-May-15,-0.051,-0.056
9-May-15,-0.052,-0.056
10-May-15,-0.052,-0.056
11-May-15,-0.049,-0.056
12-May-15,-0.049,-0.057
13-May-15,-0.058,-0.081
14-May-15,-0.055,-0.077
15-May-15,-0.045,-0.057
16-May-15,-0.013,-0.057
17-May-15,0.022,-0.045
18-May-15,0.054,0.081
19-May-15,0.056,0.131
20-May-15,0.106,0.164
21-May-15,0.116,0.177
22-May-15,0.114,0.178
23-May-15,0.114,0.178
24-May-15,0.113,0.177
25-May-15,0.122,0.177
26-May-15,0.109,0.168
27-May-15,0.113,0.154
28-May-15,0.114,0.154
29-May-15,0.109,0.154
30-May-15,0.109,0.154
31-May-15,0.097,0.16
1-Jun-15,0.224,0.224
2-Jun-15,0.293,0.286
3-Jun-15,0.307,0.285
4-Jun-15,0.311,0.288
5-Jun-15,0.315,0.301
6-Jun-15,0.325,0.32
7-Jun-15,0.329,0.32
8-Jun-15,0.329,0.32
9-Jun-15,0.329,0.32
10-Jun-15,0.343,0.337
11-Jun-15,0.345,0.335
12-Jun-15,0.345,0.336
13-Jun-15,0.34,0.339
14-Jun-15,0.372,0.366
15-Jun-15,0.381,0.375
16-Jun-15,0.383,0.376
17-Jun-15,0.407,0.403
18-Jun-15,0.422,0.415
19-Jun-15,0.434,0.425
20-Jun-15,0.435,0.427
21-Jun-15,0.44,0.429
22-Jun-15,0.455,0.447
23-Jun-15,0.472,0.445
24-Jun-15,0.473,0.446
25-Jun-15,0.482,0.447
26-Jun-15,0.492,0.454
27-Jun-15,0.507,0.465
28-Jun-15,0.508,0.464
29-Jun-15,0.503,0.445
30-Jun-15,0.508,0.451
1-Jul-15,0.52,0.462
2-Jul-15,0.521,0.462
3-Jul-15,0.537,0.473
4-Jul-15,0.538,0.474
5-Jul-15,0.54,0.475
6-Jul-15,0.54,0.475
7-Jul-15,0.542,0.467
8-Jul-15,0.538,0.467
9-Jul-15,0.547,0.484
10-Jul-15,0.553,0.477
11-Jul-15,0.544,0.475
12-Jul-15,0.543,0.474
13-Jul-15,0.543,0.474
14-Jul-15,0.543,0.487
15-Jul-15,0.551,0.525
16-Jul-15,0.544,0.511
17-Jul-15,0.545,0.512
18-Jul-15,0.545,0.513
19-Jul-15,0.545,0.513
20-Jul-15,0.545,0.512
21-Jul-15,0.546,0.516
22-Jul-15,0.546,0.516
23-Jul-15,0.519,0.466
24-Jul-15,0.571,0.53
25-Jul-15,0.582,0.553
26-Jul-15,0.556,0.484
27-Jul-15,0.557,0.485
28-Jul-15,0.558,0.486
29-Jul-15,0.559,0.487
30-Jul-15,0.561,0.497
31-Jul-15,0.555,0.49
1-Aug-15,0.559,0.488
2-Aug-15,0.559,0.488
3-Aug-15,0.552,0.481
4-Aug-15,0.552,0.481
5-Aug-15,0.552,0.481
6-Aug-15,0.552,0.483
7-Aug-15,0.552,0.482
8-Aug-15,0.552,0.482
9-Aug-15,0.551,0.476
10-Aug-15,0.551,0.476
11-Aug-15,0.551,0.477
12-Aug-15,0.551,0.477
13-Aug-15,0.552,0.477
14-Aug-15,0.544,0.48
15-Aug-15,0.536,0.484
16-Aug-15,0.508,0.465
17-Aug-15,0.491,0.466
18-Aug-15,0.471,0.451
19-Aug-15,0.465,0.455
20-Aug-15,0.465,0.455
21-Aug-15,0.464,0.45
22-Aug-15,0.455,0.443
23-Aug-15,0.455,0.441
24-Aug-15,0.456,0.441
25-Aug-15,0.456,0.44
26-Aug-15,0.457,0.44
27-Aug-15,0.458,0.44
28-Aug-15,0.459,0.44
29-Aug-15,0.459,0.432
30-Aug-15,0.441,0.425
31-Aug-15,0.41,0.396
1-Sep-15,0.408,0.394
2-Sep-15,0.407,0.393
3-Sep-15,0.365,0.408
4-Sep-15,0.364,0.406
5-Sep-15,0.364,0.405
6-Sep-15,0.337,0.383
7-Sep-15,0.35,0.393
8-Sep-15,0.351,0.391
9-Sep-15,0.351,0.389
10-Sep-15,0.337,0.36
11-Sep-15,0.337,0.358
12-Sep-15,0.337,0.355
13-Sep-15,0.338,0.352
14-Sep-15,0.337,0.331
15-Sep-15,0.348,0.392
16-Sep-15,0.346,0.385
17-Sep-15,0.344,0.378
18-Sep-15,0.391,0.37
19-Sep-15,0.37,0.372
20-Sep-15,0.37,0.371
21-Sep-15,0.371,0.372
22-Sep-15,0.377,0.38
23-Sep-15,0.388,0.382
24-Sep-15,0.388,0.381
25-Sep-15,0.389,0.381
26-Sep-15,0.396,0.397
27-Sep-15,0.396,0.395
28-Sep-15,0.396,0.392
29-Sep-15,0.164,0.39
30-Sep-15,0.002,-0.016
1-Oct-15,-0.01,-0.016
2-Oct-15,-0.011,-0.016
3-Oct-15,-0.011,-0.016
4-Oct-15,-0.015,-0.01
5-Oct-15,-0.012,-0.007
6-Oct-15,-0.014,-0.014
7-Oct-15,-0.014,-0.014
8-Oct-15,-0.013,-0.013
9-Oct-15,-0.013,-0.013
10-Oct-15,-0.014,-0.014
11-Oct-15,-0.014,-0.014
12-Oct-15,-0.011,-0.012
13-Oct-15,-0.01,-0.012
14-Oct-15,-0.011,-0.013
15-Oct-15,-0.014,-0.017
16-Oct-15,-0.012,-0.017
17-Oct-15,-0.007,-0.015
18-Oct-15,-0.007,-0.015
19-Oct-15,-0.006,-0.014
20-Oct-15,-0.019,
21-Oct-15,-0.021,
22-Oct-15,-0.022,
23-Oct-15,-0.024,
24-Oct-15,-0.092,
25-Oct-15,-0.092,
26-Oct-15,,
27-Oct-15,,
28-Oct-15,,
29-Oct-15,,
30-Oct-15,,
31-Oct-15,,
1-Nov-15,,
2-Nov-15,,
3-Nov-15,,
4-Nov-15,,
5-Nov-15,,
6-Nov-15,,
7-Nov-15,,
8-Nov-15,,
9-Nov-15,,
10-Nov-15,,
11-Nov-15,,
12-Nov-15,,
13-Nov-15,,
14-Nov-15,,
15-Nov-15,,
16-Nov-15,,
17-Nov-15,,
18-Nov-15,,
19-Nov-15,,
20-Nov-15,,
21-Nov-15,,
22-Nov-15,,
23-Nov-15,,
24-Nov-15,,
25-Nov-15,,
26-Nov-15,,
27-Nov-15,,
28-Nov-15,,
29-Nov-15,,
30-Nov-15,,
1-Dec-15,,
2-Dec-15,,
3-Dec-15,,
4-Dec-15,,
5-Dec-15,,
6-Dec-15,,
7-Dec-15,,
8-Dec-15,,
9-Dec-15,,
10-Dec-15,,
11-Dec-15,,
12-Dec-15,,
13-Dec-15,,
14-Dec-15,,
15-Dec-15,,
16-Dec-15,,
17-Dec-15,,
18-Dec-15,,
19-Dec-15,,
20-Dec-15,,
21-Dec-15,,
22-Dec-15,,
23-Dec-15,,
24-Dec-15,,
25-Dec-15,,
26-Dec-15,,
27-Dec-15,,
28-Dec-15,,
29-Dec-15,,
30-Dec-15,,
31-Dec-15,,
1-Jan-16,,
2-Jan-16,,
3-Jan-16,,
4-Jan-16,,
5-Jan-16,,
6-Jan-16,,
7-Jan-16,,
8-Jan-16,,
9-Jan-16,,
10-Jan-16,,
11-Jan-16,,
12-Jan-16,,
13-Jan-16,,
14-Jan-16,,
15-Jan-16,,
16-Jan-16,,
17-Jan-16,,
18-Jan-16,,
19-Jan-16,,
20-Jan-16,,
21-Jan-16,,
22-Jan-16,,
23-Jan-16,,
24-Jan-16,,
25-Jan-16,,
26-Jan-16,,
27-Jan-16,,
28-Jan-16,,
29-Jan-16,,
30-Jan-16,,
31-Jan-16,,
1-Feb-16,,
2-Feb-16,,
3-Feb-16,,
4-Feb-16,,
5-Feb-16,,
6-Feb-16,,
7-Feb-16,,
8-Feb-16,,
9-Feb-16,,
10-Feb-16,,
11-Feb-16,,
12-Feb-16,,
13-Feb-16,,
14-Feb-16,,
15-Feb-16,-0.032,
16-Feb-16,-0.041,
17-Feb-16,-0.041,
18-Feb-16,-0.036,-0.056
19-Feb-16,-0.046,-0.049
20-Feb-16,-0.049,-0.05
21-Feb-16,-0.051,-0.05
22-Feb-16,-0.051,-0.052
23-Feb-16,-0.052,-0.048
24-Feb-16,-0.051,-0.048
25-Feb-16,-0.051,-0.051
26-Feb-16,-0.05,-0.047
27-Feb-16,-0.05,-0.047
28-Feb-16,-0.05,-0.046
29-Feb-16,-0.05,-0.046
1-Mar-16,-0.051,-0.05
2-Mar-16,-0.049,-0.048
3-Mar-16,-0.049,-0.048
4-Mar-16,-0.053,-0.048
5-Mar-16,-0.054,-0.048
6-Mar-16,-0.049,-0.047
7-Mar-16,-0.049,-0.047
8-Mar-16,-0.049,-0.047
9-Mar-16,-0.051,-0.051
10-Mar-16,-0.051,-0.05
11-Mar-16,-0.05,-0.052
12-Mar-16,-0.051,-0.052
13-Mar-16,-0.049,-0.05
14-Mar-16,-0.049,-0.049
15-Mar-16,-0.048,-0.049
16-Mar-16,-0.046,-0.049
17-Mar-16,-0.042,-0.048
18-Mar-16,-0.043,-0.047
19-Mar-16,-0.042,-0.047
20-Mar-16,-0.041,-0.046
21-Mar-16,-0.041,-0.045
22-Mar-16,-0.038,-0.046
23-Mar-16,-0.038,-0.045
24-Mar-16,-0.039,-0.045
25-Mar-16,-0.041,-0.043
26-Mar-16,-0.038,-0.042
27-Mar-16,-0.039,-0.036
28-Mar-16,-0.04,-0.041
29-Mar-16,-0.039,-0.042
30-Mar-16,-0.039,-0.042
31-Mar-16,-0.039,-0.042
1-Apr-16,-0.04,-0.042
2-Apr-16,-0.04,-0.042
3-Apr-16,-0.038,-0.036
4-Apr-16,-0.038,-0.035
5-Apr-16,-0.039,-0.045
6-Apr-16,-0.039,-0.045
7-Apr-16,-0.04,-0.045
8-Apr-16,-0.039,-0.045
9-Apr-16,-0.04,-0.049
10-Apr-16,-0.04,-0.038
11-Apr-16,-0.04,-0.038
12-Apr-16,-0.041,-0.04
13-Apr-16,-0.041,-0.037
14-Apr-16,-0.041,-0.054
15-Apr-16,-0.041,-0.054
16-Apr-16,-0.041,-0.054
17-Apr-16,-0.041,-0.04
18-Apr-16,-0.04,-0.043
19-Apr-16,-0.043,-0.039
20-Apr-16,-0.042,-0.044
21-Apr-16,-0.043,-0.044
22-Apr-16,-0.044,-0.044
23-Apr-16,-0.044,-0.039
24-Apr-16,-0.044,-0.04
25-Apr-16,-0.043,-0.04
26-Apr-16,-0.043,-0.04
27-Apr-16,-0.044,-0.04
28-Apr-16,-0.043,-0.042
29-Apr-16,-0.05,-0.05
30-Apr-16,-0.055,-0.056
1-May-16,-0.058,-0.059
2-May-16,-0.065,-0.067
3-May-16,-0.068,-0.068
4-May-16,-0.067,-0.07
5-May-16,-0.067,-0.07
6-May-16,-0.076,-0.082
7-May-16,-0.079,-0.083
8-May-16,-0.08,-0.083
9-May-16,-0.08,-0.083
10-May-16,-0.08,-0.083
11-May-16,-0.08,-0.084
12-May-16,-0.078,-0.082
13-May-16,-0.078,-0.076
14-May-16,-0.078,-0.068
15-May-16,-0.078,-0.054
16-May-16,-0.068,-0.062
17-May-16,-0.066,-0.061
18-May-16,-0.045,-0.049
19-May-16,-0.027,-0.033
20-May-16,0.041,-0.033
21-May-16,0.064,-0.012
22-May-16,0.076,0.021
23-May-16,0.104,0.097
24-May-16,0.104,0.097
25-May-16,0.103,0.187
26-May-16,0.104,0.188
27-May-16,0.104,0.189
28-May-16,0.156,0.214
29-May-16,0.194,0.215
30-May-16,0.232,0.229
31-May-16,0.256,0.235
1-Jun-16,0.256,0.235
2-Jun-16,0.256,0.236
3-Jun-16,0.255,0.236
4-Jun-16,0.264,0.249
5-Jun-16,0.262,0.238
6-Jun-16,0.278,0.25
7-Jun-16,0.278,0.25
8-Jun-16,0.283,0.253
9-Jun-16,0.283,0.253
10-Jun-16,0.293,0.261
11-Jun-16,0.315,0.285
12-Jun-16,0.315,0.286
13-Jun-16,0.323,0.302
14-Jun-16,0.318,0.302
15-Jun-16,0.319,0.304
16-Jun-16,0.362,0.344
17-Jun-16,0.375,0.348
18-Jun-16,0.384,0.35
19-Jun-16,0.399,0.362
20-Jun-16,0.414,0.375
21-Jun-16,0.421,0.388
22-Jun-16,0.437,0.397
23-Jun-16,0.443,0.4
24-Jun-16,0.439,0.395
25-Jun-16,0.446,0.4
26-Jun-16,0.449,0.402
27-Jun-16,0.465,0.409
28-Jun-16,0.47,0.413
29-Jun-16,0.473,0.415
30-Jun-16,0.474,0.416
1-Jul-16,0.474,0.417
2-Jul-16,0.48,0.419
3-Jul-16,0.486,0.422
4-Jul-16,0.488,0.426
5-Jul-16,0.49,0.435
6-Jul-16,0.496,0.439
7-Jul-16,0.503,0.451
8-Jul-16,0.512,0.466
9-Jul-16,0.516,0.453
10-Jul-16,0.529,0.477
11-Jul-16,0.527,0.467
12-Jul-16,0.527,0.467
13-Jul-16,0.531,0.478
14-Jul-16,0.535,0.481
15-Jul-16,0.536,0.482
16-Jul-16,0.537,0.486
17-Jul-16,0.546,0.492
18-Jul-16,0.539,0.487
19-Jul-16,0.53,0.466
20-Jul-16,0.537,0.472
21-Jul-16,0.555,0.491
22-Jul-16,0.56,0.488
23-Jul-16,0.561,0.485
24-Jul-16,0.56,0.483
25-Jul-16,0.558,0.48
26-Jul-16,0.56,0.48
27-Jul-16,0.561,0.482
28-Jul-16,0.562,0.482
29-Jul-16,0.561,0.484
30-Jul-16,0.577,0.504
31-Jul-16,0.581,0.512
1-Aug-16,0.589,0.52
2-Aug-16,0.591,0.521
3-Aug-16,0.596,0.526
4-Aug-16,0.605,0.544
5-Aug-16,0.604,0.541
6-Aug-16,0.606,0.541
7-Aug-16,0.611,0.546
8-Aug-16,0.611,0.546
9-Aug-16,0.611,0.546
10-Aug-16,0.617,0.553
11-Aug-16,0.604,0.543
12-Aug-16,0.604,0.543
13-Aug-16,0.604,0.542
14-Aug-16,0.603,0.542
15-Aug-16,0.574,0.525
16-Aug-16,0.557,0.497
17-Aug-16,0.524,0.491
18-Aug-16,0.525,0.49
19-Aug-16,0.525,0.491
20-Aug-16,0.518,0.484
21-Aug-16,0.518,0.478
22-Aug-16,0.519,0.48
23-Aug-16,0.52,0.481
24-Aug-16,0.51,0.468
25-Aug-16,0.508,0.47
26-Aug-16,0.508,0.471
27-Aug-16,0.504,0.47
28-Aug-16,0.505,0.471
29-Aug-16,0.506,0.472
30-Aug-16,0.506,0.473
31-Aug-16,0.507,0.474
1-Sep-16,0.508,0.474
2-Sep-16,0.503,0.463
3-Sep-16,0.494,0.466
4-Sep-16,0.496,0.468
5-Sep-16,0.502,0.474
6-Sep-16,0.48,0.447
7-Sep-16,0.483,0.449
8-Sep-16,0.485,0.451
9-Sep-16,0.503,0.529
10-Sep-16,0.354,0.386
11-Sep-16,0.356,0.388
12-Sep-16,0.395,0.434
13-Sep-16,0.398,0.435
14-Sep-16,0.4,0.436
15-Sep-16,0.403,0.437
16-Sep-16,0.373,0.44
17-Sep-16,0.375,0.437
18-Sep-16,0.402,0.382
19-Sep-16,0.408,0.393
20-Sep-16,0.411,0.398
21-Sep-16,0.414,0.403
22-Sep-16,0.417,0.407
23-Sep-16,0.42,0.412
24-Sep-16,0.423,0.416
25-Sep-16,0.429,0.423
26-Sep-16,0.429,0.426
27-Sep-16,0.428,0.43
28-Sep-16,0.429,0.447
29-Sep-16,0.439,0.448
30-Sep-16,0.44,0.45
1-Oct-16,0.434,0.441
2-Oct-16,0.434,0.431
3-Oct-16,0.43,0.428
4-Oct-16,0.408,0.413
5-Oct-16,0.395,0.393
6-Oct-16,0.396,0.414
7-Oct-16,0.391,0.387
8-Oct-16,0.388,0.383
9-Oct-16,0.387,0.38
10-Oct-16,0.386,0.378
11-Oct-16,0.361,0.372
12-Oct-16,0.345,0.349
13-Oct-16,0.347,0.342
14-Oct-16,0.341,0.339
15-Oct-16,0.217,0.076
16-Oct-16,0.074,0.077
17-Oct-16,0.07,0.075
18-Oct-16,0.068,0.074
19-Oct-16,0.034,
20-Oct-16,0.03,
21-Oct-16,0.036,
22-Oct-16,0.037,
23-Oct-16,0.037,
24-Oct-16,0.037,
25-Oct-16,0.055,
26-Oct-16,0.056,
27-Oct-16,,
28-Oct-16,,
29-Oct-16,,
30-Oct-16,,
31-Oct-16,,
1-Nov-16,,
2-Nov-16,,
3-Nov-16,,
4-Nov-16,,
5-Nov-16,,
6-Nov-16,,
7-Nov-16,,
8-Nov-16,,
9-Nov-16,,
10-Nov-16,,
11-Nov-16,,
12-Nov-16,,
13-Nov-16,,
14-Nov-16,,
15-Nov-16,,
16-Nov-16,,
17-Nov-16,,
18-Nov-16,,
19-Nov-16,,
20-Nov-16,,
21-Nov-16,,
22-Nov-16,,
23-Nov-16,,
24-Nov-16,,
25-Nov-16,,
26-Nov-16,,
27-Nov-16,,
28-Nov-16,,
29-Nov-16,,
30-Nov-16,,
1-Dec-16,,
2-Dec-16,,
3-Dec-16,,
4-Dec-16,,
5-Dec-16,,
6-Dec-16,,
7-Dec-16,,
8-Dec-16,,
9-Dec-16,,
10-Dec-16,,
11-Dec-16,,
12-Dec-16,,
13-Dec-16,,
14-Dec-16,,
15-Dec-16,,
16-Dec-16,,
17-Dec-16,,
18-Dec-16,,
19-Dec-16,,
20-Dec-16,,
21-Dec-16,,
22-Dec-16,,
23-Dec-16,,
24-Dec-16,,
25-Dec-16,,
26-Dec-16,,
27-Dec-16,,
28-Dec-16,,
29-Dec-16,,
30-Dec-16,,
31-Dec-16,,
1-Jan-17,,
2-Jan-17,,
3-Jan-17,,
4-Jan-17,,
5-Jan-17,,
6-Jan-17,,
7-Jan-17,,
8-Jan-17,,
9-Jan-17,,
10-Jan-17,,
11-Jan-17,,
12-Jan-17,,
13-Jan-17,,
14-Jan-17,,
15-Jan-17,,
16-Jan-17,,
17-Jan-17,,
18-Jan-17,,
19-Jan-17,,
20-Jan-17,,
21-Jan-17,,
22-Jan-17,,
23-Jan-17,,
24-Jan-17,,
25-Jan-17,,
26-Jan-17,,
27-Jan-17,,
28-Jan-17,,
29-Jan-17,,
30-Jan-17,,
31-Jan-17,,
1-Feb-17,,
2-Feb-17,,
3-Feb-17,,
4-Feb-17,,
5-Feb-17,,
6-Feb-17,,
7-Feb-17,,
8-Feb-17,,
9-Feb-17,,
10-Feb-17,,
11-Feb-17,,
12-Feb-17,,
13-Feb-17,,
14-Feb-17,,
15-Feb-17,,
16-Feb-17,-0.037,-0.03
17-Feb-17,-0.037,-0.031
18-Feb-17,-0.038,-0.032
19-Feb-17,-0.038,-0.032
20-Feb-17,-0.038,-0.033
21-Feb-17,-0.039,-0.034
22-Feb-17,-0.039,-0.034
23-Feb-17,-0.039,-0.035
24-Feb-17,-0.039,-0.035
25-Feb-17,-0.035,-0.04
26-Feb-17,-0.035,-0.04
27-Feb-17,-0.035,-0.041
28-Feb-17,-0.036,-0.036
1-Mar-17,-0.035,-0.038
2-Mar-17,-0.035,-0.039
3-Mar-17,-0.037,-0.04
4-Mar-17,-0.035,0
5-Mar-17,-0.036,-0.002
6-Mar-17,-0.035,-0.037
7-Mar-17,-0.035,-0.037
8-Mar-17,-0.035,-0.038
9-Mar-17,-0.041,-0.034
10-Mar-17,-0.038,-0.034
11-Mar-17,-0.04,-0.034
12-Mar-17,-0.041,-0.034
13-Mar-17,-0.035,-0.03
14-Mar-17,-0.034,-0.031
15-Mar-17,-0.036,-0.031
16-Mar-17,-0.033,-0.032
17-Mar-17,-0.033,-0.032
18-Mar-17,-0.031,-0.033
19-Mar-17,-0.03,-0.032
20-Mar-17,-0.03,-0.032
21-Mar-17,-0.031,-0.032
22-Mar-17,-0.031,-0.034
23-Mar-17,-0.032,-0.034
24-Mar-17,-0.033,-0.034
25-Mar-17,-0.034,-0.031
26-Mar-17,-0.034,-0.032
27-Mar-17,-0.035,-0.033
28-Mar-17,-0.037,-0.036
29-Mar-17,-0.038,-0.038
30-Mar-17,-0.038,-0.036
31-Mar-17,-0.038,-0.037
1-Apr-17,-0.038,-0.037
2-Apr-17,-0.039,-0.037
3-Apr-17,-0.039,-0.036
4-Apr-17,-0.039,-0.036
5-Apr-17,-0.039,-0.036
6-Apr-17,-0.039,-0.036
7-Apr-17,-0.039,-0.035
8-Apr-17,-0.039,-0.036
9-Apr-17,-0.039,-0.036
10-Apr-17,-0.039,-0.036
11-Apr-17,-0.039,-0.035
12-Apr-17,-0.039,-0.035
13-Apr-17,-0.035,-0.031
14-Apr-17,-0.035,-0.031
15-Apr-17,-0.036,-0.031
16-Apr-17,-0.036,-0.031
17-Apr-17,-0.036,-0.027
18-Apr-17,-0.036,-0.028
19-Apr-17,-0.039,-0.035
20-Apr-17,-0.039,-0.035
21-Apr-17,-0.039,-0.035
22-Apr-17,-0.039,-0.035
23-Apr-17,-0.04,-0.036
24-Apr-17,-0.04,-0.033
25-Apr-17,-0.04,-0.033
26-Apr-17,-0.041,-0.033
27-Apr-17,-0.041,-0.038
28-Apr-17,-0.041,-0.038
29-Apr-17,-0.041,-0.038
30-Apr-17,-0.045,-0.038
1-May-17,-0.046,-0.039
2-May-17,-0.047,-0.04
3-May-17,-0.047,-0.04
4-May-17,-0.046,-0.04
5-May-17,-0.046,-0.041
6-May-17,-0.046,-0.041
7-May-17,-0.046,-0.041
8-May-17,-0.049,-0.043
9-May-17,-0.055,-0.054
10-May-17,-0.06,-0.055
11-May-17,-0.06,-0.056
12-May-17,-0.063,-0.053
13-May-17,-0.063,-0.054
14-May-17,-0.06,-0.054
15-May-17,-0.06,-0.054
16-May-17,-0.068,-0.057
17-May-17,-0.068,-0.056
18-May-17,-0.065,-0.056
19-May-17,-0.064,-0.054
20-May-17,-0.063,-0.053
21-May-17,-0.061,-0.053
22-May-17,-0.061,-0.053
23-May-17,-0.061,-0.043
24-May-17,-0.06,-0.043
25-May-17,-0.046,0.057
26-May-17,-0.046,0.131
27-May-17,-0.012,0.149
28-May-17,0.03,0.161
29-May-17,0.032,0.158
30-May-17,0.041,0.021
31-May-17,0.096,0.082
1-Jun-17,0.18,0.228
2-Jun-17,0.188,0.241
3-Jun-17,0.19,0.225
4-Jun-17,0.209,0.198
5-Jun-17,0.212,0.199
6-Jun-17,0.218,0.206
7-Jun-17,0.238,0.225
8-Jun-17,0.248,0.229
9-Jun-17,0.256,0.242
10-Jun-17,0.256,0.236
11-Jun-17,0.261,0.242
12-Jun-17,0.275,0.256
13-Jun-17,0.289,0.271
14-Jun-17,0.29,0.271
15-Jun-17,0.299,0.281
16-Jun-17,0.313,0.291
17-Jun-17,0.33,0.3
18-Jun-17,0.331,0.297
19-Jun-17,0.333,0.298
20-Jun-17,0.338,0.305
21-Jun-17,0.355,0.319
22-Jun-17,0.369,0.328
23-Jun-17,0.388,0.345
24-Jun-17,0.408,0.363
25-Jun-17,0.426,0.377
26-Jun-17,0.43,0.379
27-Jun-17,0.433,0.382
28-Jun-17,0.442,0.393
29-Jun-17,0.451,0.4
30-Jun-17,0.457,0.404
1-Jul-17,0.467,0.412
2-Jul-17,0.479,0.422
3-Jul-17,0.489,0.427
4-Jul-17,0.496,0.436
5-Jul-17,0.502,0.444
6-Jul-17,0.504,0.446
7-Jul-17,0.51,0.448
8-Jul-17,0.515,0.454
9-Jul-17,0.515,0.455
10-Jul-17,0.522,0.454
11-Jul-17,0.504,0.45
12-Jul-17,0.528,0.473
13-Jul-17,0.528,0.474
14-Jul-17,0.529,0.474
15-Jul-17,0.531,0.477
16-Jul-17,0.541,0.49
17-Jul-17,0.542,0.491
18-Jul-17,0.544,0.491
19-Jul-17,0.544,0.492
20-Jul-17,0.546,0.495
21-Jul-17,0.553,0.489
22-Jul-17,0.548,0.486
23-Jul-17,0.549,0.49
24-Jul-17,0.546,0.487
25-Jul-17,0.548,0.487
26-Jul-17,0.542,0.481
27-Jul-17,0.547,0.482
28-Jul-17,0.532,0.467
29-Jul-17,0.546,0.473
30-Jul-17,0.546,0.474
31-Jul-17,0.547,0.474
1-Aug-17,0.547,0.475
2-Aug-17,0.55,0.478
3-Aug-17,0.549,0.48
4-Aug-17,0.552,0.481
5-Aug-17,0.548,0.477
6-Aug-17,0.539,0.48
7-Aug-17,0.542,0.481
8-Aug-17,0.545,0.486
9-Aug-17,0.549,0.487
10-Aug-17,0.549,0.489
11-Aug-17,0.554,0.494
12-Aug-17,0.556,0.495
13-Aug-17,0.556,0.496
14-Aug-17,0.54,0.479
15-Aug-17,0.54,0.48
16-Aug-17,0.535,0.461
17-Aug-17,0.535,0.461
18-Aug-17,0.517,0.466
19-Aug-17,0.517,0.466
20-Aug-17,0.518,0.468
21-Aug-17,0.517,0.442
22-Aug-17,0.518,0.444
23-Aug-17,0.519,0.445
24-Aug-17,0.519,0.448
25-Aug-17,0.514,0.492
26-Aug-17,0.515,0.494
27-Aug-17,0.516,0.496
28-Aug-17,0.517,0.498
29-Aug-17,0.518,0.5
30-Aug-17,0.523,0.511
31-Aug-17,0.525,0.514
1-Sep-17,0.495,0.509
2-Sep-17,0.496,0.512
3-Sep-17,0.497,0.514
4-Sep-17,0.499,0.517
5-Sep-17,0.436,0.417
6-Sep-17,0.377,0.329
7-Sep-17,0.376,0.332
8-Sep-17,0.374,0.329
9-Sep-17,0.367,0.333
10-Sep-17,0.381,0.347
11-Sep-17,0.404,0.359
12-Sep-17,0.405,0.362
13-Sep-17,0.407,0.364
14-Sep-17,0.408,0.367
15-Sep-17,0.409,0.37
16-Sep-17,0.411,0.373
17-Sep-17,0.413,0.376
18-Sep-17,0.414,0.38
19-Sep-17,0.416,0.393
20-Sep-17,0.413,0.399
21-Sep-17,0.413,0.398
22-Sep-17,0.418,0.409
23-Sep-17,0.41,0.402
24-Sep-17,0.412,0.412
25-Sep-17,0.415,0.413
26-Sep-17,0.408,0.416
27-Sep-17,0.391,0.406
28-Sep-17,0.391,0.404
29-Sep-17,0.392,0.405
30-Sep-17,0.392,0.405
1-Oct-17,0.393,0.406
2-Oct-17,0.394,0.407
3-Oct-17,0.396,0.408
4-Oct-17,0.397,0.409
5-Oct-17,0.398,0.418
6-Oct-17,0.379,0.397
7-Oct-17,0.38,0.399
8-Oct-17,0.382,0.401
9-Oct-17,0.284,
10-Oct-17,0.283,
11-Oct-17,0.282,
12-Oct-17,0.283,
13-Oct-17,0.283,
14-Oct-17,,
15-Oct-17,,
16-Oct-17,,
17-Oct-17,,
18-Oct-17,,
19-Oct-17,,
20-Oct-17,,
21-Oct-17,,
22-Oct-17,,
23-Oct-17,,
24-Oct-17,,
25-Oct-17,,
26-Oct-17,,
27-Oct-17,,
28-Oct-17,,
29-Oct-17,,
30-Oct-17,,
31-Oct-17,,
1-Nov-17,,
2-Nov-17,,
3-Nov-17,,
4-Nov-17,,
5-Nov-17,,
6-Nov-17,,
7-Nov-17,,
8-Nov-17,,
9-Nov-17,,
10-Nov-17,,
11-Nov-17,,
12-Nov-17,,
13-Nov-17,,
14-Nov-17,,
15-Nov-17,,
16-Nov-17,,
17-Nov-17,,
18-Nov-17,,
19-Nov-17,,
20-Nov-17,,
21-Nov-17,,
22-Nov-17,,
23-Nov-17,,
24-Nov-17,,
25-Nov-17,,
26-Nov-17,,
27-Nov-17,,
28-Nov-17,,
29-Nov-17,,
30-Nov-17,,
1-Dec-17,,
2-Dec-17,,
3-Dec-17,,
4-Dec-17,,
5-Dec-17,,
6-Dec-17,,
7-Dec-17,,
8-Dec-17,,
9-Dec-17,,
10-Dec-17,,
11-Dec-17,,
12-Dec-17,,
13-Dec-17,,
14-Dec-17,,
15-Dec-17,,
16-Dec-17,,
17-Dec-17,,
18-Dec-17,,
19-Dec-17,,
20-Dec-17,,
21-Dec-17,,
22-Dec-17,,
23-Dec-17,,
24-Dec-17,,
25-Dec-17,,
26-Dec-17,,
27-Dec-17,,
28-Dec-17,,
29-Dec-17,,
30-Dec-17,,
31-Dec-17,,
1-Jan-18,,
2-Jan-18,,
3-Jan-18,,
4-Jan-18,,
5-Jan-18,,
6-Jan-18,,
7-Jan-18,,
8-Jan-18,,
9-Jan-18,,
10-Jan-18,,
11-Jan-18,,
12-Jan-18,,
13-Jan-18,,
14-Jan-18,,
15-Jan-18,,
16-Jan-18,,
17-Jan-18,,
18-Jan-18,,
19-Jan-18,,
20-Jan-18,,
21-Jan-18,,
22-Jan-18,,
23-Jan-18,,
24-Jan-18,,
25-Jan-18,,
26-Jan-18,,
27-Jan-18,,
28-Jan-18,,
29-Jan-18,,
30-Jan-18,,
31-Jan-18,,
1-Feb-18,,
2-Feb-18,,
3-Feb-18,,
4-Feb-18,,
5-Feb-18,,
6-Feb-18,,
7-Feb-18,,
8-Feb-18,,
9-Feb-18,,
10-Feb-18,,
11-Feb-18,,
12-Feb-18,,
13-Feb-18,,
14-Feb-18,,
15-Feb-18,,
16-Feb-18,,
17-Feb-18,,
18-Feb-18,,
19-Feb-18,-0.101,-0.066
20-Feb-18,-0.103,-0.066
21-Feb-18,-0.056,-0.013
22-Feb-18,-0.059,-0.031
23-Feb-18,-0.06,-0.031
24-Feb-18,-0.06,-0.032
25-Feb-18,-0.06,-0.032
26-Feb-18,-0.059,-0.032
27-Feb-18,-0.059,-0.032
28-Feb-18,-0.059,-0.033
1-Mar-18,-0.06,-0.032
2-Mar-18,-0.061,-0.032
3-Mar-18,-0.06,-0.032
4-Mar-18,-0.061,-0.032
5-Mar-18,-0.061,-0.032
6-Mar-18,-0.061,-0.032
7-Mar-18,-0.043,-0.04
8-Mar-18,-0.044,-0.04
9-Mar-18,-0.045,-0.041
10-Mar-18,-0.042,-0.041
11-Mar-18,-0.042,-0.041
12-Mar-18,-0.043,-0.041
13-Mar-18,-0.042,-0.04
14-Mar-18,-0.042,-0.036
15-Mar-18,-0.04,-0.036
16-Mar-18,-0.039,-0.036
17-Mar-18,-0.039,-0.039
18-Mar-18,-0.037,-0.037
19-Mar-18,-0.038,-0.037
20-Mar-18,-0.036,-0.036
21-Mar-18,-0.036,-0.036
22-Mar-18,-0.037,-0.038
23-Mar-18,-0.037,-0.038
24-Mar-18,-0.037,-0.038
25-Mar-18,-0.037,-0.037
26-Mar-18,-0.037,-0.037
27-Mar-18,-0.037,-0.037
28-Mar-18,-0.037,-0.038
29-Mar-18,-0.037,-0.038
30-Mar-18,-0.037,-0.038
31-Mar-18,-0.037,-0.038
1-Apr-18,-0.037,-0.037
2-Apr-18,-0.037,-0.035
3-Apr-18,-0.037,-0.035
4-Apr-18,-0.036,-0.034
5-Apr-18,-0.036,-0.034
6-Apr-18,-0.036,-0.035
7-Apr-18,-0.037,-0.034
8-Apr-18,-0.036,-0.034
9-Apr-18,-0.036,-0.034
10-Apr-18,-0.034,-0.035
11-Apr-18,-0.038,-0.034
12-Apr-18,-0.038,-0.037
13-Apr-18,-0.038,-0.037
14-Apr-18,-0.037,-0.033
15-Apr-18,-0.037,-0.035
16-Apr-18,-0.037,-0.033
17-Apr-18,-0.038,-0.033
18-Apr-18,-0.038,-0.036
19-Apr-18,-0.038,-0.035
20-Apr-18,-0.038,-0.035
21-Apr-18,-0.038,-0.033
22-Apr-18,-0.039,-0.036
23-Apr-18,-0.039,-0.036
24-Apr-18,-0.04,-0.036
25-Apr-18,-0.04,-0.036
26-Apr-18,-0.04,-0.036
27-Apr-18,-0.04,-0.036
28-Apr-18,-0.04,-0.037
29-Apr-18,-0.041,-0.037
30-Apr-18,-0.041,-0.037
1-May-18,-0.042,-0.038
2-May-18,-0.042,-0.038
3-May-18,-0.043,-0.038
4-May-18,-0.042,-0.038
5-May-18,-0.044,-0.039
6-May-18,-0.043,-0.039
7-May-18,-0.043,-0.039
8-May-18,-0.042,-0.036
9-May-18,-0.042,-0.036
10-May-18,-0.045,-0.039
11-May-18,-0.045,-0.039
12-May-18,-0.046,-0.039
13-May-18,-0.051,-0.042
14-May-18,-0.052,-0.041
15-May-18,-0.055,-0.045
16-May-18,-0.06,-0.05
17-May-18,-0.064,-0.052
18-May-18,-0.077,-0.072
19-May-18,-0.091,-0.091
20-May-18,-0.091,-0.091
21-May-18,-0.091,-0.09
22-May-18,-0.074,-0.069
23-May-18,-0.074,-0.068
24-May-18,-0.073,-0.068
25-May-18,-0.073,-0.068
26-May-18,-0.067,-0.062
27-May-18,-0.067,-0.063
28-May-18,-0.066,-0.062
29-May-18,-0.054,-0.044
30-May-18,-0.046,-0.033
31-May-18,-0.047,-0.033
1-Jun-18,-0.047,-0.032
2-Jun-18,-0.048,-0.033
3-Jun-18,-0.049,-0.033
4-Jun-18,-0.046,-0.033
5-Jun-18,-0.046,-0.033
6-Jun-18,-0.041,-0.047
7-Jun-18,-0.015,0
8-Jun-18,-0.015,0
9-Jun-18,0.02,0
10-Jun-18,0.051,0
11-Jun-18,0.101,0.001
12-Jun-18,0.12,0
13-Jun-18,0.133,0
14-Jun-18,0.144,
15-Jun-18,0.242,0.295
16-Jun-18,0.243,0.295
17-Jun-18,0.249,0.295
18-Jun-18,0.292,0.297
19-Jun-18,0.297,0.291
20-Jun-18,0.294,0.291
21-Jun-18,0.294,0.291
22-Jun-18,0.294,0.292
23-Jun-18,0.324,0.303
24-Jun-18,0.321,0.304
25-Jun-18,0.344,0.352
26-Jun-18,0.346,0.361
27-Jun-18,0.348,0.363
28-Jun-18,0.349,0.364
29-Jun-18,0.351,0.365
30-Jun-18,0.352,0.366
1-Jul-18,0.361,0.37
2-Jul-18,0.362,0.371
3-Jul-18,0.361,0.367
4-Jul-18,0.368,0.375
5-Jul-18,0.408,0.406
6-Jul-18,0.413,0.408
7-Jul-18,0.431,0.413
8-Jul-18,0.45,0.419
9-Jul-18,0.469,0.437
10-Jul-18,0.469,0.438
11-Jul-18,0.502,0.46
12-Jul-18,0.502,0.46
13-Jul-18,0.51,0.47
14-Jul-18,0.51,0.47
15-Jul-18,0.516,0.476
16-Jul-18,0.522,0.482
17-Jul-18,0.524,0.483
18-Jul-18,0.526,0.484
19-Jul-18,0.528,0.486
20-Jul-18,0.529,0.486
21-Jul-18,0.535,0.491
22-Jul-18,0.536,0.492
23-Jul-18,0.527,0.48
24-Jul-18,0.532,0.479
25-Jul-18,0.536,0.479
26-Jul-18,0.536,0.479
27-Jul-18,0.538,0.477
28-Jul-18,0.538,0.477
29-Jul-18,0.537,0.477
30-Jul-18,0.538,0.478
31-Jul-18,0.539,0.477
1-Aug-18,0.532,0.471
2-Aug-18,0.539,0.472
3-Aug-18,0.552,0.478
4-Aug-18,0.557,0.485
5-Aug-18,0.556,0.475
6-Aug-18,0.557,0.476
7-Aug-18,0.558,0.477
8-Aug-18,0.539,0.491
9-Aug-18,0.528,0.482
10-Aug-18,0.529,0.483
11-Aug-18,0.525,0.47
12-Aug-18,0.526,0.464
13-Aug-18,0.527,0.465
14-Aug-18,0.527,0.466
15-Aug-18,0.518,0.466
16-Aug-18,0.522,0.469
17-Aug-18,0.522,0.469
18-Aug-18,0.53,0.486
19-Aug-18,0.53,0.485
20-Aug-18,0.529,0.485
21-Aug-18,0.53,0.486
22-Aug-18,0.53,0.486
23-Aug-18,0.53,0.487
24-Aug-18,0.536,0.488
25-Aug-18,0.537,0.489
26-Aug-18,0.537,0.489
27-Aug-18,0.531,0.492
28-Aug-18,0.531,0.492
29-Aug-18,0.531,0.491
30-Aug-18,0.531,0.492
31-Aug-18,0.543,0.514
1-Sep-18,0.536,0.514
2-Sep-18,0.541,0.515
3-Sep-18,,
4-Sep-18,,
5-Sep-18,,
6-Sep-18,0.381,
7-Sep-18,0.438,0.401
8-Sep-18,0.439,0.401
9-Sep-18,0.434,0.401
10-Sep-18,0.435,0.402
11-Sep-18,0.43,0.426
12-Sep-18,0.43,0.429
13-Sep-18,0.43,0.432
14-Sep-18,0.432,0.434
15-Sep-18,0.433,0.435
16-Sep-18,0.434,0.436
17-Sep-18,0.436,0.438
18-Sep-18,0.437,0.44
19-Sep-18,0.439,0.441
20-Sep-18,0.441,0.443
21-Sep-18,0.443,0.444
22-Sep-18,0.446,0.446
23-Sep-18,0.441,0.448
24-Sep-18,0.435,0.448
25-Sep-18,0.442,0.446
26-Sep-18,0.446,0.448
27-Sep-18,0.221,0.093
28-Sep-18,0.227,0.093
29-Sep-18,0.14,0.093
30-Sep-18,0.113,0.083
1-Oct-18,0.114,0.083
2-Oct-18,0.114,0.083
3-Oct-18,0.069,0.061
4-Oct-18,0.082,0.026
5-Oct-18,0.081,0.025
6-Oct-18,0.075,0.024
7-Oct-18,0.076,0.023
8-Oct-18,0.074,0.021
9-Oct-18,0.073,0.021
10-Oct-18,0.053,0.01
11-Oct-18,0.062,0.07
12-Oct-18,0.048,0.015
13-Oct-18,0.047,0.013
14-Oct-18,0.036,0.011
15-Oct-18,0.018,0.01
16-Oct-18,0.015,0.008
17-Oct-18,0.014,0.006
18-Oct-18,0.013,0.005
19-Oct-18,0.019,0.003
20-Oct-18,-0.032,-0.035
21-Oct-18,-0.032,-0.034
22-Oct-18,-0.032,-0.034
23-Oct-18,-0.032,-0.034
24-Oct-18,-0.036,-0.034
25-Oct-18,-0.036,-0.034
26-Oct-18,-0.035,-0.034
27-Oct-18,-0.034,-0.034
28-Oct-18,,
29-Oct-18,,
30-Oct-18,,
31-Oct-18,,
1-Nov-18,,
2-Nov-18,,
3-Nov-18,,
4-Nov-18,,
5-Nov-18,,
6-Nov-18,,
7-Nov-18,,
8-Nov-18,,
9-Nov-18,,
10-Nov-18,,
11-Nov-18,,
12-Nov-18,,
13-Nov-18,,
14-Nov-18,,
15-Nov-18,,
16-Nov-18,,
17-Nov-18,,
18-Nov-18,,
19-Nov-18,,
20-Nov-18,,
21-Nov-18,,
22-Nov-18,,
23-Nov-18,,
24-Nov-18,,
25-Nov-18,,
26-Nov-18,,
27-Nov-18,,
28-Nov-18,,
29-Nov-18,,
30-Nov-18,,
1-Dec-18,,
2-Dec-18,,
3-Dec-18,,
4-Dec-18,,
5-Dec-18,,
6-Dec-18,,
7-Dec-18,,
8-Dec-18,,
9-Dec-18,,
10-Dec-18,,
11-Dec-18,,
12-Dec-18,,
13-Dec-18,,
14-Dec-18,,
15-Dec-18,,
16-Dec-18,,
17-Dec-18,,
18-Dec-18,,
19-Dec-18,,
20-Dec-18,,
21-Dec-18,,
22-Dec-18,,
23-Dec-18,,
24-Dec-18,,
25-Dec-18,,
26-Dec-18,,
27-Dec-18,,
28-Dec-18,,
29-Dec-18,,
30-Dec-18,,
31-Dec-18,,
1-Jan-19,,
2-Jan-19,,
3-Jan-19,,
4-Jan-19,,
5-Jan-19,,
6-Jan-19,,
7-Jan-19,,
8-Jan-19,,
9-Jan-19,,
10-Jan-19,,
11-Jan-19,,
12-Jan-19,,
13-Jan-19,,
14-Jan-19,,
15-Jan-19,,
16-Jan-19,,
17-Jan-19,,
18-Jan-19,,
19-Jan-19,,
20-Jan-19,,
21-Jan-19,,
22-Jan-19,,
23-Jan-19,,
24-Jan-19,,
25-Jan-19,,
26-Jan-19,,
27-Jan-19,,
28-Jan-19,,
29-Jan-19,,
30-Jan-19,,
31-Jan-19,,
1-Feb-19,,
2-Feb-19,,
3-Feb-19,,
4-Feb-19,,
5-Feb-19,,
6-Feb-19,,
7-Feb-19,,
8-Feb-19,,
9-Feb-19,,
10-Feb-19,,
11-Feb-19,,
12-Feb-19,,
13-Feb-19,,
14-Feb-19,-0.108,
15-Feb-19,-0.088,
16-Feb-19,-0.088,
17-Feb-19,-0.088,
18-Feb-19,-0.051,
19-Feb-19,-0.044,-0.048
20-Feb-19,-0.042,-0.042
21-Feb-19,-0.041,-0.043
22-Feb-19,-0.042,-0.046
23-Feb-19,-0.043,-0.045
24-Feb-19,-0.043,-0.045
25-Feb-19,-0.044,-0.046
26-Feb-19,-0.043,-0.045
27-Feb-19,-0.043,-0.045
28-Feb-19,-0.043,-0.046
1-Mar-19,-0.043,-0.046
2-Mar-19,-0.042,-0.046
3-Mar-19,-0.042,-0.046
4-Mar-19,-0.042,-0.046
5-Mar-19,-0.042,-0.046
6-Mar-19,-0.041,-0.058
7-Mar-19,-0.041,-0.059
8-Mar-19,-0.041,-0.06
9-Mar-19,-0.041,-0.061
10-Mar-19,-0.041,-0.061
11-Mar-19,-0.042,-0.062
12-Mar-19,-0.042,-0.062
13-Mar-19,-0.043,-0.063
14-Mar-19,-0.043,-0.065
15-Mar-19,-0.042,-0.064
16-Mar-19,-0.043,-0.063
17-Mar-19,-0.043,-0.063
18-Mar-19,-0.043,-0.063
19-Mar-19,-0.043,-0.062
20-Mar-19,-0.043,-0.062
21-Mar-19,-0.043,-0.062
22-Mar-19,-0.044,-0.044
23-Mar-19,-0.044,-0.044
24-Mar-19,-0.045,-0.044
25-Mar-19,-0.045,-0.044
26-Mar-19,-0.046,-0.044
27-Mar-19,-0.048,-0.047
28-Mar-19,-0.048,-0.047
29-Mar-19,-0.047,-0.048
30-Mar-19,-0.047,-0.048
31-Mar-19,-0.047,-0.048
1-Apr-19,-0.048,-0.048
2-Apr-19,-0.048,-0.048
3-Apr-19,-0.048,-0.048
4-Apr-19,-0.047,-0.05
5-Apr-19,-0.048,-0.05
6-Apr-19,-0.047,-0.05
7-Apr-19,-0.049,-0.052
8-Apr-19,-0.049,-0.052
9-Apr-19,-0.049,-0.052
10-Apr-19,-0.048,-0.048
11-Apr-19,-0.05,-0.049
12-Apr-19,-0.045,-0.044
13-Apr-19,-0.045,-0.041
14-Apr-19,-0.042,-0.038
15-Apr-19,-0.041,-0.04
16-Apr-19,-0.045,-0.045
17-Apr-19,-0.049,-0.05
18-Apr-19,-0.048,-0.049
19-Apr-19,-0.048,-0.049
20-Apr-19,-0.048,-0.049
21-Apr-19,-0.048,-0.049
22-Apr-19,-0.048,-0.049
23-Apr-19,-0.048,-0.049
24-Apr-19,-0.048,-0.049
25-Apr-19,-0.045,-0.046
26-Apr-19,-0.044,-0.046
27-Apr-19,-0.043,-0.046
28-Apr-19,-0.04,-0.04
29-Apr-19,-0.04,-0.039
30-Apr-19,-0.04,-0.036
1-May-19,-0.04,-0.036
2-May-19,-0.039,-0.039
3-May-19,-0.04,-0.039
4-May-19,-0.04,-0.039
5-May-19,-0.04,-0.039
6-May-19,-0.05,-0.047
7-May-19,-0.053,-0.051
8-May-19,-0.055,-0.052
9-May-19,-0.056,-0.049
10-May-19,-0.059,-0.061
11-May-19,-0.067,-0.066
12-May-19,-0.072,-0.072
13-May-19,-0.074,-0.074
14-May-19,-0.079,-0.079
15-May-19,-0.077,-0.076
16-May-19,-0.079,-0.077
17-May-19,-0.08,-0.077
18-May-19,-0.08,-0.077
19-May-19,-0.08,-0.077
20-May-19,-0.08,-0.077
21-May-19,-0.077,-0.077
22-May-19,-0.072,-0.076
23-May-19,-0.073,-0.075
24-May-19,-0.066,-0.087
25-May-19,-0.018,-0.038
26-May-19,0.04,0.096
27-May-19,0.254,0.116
28-May-19,0.273,0.31
29-May-19,0.275,0.31
30-May-19,0.281,0.31
31-May-19,0.306,0.322
1-Jun-19,0.316,0.319
2-Jun-19,0.315,0.318
3-Jun-19,0.316,0.32
4-Jun-19,0.319,0.325
5-Jun-19,0.32,0.325
6-Jun-19,0.325,0.315
7-Jun-19,0.327,0.316
8-Jun-19,0.329,0.316
9-Jun-19,0.328,0.319
10-Jun-19,0.136,
11-Jun-19,0.338,0.31
12-Jun-19,0.339,0.309
13-Jun-19,0.351,0.326
14-Jun-19,0.358,0.335
15-Jun-19,0.37,0.34
16-Jun-19,0.38,0.344
17-Jun-19,0.383,0.343
18-Jun-19,0.383,0.343
19-Jun-19,0.39,0.344
20-Jun-19,0.406,0.364
21-Jun-19,0.419,0.376
22-Jun-19,0.425,0.388
23-Jun-19,0.434,0.401
24-Jun-19,0.435,0.402
25-Jun-19,0.435,0.403
26-Jun-19,0.431,0.399
27-Jun-19,0.438,0.409
28-Jun-19,0.437,0.409
29-Jun-19,0.447,0.413
30-Jun-19,0.453,0.421
1-Jul-19,0.461,0.433
2-Jul-19,0.468,0.439
3-Jul-19,0.469,0.439
4-Jul-19,0.432,0.44
5-Jul-19,0.473,0.444
6-Jul-19,0.485,0.437
7-Jul-19,0.479,0.438
8-Jul-19,0.485,0.443
9-Jul-19,0.503,0.455
10-Jul-19,0.499,0.453
11-Jul-19,0.423,0.453
12-Jul-19,0.514,0.479
13-Jul-19,0.514,0.478
14-Jul-19,0.514,0.477
15-Jul-19,0.503,0.466
16-Jul-19,0.502,0.466
17-Jul-19,0.494,0.451
18-Jul-19,0.501,0.443
19-Jul-19,0.509,0.442
20-Jul-19,0.521,0.459
21-Jul-19,0.516,0.45
22-Jul-19,0.513,0.457
23-Jul-19,0.52,0.461
24-Jul-19,0.518,0.461
25-Jul-19,0.518,0.461
26-Jul-19,0.522,0.464
27-Jul-19,0.523,0.464
28-Jul-19,0.523,0.464
29-Jul-19,0.523,0.464
30-Jul-19,0.523,0.464
31-Jul-19,0.523,0.464
1-Aug-19,0.518,0.459
2-Aug-19,0.524,0.465
3-Aug-19,0.52,0.455
4-Aug-19,0.515,0.455
5-Aug-19,0.496,0.438
6-Aug-19,0.497,0.441
7-Aug-19,0.496,0.444
8-Aug-19,0.491,
9-Aug-19,0.491,
10-Aug-19,0.491,
11-Aug-19,0.491,
12-Aug-19,0.491,
13-Aug-19,0.491,
14-Aug-19,0.433,0.376
15-Aug-19,0.432,0.376
16-Aug-19,0.432,0.376
17-Aug-19,0.396,0.366
18-Aug-19,0.396,0.366
19-Aug-19,0.394,0.36
20-Aug-19,0.395,0.36
21-Aug-19,0.395,0.36
22-Aug-19,0.395,0.36
23-Aug-19,0.396,0.361
24-Aug-19,0.396,0.361
25-Aug-19,0.388,0.338
26-Aug-19,0.403,0.347
27-Aug-19,0.391,0.347
28-Aug-19,0.39,0.347
29-Aug-19,0.389,0.348
30-Aug-19,0.381,0.345
31-Aug-19,0.379,0.345
1-Sep-19,0.377,0.34
2-Sep-19,0.379,0.337
3-Sep-19,0.379,0.338
4-Sep-19,0.378,0.342
5-Sep-19,0.378,0.343
6-Sep-19,0.378,0.343
7-Sep-19,0.378,0.344
8-Sep-19,0.379,0.345
9-Sep-19,0.379,0.346
10-Sep-19,0.376,0.346
11-Sep-19,0.369,0.344
12-Sep-19,0.373,0.348
13-Sep-19,0.374,0.35
14-Sep-19,0.374,0.351
15-Sep-19,0.369,0.342
16-Sep-19,0.375,0.346
17-Sep-19,0.392,0.332
18-Sep-19,0.376,0.225
19-Sep-19,0.376,0.226
20-Sep-19,0.377,0.321
21-Sep-19,0.338,0.307
22-Sep-19,0.349,0.325
23-Sep-19,0.354,0.276
24-Sep-19,0.354,0.276
25-Sep-19,0.354,0.278
26-Sep-19,0.353,0.281
27-Sep-19,0.351,0.283
28-Sep-19,0.35,0.285
29-Sep-19,0.348,0.286
30-Sep-19,0.349,0.288
1-Oct-19,0.349,0.289
2-Oct-19,0.35,0.29
3-Oct-19,0.346,0.362
4-Oct-19,0.345,0.366
5-Oct-19,0.346,0.369
6-Oct-19,0.354,0.326
7-Oct-19,0.364,0.326
8-Oct-19,0.355,0.382
9-Oct-19,0.12,-0.012
10-Oct-19,0.115,-0.012
11-Oct-19,0.115,-0.012
12-Oct-19,0.063,-0.101
13-Oct-19,0.025,-0.1
14-Oct-19,0.022,-0.101
15-Oct-19,0.018,-0.103
16-Oct-19,0.017,-0.104
17-Oct-19,0.015,-0.107
18-Oct-19,0.01,-0.109
19-Oct-19,0.023,-0.112
20-Oct-19,0.023,-0.112
21-Oct-19,0.022,-0.111
22-Oct-19,0.042,0.036
23-Oct-19,0.038,0.036
24-Oct-19,0.037,0.036
25-Oct-19,0.03,
26-Oct-19,0.056,
27-Oct-19,0.056,
28-Oct-19,,
29-Oct-19,,
30-Oct-19,,
31-Oct-19,,
1-Nov-19,,
2-Nov-19,,
3-Nov-19,,
4-Nov-19,,
5-Nov-19,,
6-Nov-19,,
7-Nov-19,,
8-Nov-19,,
9-Nov-19,,
10-Nov-19,,
11-Nov-19,,
12-Nov-19,,
13-Nov-19,,
14-Nov-19,,
15-Nov-19,,
16-Nov-19,,
17-Nov-19,,
18-Nov-19,,
19-Nov-19,,
20-Nov-19,,
21-Nov-19,,
22-Nov-19,,
23-Nov-19,,
24-Nov-19,,
25-Nov-19,,
26-Nov-19,,
27-Nov-19,,
28-Nov-19,,
29-Nov-19,,
30-Nov-19,,
1-Dec-19,,
2-Dec-19,,
3-Dec-19,,
4-Dec-19,,
5-Dec-19,,
6-Dec-19,,
7-Dec-19,,
8-Dec-19,,
9-Dec-19,,
10-Dec-19,,
11-Dec-19,,
12-Dec-19,,
13-Dec-19,,
14-Dec-19,,
15-Dec-19,,
16-Dec-19,,
17-Dec-19,,
18-Dec-19,,
19-Dec-19,,
20-Dec-19,,
21-Dec-19,,
22-Dec-19,,
23-Dec-19,,
24-Dec-19,,
25-Dec-19,,
26-Dec-19,,
27-Dec-19,,
28-Dec-19,,
29-Dec-19,,
30-Dec-19,,
31-Dec-19,,
1-Jan-20,,
2-Jan-20,,
3-Jan-20,,
4-Jan-20,,
5-Jan-20,,
6-Jan-20,,
7-Jan-20,,
8-Jan-20,,
9-Jan-20,,
10-Jan-20,,
11-Jan-20,,
12-Jan-20,,
13-Jan-20,,
14-Jan-20,,
15-Jan-20,,
16-Jan-20,,
17-Jan-20,,
18-Jan-20,,
19-Jan-20,,
20-Jan-20,,
21-Jan-20,,
22-Jan-20,,
23-Jan-20,,
24-Jan-20,,
25-Jan-20,,
26-Jan-20,,
27-Jan-20,,
28-Jan-20,,
29-Jan-20,,
30-Jan-20,,
31-Jan-20,,
1-Feb-20,,
2-Feb-20,,
3-Feb-20,,
4-Feb-20,,
5-Feb-20,,
6-Feb-20,,
7-Feb-20,,
8-Feb-20,,
9-Feb-20,,
10-Feb-20,,
11-Feb-20,,
12-Feb-20,,
13-Feb-20,,
14-Feb-20,,
15-Feb-20,-0.048,
16-Feb-20,-0.048,
17-Feb-20,-0.048,
18-Feb-20,-0.048,
19-Feb-20,-0.048,
20-Feb-20,-0.049,
21-Feb-20,-0.04,
22-Feb-20,-0.039,
23-Feb-20,-0.039,
24-Feb-20,-0.039,
25-Feb-20,-0.038,
26-Feb-20,-0.038,-0.033
27-Feb-20,-0.03,-0.024
28-Feb-20,-0.031,-0.026
29-Feb-20,-0.031,-0.026
1-Mar-20,-0.043,-0.029
2-Mar-20,-0.043,-0.03
3-Mar-20,-0.042,-0.028
4-Mar-20,-0.042,-0.028
5-Mar-20,-0.042,-0.027
6-Mar-20,-0.042,-0.027
7-Mar-20,-0.042,-0.027
8-Mar-20,-0.029,-0.022
9-Mar-20,-0.029,-0.022
10-Mar-20,-0.029,-0.021
11-Mar-20,-0.029,-0.021
12-Mar-20,-0.029,-0.021
13-Mar-20,-0.028,-0.02
14-Mar-20,-0.031,-0.022
15-Mar-20,-0.03,-0.018
16-Mar-20,-0.03,-0.018
17-Mar-20,-0.024,-0.022
18-Mar-20,-0.023,-0.016
19-Mar-20,-0.023,-0.018
20-Mar-20,-0.023,-0.018
21-Mar-20,-0.027,-0.028
22-Mar-20,-0.026,-0.02
23-Mar-20,-0.028,-0.021
24-Mar-20,-0.029,-0.021
25-Mar-20,-0.028,-0.022
26-Mar-20,-0.028,-0.022
27-Mar-20,-0.03,-0.022
28-Mar-20,-0.027,-0.024
29-Mar-20,-0.028,-0.021
30-Mar-20,-0.028,-0.021
31-Mar-20,-0.03,-0.024
1-Apr-20,-0.03,-0.025
2-Apr-20,-0.03,-0.024
3-Apr-20,-0.03,-0.025
4-Apr-20,-0.031,-0.025
5-Apr-20,-0.031,-0.026
6-Apr-20,-0.032,-0.029
7-Apr-20,-0.033,-0.024
8-Apr-20,-0.033,-0.024
9-Apr-20,-0.034,-0.028
10-Apr-20,-0.034,-0.028
11-Apr-20,-0.033,-0.029
12-Apr-20,-0.034,-0.029
13-Apr-20,-0.034,-0.029
14-Apr-20,-0.034,-0.032
15-Apr-20,-0.034,-0.032
16-Apr-20,-0.035,-0.033
17-Apr-20,-0.035,-0.034
18-Apr-20,-0.035,-0.035
19-Apr-20,-0.037,-0.035
20-Apr-20,-0.037,-0.036
21-Apr-20,-0.038,-0.038
22-Apr-20,-0.036,-0.036
23-Apr-20,-0.035,-0.036
24-Apr-20,-0.035,-0.036
25-Apr-20,-0.035,-0.036
26-Apr-20,-0.035,-0.036
27-Apr-20,-0.034,-0.036
28-Apr-20,-0.034,-0.036
29-Apr-20,-0.034,-0.036
30-Apr-20,-0.034,-0.035
1-May-20,-0.034,-0.034
2-May-20,-0.034,-0.038
3-May-20,-0.035,-0.037
4-May-20,-0.033,-0.039
5-May-20,-0.037,-0.041
6-May-20,-0.037,-0.041
7-May-20,-0.037,-0.041
8-May-20,-0.039,-0.044
9-May-20,-0.041,-0.045
10-May-20,-0.042,-0.048
11-May-20,-0.043,-0.049
12-May-20,-0.045,-0.049
13-May-20,-0.048,-0.044
14-May-20,-0.054,-0.049
15-May-20,-0.058,-0.049
16-May-20,-0.062,-0.055
17-May-20,-0.068,-0.059
18-May-20,-0.069,-0.06
19-May-20,-0.069,-0.06
20-May-20,-0.07,-0.06
21-May-20,-0.071,-0.058
22-May-20,-0.071,-0.059
23-May-20,-0.071,-0.059
24-May-20,-0.07,-0.059
25-May-20,-0.068,-0.065
26-May-20,-0.067,-0.06
27-May-20,-0.061,-0.041
28-May-20,-0.073,-0.051
29-May-20,-0.126,-0.086
30-May-20,-0.123,-0.073
31-May-20,-0.112,-0.073
1-Jun-20,-0.115,-0.081
2-Jun-20,-0.118,-0.091
3-Jun-20,-0.126,-0.222
4-Jun-20,-0.099,-0.244
5-Jun-20,-0.022,0.024
6-Jun-20,-0.002,0.026
7-Jun-20,0.045,0.125
8-Jun-20,0.054,0.129
9-Jun-20,0.076,0.133
10-Jun-20,0.11,0.145
11-Jun-20,0.178,0.199
12-Jun-20,0.206,0.205
13-Jun-20,0.213,0.206
14-Jun-20,0.248,0.24
15-Jun-20,0.275,0.252
16-Jun-20,0.277,0.255
17-Jun-20,0.278,0.256
18-Jun-20,0.283,0.262
19-Jun-20,0.283,0.263
20-Jun-20,0.289,0.267
21-Jun-20,0.314,0.285
22-Jun-20,0.319,0.284
23-Jun-20,0.343,0.32
24-Jun-20,0.344,0.321
25-Jun-20,0.345,0.323
26-Jun-20,0.351,0.324
27-Jun-20,0.363,0.335
28-Jun-20,0.364,0.336
29-Jun-20,0.364,0.337
30-Jun-20,0.383,0.353
1-Jul-20,0.399,0.368
2-Jul-20,0.4,0.368
3-Jul-20,0.403,0.368
4-Jul-20,0.411,0.374
5-Jul-20,0.415,0.381
6-Jul-20,0.435,0.401
7-Jul-20,0.448,0.411
8-Jul-20,0.467,0.433
9-Jul-20,0.485,0.444
10-Jul-20,0.485,0.445
11-Jul-20,0.486,0.446
12-Jul-20,0.487,0.447
13-Jul-20,0.488,0.449
14-Jul-20,0.488,0.449
15-Jul-20,0.489,0.45
16-Jul-20,0.482,0.437
17-Jul-20,0.498,0.447
18-Jul-20,0.498,0.447
19-Jul-20,0.499,0.446
20-Jul-20,0.502,0.449
21-Jul-20,0.504,0.44
22-Jul-20,0.498,0.428
23-Jul-20,0.499,0.429
24-Jul-20,0.496,0.423
25-Jul-20,0.492,0.409
26-Jul-20,0.497,0.443
27-Jul-20,0.497,0.442
28-Jul-20,0.494,0.442
29-Jul-20,0.494,0.441
30-Jul-20,0.494,0.424
31-Jul-20,0.495,0.424
1-Aug-20,0.485,0.427
2-Aug-20,0.487,0.428
3-Aug-20,0.488,0.429
4-Aug-20,0.489,0.431
5-Aug-20,0.491,0.432
6-Aug-20,0.512,0.461
7-Aug-20,0.513,0.463
8-Aug-20,0.513,0.463
9-Aug-20,0.52,0.469
10-Aug-20,0.521,0.469
11-Aug-20,0.517,0.466
12-Aug-20,0.517,0.466
13-Aug-20,0.517,0.466
14-Aug-20,0.522,0.466
15-Aug-20,0.523,0.47
16-Aug-20,0.522,0.469
17-Aug-20,0.523,0.469
18-Aug-20,0.523,0.469
19-Aug-20,0.524,0.469
20-Aug-20,0.524,0.47
21-Aug-20,0.526,0.464
22-Aug-20,0.509,0.452
23-Aug-20,0.51,0.452
24-Aug-20,0.511,0.453
25-Aug-20,0.512,0.454
26-Aug-20,0.513,0.454
27-Aug-20,0.498,0.447
28-Aug-20,0.496,0.446
29-Aug-20,0.495,0.445
30-Aug-20,0.483,0.437
31-Aug-20,0.479,0.429
1-Sep-20,0.478,0.432
2-Sep-20,0.469,0.427
3-Sep-20,0.468,0.426
4-Sep-20,0.455,0.412
5-Sep-20,0.456,0.413
6-Sep-20,0.451,0.404
7-Sep-20,0.435,0.39
8-Sep-20,0.427,0.387
9-Sep-20,0.428,0.388
10-Sep-20,0.429,0.389
11-Sep-20,0.427,0.394
12-Sep-20,0.426,0.411
13-Sep-20,0.427,0.411
14-Sep-20,0.427,0.411
15-Sep-20,0.402,0.39
16-Sep-20,0.404,0.393
17-Sep-20,0.407,0.396
18-Sep-20,0.41,0.399
19-Sep-20,0.414,0.402
20-Sep-20,0.417,0.405
21-Sep-20,0.421,0.408
22-Sep-20,0.424,0.411
23-Sep-20,0.429,0.415
24-Sep-20,0.421,0.414
25-Sep-20,0.425,0.418
26-Sep-20,0.429,0.421
27-Sep-20,0.423,0.47
28-Sep-20,,
29-Sep-20,,
30-Sep-20,,
1-Oct-20,,
2-Oct-20,,
3-Oct-20,,
4-Oct-20,,
5-Oct-20,,
6-Oct-20,,
7-Oct-20,,
8-Oct-20,,
9-Oct-20,,
10-Oct-20,0.004,0.004
11-Oct-20,0.005,0.001
12-Oct-20,0.006,0.001
13-Oct-20,0.006,0
14-Oct-20,0.002,0
15-Oct-20,0.003,-0.001
16-Oct-20,0.003,-0.001
17-Oct-20,0.002,-0.002
18-Oct-20,0.004,-0.007
19-Oct-20,0.004,-0.008
20-Oct-20,0.004,-0.009
21-Oct-20,0.003,-0.01
22-Oct-20,0.003,-0.01
23-Oct-20,0.005,-0.011
24-Oct-20,0.004,-0.012
25-Oct-20,0.01,-0.013
26-Oct-20,0.017,-0.023
27-Oct-20,,
28-Oct-20,,
29-Oct-20,,
30-Oct-20,,
31-Oct-20,,
1-Nov-20,,
2-Nov-20,,
3-Nov-20,,
4-Nov-20,,
5-Nov-20,,
6-Nov-20,,
7-Nov-20,,
8-Nov-20,,
9-Nov-20,,
10-Nov-20,,
11-Nov-20,,
12-Nov-20,,
13-Nov-20,,
14-Nov-20,,
15-Nov-20,,
16-Nov-20,,
17-Nov-20,,
18-Nov-20,,
19-Nov-20,,
20-Nov-20,,
21-Nov-20,,
22-Nov-20,,
23-Nov-20,,
24-Nov-20,,
25-Nov-20,,
26-Nov-20,,
27-Nov-20,,
28-Nov-20,,
29-Nov-20,,
30-Nov-20,,
1-Dec-20,,
2-Dec-20,,
3-Dec-20,,
4-Dec-20,,
5-Dec-20,,
6-Dec-20,,
7-Dec-20,,
8-Dec-20,,
9-Dec-20,,
10-Dec-20,,
11-Dec-20,,
12-Dec-20,,
13-Dec-20,,
14-Dec-20,,
15-Dec-20,,
16-Dec-20,,
17-Dec-20,,
18-Dec-20,,
19-Dec-20,,
20-Dec-20,,
21-Dec-20,,
22-Dec-20,,
23-Dec-20,,
24-Dec-20,,
25-Dec-20,,
26-Dec-20,,
27-Dec-20,,
28-Dec-20,,
29-Dec-20,,
30-Dec-20,,
