NDVIDate,NDVI,NDVI_Footprint
1-May-08,-0.03,-0.03
2-May-08,-0.03,-0.03
3-May-08,-0.03,-0.03
4-May-08,-0.03,-0.03
5-May-08,-0.03,-0.03
6-May-08,-0.03,-0.03
7-May-08,-0.032,-0.032
8-May-08,-0.032,-0.032
9-May-08,-0.033,-0.033
10-May-08,-0.038,-0.038
11-May-08,-0.038,-0.038
12-May-08,-0.039,-0.039
13-May-08,-0.04,-0.04
14-May-08,-0.041,-0.041
15-May-08,-0.048,-0.048
16-May-08,-0.064,-0.064
17-May-08,-0.06,-0.06
18-May-08,-0.049,-0.049
19-May-08,-0.047,-0.047
20-May-08,-0.049,-0.049
21-May-08,-0.049,-0.049
22-May-08,-0.049,-0.049
23-May-08,-0.05,-0.05
24-May-08,-0.051,-0.051
25-May-08,-0.052,-0.052
26-May-08,-0.047,-0.047
27-May-08,-0.037,-0.037
28-May-08,-0.019,-0.019
29-May-08,-0.02,-0.02
30-May-08,,
31-May-08,0.165,0.165
1-Jun-08,0.197,0.197
2-Jun-08,0.196,0.196
3-Jun-08,0.217,0.217
4-Jun-08,0.244,0.244
5-Jun-08,0.247,0.247
6-Jun-08,0.253,0.253
7-Jun-08,0.265,0.265
8-Jun-08,0.277,0.277
9-Jun-08,0.285,0.285
10-Jun-08,0.29,0.29
11-Jun-08,0.291,0.291
12-Jun-08,0.309,0.309
13-Jun-08,0.318,0.318
14-Jun-08,0.329,0.329
15-Jun-08,0.336,0.336
16-Jun-08,0.354,0.354
17-Jun-08,0.361,0.361
18-Jun-08,0.372,0.372
19-Jun-08,0.383,0.383
20-Jun-08,0.388,0.388
21-Jun-08,0.389,0.389
22-Jun-08,0.395,0.395
23-Jun-08,0.398,0.398
24-Jun-08,0.406,0.406
25-Jun-08,0.407,0.407
26-Jun-08,0.412,0.412
27-Jun-08,0.415,0.415
28-Jun-08,0.424,0.424
29-Jun-08,0.432,0.432
30-Jun-08,0.445,0.445
1-Jul-08,0.445,0.445
2-Jul-08,0.447,0.447
3-Jul-08,0.459,0.459
4-Jul-08,0.46,0.46
5-Jul-08,0.464,0.464
6-Jul-08,0.465,0.465
7-Jul-08,0.467,0.467
8-Jul-08,0.47,0.47
9-Jul-08,0.475,0.475
10-Jul-08,0.476,0.476
11-Jul-08,0.474,0.474
12-Jul-08,0.474,0.474
13-Jul-08,0.473,0.473
14-Jul-08,0.47,0.47
15-Jul-08,0.469,0.469
16-Jul-08,0.462,0.462
17-Jul-08,0.474,0.474
18-Jul-08,0.473,0.473
19-Jul-08,0.473,0.473
20-Jul-08,0.473,0.473
21-Jul-08,0.479,0.479
22-Jul-08,0.491,0.491
23-Jul-08,0.483,0.483
24-Jul-08,0.484,0.484
25-Jul-08,0.484,0.484
26-Jul-08,0.485,0.485
27-Jul-08,0.485,0.485
28-Jul-08,0.484,0.484
29-Jul-08,0.489,0.489
30-Jul-08,0.489,0.489
31-Jul-08,0.489,0.489
1-Aug-08,0.493,0.493
2-Aug-08,0.494,0.494
3-Aug-08,0.501,0.501
4-Aug-08,0.477,0.477
5-Aug-08,0.479,0.479
6-Aug-08,0.51,0.51
7-Aug-08,0.542,0.542
8-Aug-08,0.514,0.514
9-Aug-08,0.522,0.522
10-Aug-08,0.522,0.522
11-Aug-08,0.523,0.523
12-Aug-08,0.523,0.523
13-Aug-08,0.523,0.523
14-Aug-08,0.506,0.506
15-Aug-08,0.506,0.506
16-Aug-08,0.506,0.506
17-Aug-08,0.507,0.507
18-Aug-08,0.463,0.463
19-Aug-08,0.461,0.461
20-Aug-08,0.459,0.459
21-Aug-08,0.419,0.419
22-Aug-08,0.407,0.407
23-Aug-08,0.405,0.405
24-Aug-08,0.403,0.403
25-Aug-08,0.366,0.366
26-Aug-08,0.366,0.366
27-Aug-08,0.378,0.378
28-Aug-08,0.372,0.372
29-Aug-08,0.372,0.372
30-Aug-08,0.373,0.373
31-Aug-08,0.373,0.373
1-Sep-08,0.374,0.374
2-Sep-08,0.374,0.374
3-Sep-08,0.368,0.368
4-Sep-08,0.369,0.369
5-Sep-08,0.371,0.371
6-Sep-08,0.372,0.372
7-Sep-08,0.374,0.374
8-Sep-08,0.393,0.393
9-Sep-08,0.393,0.393
10-Sep-08,0.408,0.408
11-Sep-08,0.39,0.39
12-Sep-08,0.376,0.376
13-Sep-08,0.381,0.381
14-Sep-08,0.38,0.38
15-Sep-08,0.381,0.381
16-Sep-08,0.38,0.38
17-Sep-08,0.38,0.38
18-Sep-08,0.379,0.379
19-Sep-08,0.379,0.379
20-Sep-08,0.379,0.379
21-Sep-08,0.38,0.38
22-Sep-08,0.38,0.38
23-Sep-08,0.38,0.38
24-Sep-08,0.376,0.376
25-Sep-08,0.375,0.375
26-Sep-08,-0.028,-0.028
27-Sep-08,-0.026,-0.026
28-Sep-08,-0.026,-0.026
29-Sep-08,-0.026,-0.026
30-Sep-08,-0.026,-0.026
1-Oct-08,-0.033,-0.033
2-Oct-08,-0.034,-0.034
3-Oct-08,-0.034,-0.034
4-Oct-08,-0.031,-0.031
5-Oct-08,-0.031,-0.031
6-Oct-08,-0.032,-0.032
7-Oct-08,-0.032,-0.032
8-Oct-08,-0.032,-0.032
9-Oct-08,-0.032,-0.032
10-Oct-08,-0.034,-0.034
11-Oct-08,-0.01,-0.01
12-Oct-08,-0.01,-0.01
13-Oct-08,-0.01,-0.01
14-Oct-08,-0.01,-0.01
15-Oct-08,-0.008,-0.008
16-Oct-08,-0.009,-0.009
17-Oct-08,-0.035,-0.035
18-Oct-08,-0.032,-0.032
19-Oct-08,-0.031,-0.031
20-Oct-08,,
21-Oct-08,,
22-Oct-08,,
23-Oct-08,,
24-Oct-08,,
25-Oct-08,,
26-Oct-08,,
27-Oct-08,,
28-Oct-08,,
29-Oct-08,,
30-Oct-08,,
31-Oct-08,,
1-Nov-08,,
2-Nov-08,,
3-Nov-08,,
4-Nov-08,,
5-Nov-08,,
6-Nov-08,,
7-Nov-08,,
8-Nov-08,,
9-Nov-08,,
10-Nov-08,,
11-Nov-08,,
12-Nov-08,,
13-Nov-08,,
14-Nov-08,,
15-Nov-08,,
16-Nov-08,,
17-Nov-08,,
18-Nov-08,,
19-Nov-08,,
20-Nov-08,,
21-Nov-08,,
22-Nov-08,,
23-Nov-08,,
24-Nov-08,,
25-Nov-08,,
26-Nov-08,,
27-Nov-08,,
28-Nov-08,,
29-Nov-08,,
30-Nov-08,,
1-Dec-08,,
2-Dec-08,,
3-Dec-08,,
4-Dec-08,,
5-Dec-08,,
6-Dec-08,,
7-Dec-08,,
8-Dec-08,,
9-Dec-08,,
10-Dec-08,,
11-Dec-08,,
12-Dec-08,,
13-Dec-08,,
14-Dec-08,,
15-Dec-08,,
16-Dec-08,,
17-Dec-08,,
18-Dec-08,,
19-Dec-08,,
20-Dec-08,,
21-Dec-08,,
22-Dec-08,,
23-Dec-08,,
24-Dec-08,,
25-Dec-08,,
26-Dec-08,,
27-Dec-08,,
28-Dec-08,,
29-Dec-08,,
30-Dec-08,,
31-Dec-08,,
1-Jan-09,,
2-Jan-09,,
3-Jan-09,,
4-Jan-09,,
5-Jan-09,,
6-Jan-09,,
7-Jan-09,,
8-Jan-09,,
9-Jan-09,,
10-Jan-09,,
11-Jan-09,,
12-Jan-09,,
13-Jan-09,,
14-Jan-09,,
15-Jan-09,,
16-Jan-09,,
17-Jan-09,,
18-Jan-09,,
19-Jan-09,,
20-Jan-09,,
21-Jan-09,,
22-Jan-09,,
23-Jan-09,,
24-Jan-09,,
25-Jan-09,,
26-Jan-09,,
27-Jan-09,,
28-Jan-09,,
29-Jan-09,,
30-Jan-09,,
31-Jan-09,,
1-Feb-09,,
2-Feb-09,,
3-Feb-09,,
4-Feb-09,,
5-Feb-09,,
6-Feb-09,,
7-Feb-09,,
8-Feb-09,,
9-Feb-09,,
10-Feb-09,,
11-Feb-09,,
12-Feb-09,,
13-Feb-09,,
14-Feb-09,,
15-Feb-09,,
16-Feb-09,,
17-Feb-09,-0.033,-0.033
18-Feb-09,-0.034,-0.034
19-Feb-09,-0.034,-0.034
20-Feb-09,-0.035,-0.035
21-Feb-09,-0.035,-0.035
22-Feb-09,-0.035,-0.035
23-Feb-09,-0.036,-0.036
24-Feb-09,-0.036,-0.036
25-Feb-09,-0.036,-0.036
26-Feb-09,-0.036,-0.036
27-Feb-09,-0.037,-0.037
28-Feb-09,-0.037,-0.037
1-Mar-09,-0.037,-0.037
2-Mar-09,-0.037,-0.037
3-Mar-09,-0.037,-0.037
4-Mar-09,-0.038,-0.038
5-Mar-09,,
6-Mar-09,,
7-Mar-09,,
8-Mar-09,,
9-Mar-09,,
10-Mar-09,-0.05,-0.05
11-Mar-09,-0.051,-0.051
12-Mar-09,-0.051,-0.051
13-Mar-09,-0.051,-0.051
14-Mar-09,-0.051,-0.051
15-Mar-09,-0.051,-0.051
16-Mar-09,-0.051,-0.051
17-Mar-09,-0.051,-0.051
18-Mar-09,-0.051,-0.051
19-Mar-09,-0.058,-0.058
20-Mar-09,-0.059,-0.059
21-Mar-09,-0.059,-0.059
22-Mar-09,-0.042,-0.042
23-Mar-09,-0.042,-0.042
24-Mar-09,-0.042,-0.042
25-Mar-09,-0.042,-0.042
26-Mar-09,-0.038,-0.038
27-Mar-09,-0.038,-0.038
28-Mar-09,-0.032,-0.032
29-Mar-09,-0.031,-0.031
30-Mar-09,-0.031,-0.031
31-Mar-09,-0.031,-0.031
1-Apr-09,-0.03,-0.03
2-Apr-09,-0.03,-0.03
3-Apr-09,-0.03,-0.03
4-Apr-09,-0.021,-0.021
5-Apr-09,-0.021,-0.021
6-Apr-09,-0.021,-0.021
7-Apr-09,,
8-Apr-09,-0.023,-0.023
9-Apr-09,-0.021,-0.021
10-Apr-09,-0.021,-0.021
11-Apr-09,-0.022,-0.022
12-Apr-09,-0.022,-0.022
13-Apr-09,-0.024,-0.024
14-Apr-09,-0.024,-0.024
15-Apr-09,-0.024,-0.024
16-Apr-09,-0.024,-0.024
17-Apr-09,-0.024,-0.024
18-Apr-09,-0.026,-0.026
19-Apr-09,-0.029,-0.029
20-Apr-09,-0.037,-0.037
21-Apr-09,-0.037,-0.037
22-Apr-09,-0.041,-0.041
23-Apr-09,-0.047,-0.047
24-Apr-09,-0.055,-0.055
25-Apr-09,-0.06,-0.06
26-Apr-09,-0.061,-0.061
27-Apr-09,-0.062,-0.062
28-Apr-09,-0.061,-0.061
29-Apr-09,-0.062,-0.062
30-Apr-09,-0.061,-0.061
1-May-09,-0.061,-0.061
2-May-09,-0.061,-0.061
3-May-09,-0.062,-0.062
4-May-09,-0.063,-0.063
5-May-09,-0.068,-0.068
6-May-09,-0.067,-0.067
7-May-09,-0.067,-0.067
8-May-09,-0.066,-0.066
9-May-09,-0.062,-0.062
10-May-09,-0.049,-0.049
11-May-09,-0.05,-0.05
12-May-09,-0.05,-0.05
13-May-09,-0.054,-0.054
14-May-09,-0.061,-0.061
15-May-09,-0.058,-0.058
16-May-09,-0.066,-0.066
17-May-09,-0.091,-0.091
18-May-09,-0.073,-0.073
19-May-09,-0.073,-0.073
20-May-09,-0.072,-0.072
21-May-09,-0.073,-0.073
22-May-09,-0.075,-0.075
23-May-09,-0.074,-0.074
24-May-09,-0.074,-0.074
25-May-09,-0.084,-0.084
26-May-09,-0.085,-0.085
27-May-09,-0.087,-0.087
28-May-09,-0.087,-0.087
29-May-09,-0.082,-0.082
30-May-09,-0.093,-0.093
31-May-09,-0.094,-0.094
1-Jun-09,-0.094,-0.094
2-Jun-09,-0.095,-0.095
3-Jun-09,-0.097,-0.097
4-Jun-09,-0.506,-0.506
5-Jun-09,-0.505,-0.505
6-Jun-09,-0.505,-0.505
7-Jun-09,-0.123,-0.123
8-Jun-09,-0.095,-0.095
9-Jun-09,-0.106,-0.106
10-Jun-09,-0.109,-0.109
11-Jun-09,-0.37,-0.37
12-Jun-09,0.203,0.203
13-Jun-09,0.189,0.189
14-Jun-09,0.224,0.224
15-Jun-09,0.225,0.225
16-Jun-09,0.227,0.227
17-Jun-09,0.239,0.239
18-Jun-09,0.241,0.241
19-Jun-09,0.25,0.25
20-Jun-09,0.25,0.25
21-Jun-09,0.251,0.251
22-Jun-09,0.267,0.267
23-Jun-09,0.281,0.281
24-Jun-09,0.288,0.288
25-Jun-09,0.293,0.293
26-Jun-09,0.304,0.304
27-Jun-09,0.317,0.317
28-Jun-09,0.321,0.321
29-Jun-09,0.326,0.326
30-Jun-09,0.327,0.327
1-Jul-09,0.334,0.334
2-Jul-09,0.339,0.339
3-Jul-09,0.348,0.348
4-Jul-09,0.348,0.348
5-Jul-09,0.348,0.348
6-Jul-09,0.349,0.349
7-Jul-09,0.349,0.349
8-Jul-09,0.353,0.353
9-Jul-09,0.354,0.354
10-Jul-09,0.367,0.367
11-Jul-09,0.371,0.371
12-Jul-09,0.375,0.375
13-Jul-09,0.381,0.381
14-Jul-09,0.383,0.383
15-Jul-09,0.381,0.381
16-Jul-09,0.381,0.381
17-Jul-09,0.384,0.384
18-Jul-09,0.389,0.389
19-Jul-09,0.391,0.391
20-Jul-09,0.402,0.402
21-Jul-09,0.402,0.402
22-Jul-09,0.402,0.402
23-Jul-09,0.403,0.403
24-Jul-09,0.401,0.401
25-Jul-09,0.401,0.401
26-Jul-09,0.406,0.406
27-Jul-09,0.411,0.411
28-Jul-09,0.419,0.419
29-Jul-09,0.418,0.418
30-Jul-09,0.411,0.411
31-Jul-09,0.654,0.654
1-Aug-09,0.661,0.661
2-Aug-09,0.669,0.669
3-Aug-09,0.676,0.676
4-Aug-09,0.684,0.684
5-Aug-09,0.654,0.654
6-Aug-09,0.653,0.653
7-Aug-09,0.652,0.652
8-Aug-09,0.651,0.651
9-Aug-09,0.824,0.824
10-Aug-09,0.824,0.824
11-Aug-09,0.481,0.481
12-Aug-09,0.477,0.477
13-Aug-09,0.524,0.524
14-Aug-09,0.517,0.517
15-Aug-09,0.492,0.492
16-Aug-09,0.508,0.508
17-Aug-09,0.507,0.507
18-Aug-09,0.507,0.507
19-Aug-09,0.506,0.506
20-Aug-09,0.504,0.504
21-Aug-09,0.505,0.505
22-Aug-09,0.504,0.504
23-Aug-09,0.505,0.505
24-Aug-09,0.496,0.496
25-Aug-09,0.505,0.505
26-Aug-09,0.499,0.499
27-Aug-09,0.44,0.44
28-Aug-09,0.441,0.441
29-Aug-09,0.452,0.452
30-Aug-09,0.442,0.442
31-Aug-09,0.446,0.446
1-Sep-09,0.437,0.437
2-Sep-09,0.424,0.424
3-Sep-09,0.419,0.419
4-Sep-09,0.419,0.419
5-Sep-09,0.414,0.414
6-Sep-09,0.414,0.414
7-Sep-09,0.414,0.414
8-Sep-09,0.412,0.412
9-Sep-09,0.407,0.407
10-Sep-09,0.404,0.404
11-Sep-09,0.405,0.405
12-Sep-09,0.406,0.406
13-Sep-09,0.407,0.407
14-Sep-09,0.399,0.399
15-Sep-09,0.395,0.395
16-Sep-09,0.397,0.397
17-Sep-09,0.391,0.391
18-Sep-09,0.397,0.397
19-Sep-09,0.401,0.401
20-Sep-09,0.404,0.404
21-Sep-09,0.418,0.418
22-Sep-09,0.42,0.42
23-Sep-09,0.424,0.424
24-Sep-09,0.44,0.44
25-Sep-09,,
26-Sep-09,,
27-Sep-09,,
28-Sep-09,-0.025,-0.025
29-Sep-09,-0.024,-0.024
30-Sep-09,-0.024,-0.024
1-Oct-09,-0.024,-0.024
2-Oct-09,-0.024,-0.024
3-Oct-09,-0.024,-0.024
4-Oct-09,-0.023,-0.023
5-Oct-09,0.074,0.074
6-Oct-09,0.075,0.075
7-Oct-09,0.075,0.075
8-Oct-09,0.076,0.076
9-Oct-09,,
10-Oct-09,,
11-Oct-09,,
12-Oct-09,,
13-Oct-09,,
14-Oct-09,,
15-Oct-09,,
16-Oct-09,,
17-Oct-09,,
18-Oct-09,,
19-Oct-09,,
20-Oct-09,,
21-Oct-09,,
22-Oct-09,,
23-Oct-09,,
24-Oct-09,,
25-Oct-09,,
26-Oct-09,,
27-Oct-09,,
28-Oct-09,,
29-Oct-09,,
30-Oct-09,,
31-Oct-09,,
1-Nov-09,,
2-Nov-09,,
3-Nov-09,,
4-Nov-09,,
5-Nov-09,,
6-Nov-09,,
7-Nov-09,,
8-Nov-09,,
9-Nov-09,,
10-Nov-09,,
11-Nov-09,,
12-Nov-09,,
13-Nov-09,,
14-Nov-09,,
15-Nov-09,,
16-Nov-09,,
17-Nov-09,,
18-Nov-09,,
19-Nov-09,,
20-Nov-09,,
21-Nov-09,,
22-Nov-09,,
23-Nov-09,,
24-Nov-09,,
25-Nov-09,,
26-Nov-09,,
27-Nov-09,,
28-Nov-09,,
29-Nov-09,,
30-Nov-09,,
1-Dec-09,,
2-Dec-09,,
3-Dec-09,,
4-Dec-09,,
5-Dec-09,,
6-Dec-09,,
7-Dec-09,,
8-Dec-09,,
9-Dec-09,,
10-Dec-09,,
11-Dec-09,,
12-Dec-09,,
13-Dec-09,,
14-Dec-09,,
15-Dec-09,,
16-Dec-09,,
17-Dec-09,,
18-Dec-09,,
19-Dec-09,,
20-Dec-09,,
21-Dec-09,,
22-Dec-09,,
23-Dec-09,,
24-Dec-09,,
25-Dec-09,,
26-Dec-09,,
27-Dec-09,,
28-Dec-09,,
29-Dec-09,,
30-Dec-09,,
31-Dec-09,,
1-Jan-10,,
2-Jan-10,,
3-Jan-10,,
4-Jan-10,,
5-Jan-10,,
6-Jan-10,,
7-Jan-10,,
8-Jan-10,,
9-Jan-10,,
10-Jan-10,,
11-Jan-10,,
12-Jan-10,,
13-Jan-10,,
14-Jan-10,,
15-Jan-10,,
16-Jan-10,,
17-Jan-10,,
18-Jan-10,,
19-Jan-10,,
20-Jan-10,,
21-Jan-10,,
22-Jan-10,,
23-Jan-10,,
24-Jan-10,,
25-Jan-10,,
26-Jan-10,,
27-Jan-10,,
28-Jan-10,,
29-Jan-10,,
30-Jan-10,,
31-Jan-10,,
1-Feb-10,,
2-Feb-10,,
3-Feb-10,,
4-Feb-10,,
5-Feb-10,,
6-Feb-10,,
7-Feb-10,,
8-Feb-10,,
9-Feb-10,,
10-Feb-10,,
11-Feb-10,,
12-Feb-10,,
13-Feb-10,,
14-Feb-10,,
15-Feb-10,,
16-Feb-10,,
17-Feb-10,,
18-Feb-10,,
19-Feb-10,,
20-Feb-10,,
21-Feb-10,,
22-Feb-10,,
23-Feb-10,,
24-Feb-10,,
25-Feb-10,,
26-Feb-10,,
27-Feb-10,,
28-Feb-10,,
1-Mar-10,,
2-Mar-10,,
3-Mar-10,,
4-Mar-10,,
5-Mar-10,,
6-Mar-10,-0.065,-0.065
7-Mar-10,-0.066,-0.066
8-Mar-10,-0.066,-0.066
9-Mar-10,-0.057,-0.057
10-Mar-10,-0.057,-0.057
11-Mar-10,-0.057,-0.057
12-Mar-10,-0.055,-0.055
13-Mar-10,-0.055,-0.055
14-Mar-10,-0.053,-0.053
15-Mar-10,-0.051,-0.051
16-Mar-10,-0.051,-0.051
17-Mar-10,-0.051,-0.051
18-Mar-10,-0.051,-0.051
19-Mar-10,-0.049,-0.049
20-Mar-10,-0.049,-0.049
21-Mar-10,-0.049,-0.049
22-Mar-10,-0.048,-0.048
23-Mar-10,-0.048,-0.048
24-Mar-10,-0.048,-0.048
25-Mar-10,-0.048,-0.048
26-Mar-10,-0.048,-0.048
27-Mar-10,-0.047,-0.047
28-Mar-10,-0.045,-0.045
29-Mar-10,-0.048,-0.048
30-Mar-10,-0.049,-0.049
31-Mar-10,-0.05,-0.05
1-Apr-10,-0.05,-0.05
2-Apr-10,-0.05,-0.05
3-Apr-10,-0.05,-0.05
4-Apr-10,-0.05,-0.05
5-Apr-10,-0.053,-0.053
6-Apr-10,-0.034,-0.034
7-Apr-10,-0.054,-0.054
8-Apr-10,-0.055,-0.055
9-Apr-10,-0.056,-0.056
10-Apr-10,-0.057,-0.057
11-Apr-10,-0.041,-0.041
12-Apr-10,-0.043,-0.043
13-Apr-10,-0.046,-0.046
14-Apr-10,-0.063,-0.063
15-Apr-10,-0.047,-0.047
16-Apr-10,-0.047,-0.047
17-Apr-10,-0.048,-0.048
18-Apr-10,-0.049,-0.049
19-Apr-10,-0.049,-0.049
20-Apr-10,-0.049,-0.049
21-Apr-10,-0.065,-0.065
22-Apr-10,-0.065,-0.065
23-Apr-10,-0.051,-0.051
24-Apr-10,-0.052,-0.052
25-Apr-10,-0.053,-0.053
26-Apr-10,-0.053,-0.053
27-Apr-10,-0.069,-0.069
28-Apr-10,-0.071,-0.071
29-Apr-10,-0.069,-0.069
30-Apr-10,-0.07,-0.07
1-May-10,-0.07,-0.07
2-May-10,-0.07,-0.07
3-May-10,-0.057,-0.057
4-May-10,-0.076,-0.076
5-May-10,-0.058,-0.058
6-May-10,-0.059,-0.059
7-May-10,-0.058,-0.058
8-May-10,-0.059,-0.059
9-May-10,-0.059,-0.059
10-May-10,-0.058,-0.058
11-May-10,-0.061,-0.061
12-May-10,-0.064,-0.064
13-May-10,-0.064,-0.064
14-May-10,-0.068,-0.068
15-May-10,-0.07,-0.07
16-May-10,-0.069,-0.069
17-May-10,-0.071,-0.071
18-May-10,-0.073,-0.073
19-May-10,-0.072,-0.072
20-May-10,-0.074,-0.074
21-May-10,-0.08,-0.08
22-May-10,-0.084,-0.084
23-May-10,-0.087,-0.087
24-May-10,-0.088,-0.088
25-May-10,-0.088,-0.088
26-May-10,-0.089,-0.089
27-May-10,-0.09,-0.09
28-May-10,-0.083,-0.083
29-May-10,-0.083,-0.083
30-May-10,-0.063,-0.063
31-May-10,-0.062,-0.062
1-Jun-10,-0.069,-0.069
2-Jun-10,0.272,0.272
3-Jun-10,0.27,0.27
4-Jun-10,0.267,0.267
5-Jun-10,0.268,0.268
6-Jun-10,0.268,0.268
7-Jun-10,0.269,0.269
8-Jun-10,0.268,0.268
9-Jun-10,0.276,0.276
10-Jun-10,0.276,0.276
11-Jun-10,0.302,0.302
12-Jun-10,0.304,0.304
13-Jun-10,0.313,0.313
14-Jun-10,0.318,0.318
15-Jun-10,0.333,0.333
16-Jun-10,0.331,0.331
17-Jun-10,0.324,0.324
18-Jun-10,0.328,0.328
19-Jun-10,0.332,0.332
20-Jun-10,0.354,0.354
21-Jun-10,0.354,0.354
22-Jun-10,0.354,0.354
23-Jun-10,0.354,0.354
24-Jun-10,0.35,0.35
25-Jun-10,0.353,0.353
26-Jun-10,0.352,0.352
27-Jun-10,0.352,0.352
28-Jun-10,0.37,0.37
29-Jun-10,0.372,0.372
30-Jun-10,0.372,0.372
1-Jul-10,0.375,0.375
2-Jul-10,0.4,0.4
3-Jul-10,0.411,0.411
4-Jul-10,0.425,0.425
5-Jul-10,0.426,0.426
6-Jul-10,0.426,0.426
7-Jul-10,0.427,0.427
8-Jul-10,0.433,0.433
9-Jul-10,0.435,0.435
10-Jul-10,0.458,0.458
11-Jul-10,0.451,0.451
12-Jul-10,0.451,0.451
13-Jul-10,0.454,0.454
14-Jul-10,0.481,0.481
15-Jul-10,0.492,0.492
16-Jul-10,0.493,0.493
17-Jul-10,0.493,0.493
18-Jul-10,0.506,0.506
19-Jul-10,0.504,0.504
20-Jul-10,0.515,0.515
21-Jul-10,0.508,0.508
22-Jul-10,0.509,0.509
23-Jul-10,0.509,0.509
24-Jul-10,0.512,0.512
25-Jul-10,0.513,0.513
26-Jul-10,0.513,0.513
27-Jul-10,0.516,0.516
28-Jul-10,0.517,0.517
29-Jul-10,0.516,0.516
30-Jul-10,0.509,0.509
31-Jul-10,0.512,0.512
1-Aug-10,0.512,0.512
2-Aug-10,0.507,0.507
3-Aug-10,0.508,0.508
4-Aug-10,0.502,0.502
5-Aug-10,0.494,0.494
6-Aug-10,0.505,0.505
7-Aug-10,0.51,0.51
8-Aug-10,0.507,0.507
9-Aug-10,0.506,0.506
10-Aug-10,0.51,0.51
11-Aug-10,0.55,0.55
12-Aug-10,0.55,0.55
13-Aug-10,0.55,0.55
14-Aug-10,0.556,0.556
15-Aug-10,0.558,0.558
16-Aug-10,0.558,0.558
17-Aug-10,0.559,0.559
18-Aug-10,0.567,0.567
19-Aug-10,0.567,0.567
20-Aug-10,0.567,0.567
21-Aug-10,0.564,0.564
22-Aug-10,0.565,0.565
23-Aug-10,0.555,0.555
24-Aug-10,0.551,0.551
25-Aug-10,0.511,0.511
26-Aug-10,0.505,0.505
27-Aug-10,0.518,0.518
28-Aug-10,0.508,0.508
29-Aug-10,0.446,0.446
30-Aug-10,0.446,0.446
31-Aug-10,0.467,0.467
1-Sep-10,0.468,0.468
2-Sep-10,0.444,0.444
3-Sep-10,0.444,0.444
4-Sep-10,0.463,0.463
5-Sep-10,0.464,0.464
6-Sep-10,0.464,0.464
7-Sep-10,0.466,0.466
8-Sep-10,0.468,0.468
9-Sep-10,0.47,0.47
10-Sep-10,0.471,0.471
11-Sep-10,0.469,0.469
12-Sep-10,0.46,0.46
13-Sep-10,0.46,0.46
14-Sep-10,0.455,0.455
15-Sep-10,0.457,0.457
16-Sep-10,0.448,0.448
17-Sep-10,0.449,0.449
18-Sep-10,0.457,0.457
19-Sep-10,0.457,0.457
20-Sep-10,0.449,0.449
21-Sep-10,0.437,0.437
22-Sep-10,0.438,0.438
23-Sep-10,0.439,0.439
24-Sep-10,0.44,0.44
25-Sep-10,0.441,0.441
26-Sep-10,0.041,0.041
27-Sep-10,0.041,0.041
28-Sep-10,0.041,0.041
29-Sep-10,0.038,0.038
30-Sep-10,0.038,0.038
1-Oct-10,0.041,0.041
2-Oct-10,0.04,0.04
3-Oct-10,0.04,0.04
4-Oct-10,0.04,0.04
5-Oct-10,0.028,0.028
6-Oct-10,0.027,0.027
7-Oct-10,0.013,0.013
8-Oct-10,-0.007,-0.007
9-Oct-10,-0.008,-0.008
10-Oct-10,-0.008,-0.008
11-Oct-10,-0.042,-0.042
12-Oct-10,-0.042,-0.042
13-Oct-10,-0.043,-0.043
14-Oct-10,-0.044,-0.044
15-Oct-10,-0.045,-0.045
16-Oct-10,-0.047,-0.047
17-Oct-10,-0.054,-0.054
18-Oct-10,-0.056,-0.056
19-Oct-10,-0.057,-0.057
20-Oct-10,-0.057,-0.057
21-Oct-10,-0.058,-0.058
22-Oct-10,-0.058,-0.058
23-Oct-10,-0.109,-0.109
24-Oct-10,-0.11,-0.11
25-Oct-10,-0.111,-0.111
26-Oct-10,-0.112,-0.112
27-Oct-10,,
28-Oct-10,,
29-Oct-10,,
30-Oct-10,,
31-Oct-10,,
1-Nov-10,,
2-Nov-10,,
3-Nov-10,,
4-Nov-10,,
5-Nov-10,,
6-Nov-10,,
7-Nov-10,,
8-Nov-10,,
9-Nov-10,,
10-Nov-10,,
11-Nov-10,,
12-Nov-10,,
13-Nov-10,,
14-Nov-10,,
15-Nov-10,,
16-Nov-10,,
17-Nov-10,,
18-Nov-10,,
19-Nov-10,,
20-Nov-10,,
21-Nov-10,,
22-Nov-10,,
23-Nov-10,,
24-Nov-10,,
25-Nov-10,,
26-Nov-10,,
27-Nov-10,,
28-Nov-10,,
29-Nov-10,,
30-Nov-10,,
1-Dec-10,,
2-Dec-10,,
3-Dec-10,,
4-Dec-10,,
5-Dec-10,,
6-Dec-10,,
7-Dec-10,,
8-Dec-10,,
9-Dec-10,,
10-Dec-10,,
11-Dec-10,,
12-Dec-10,,
13-Dec-10,,
14-Dec-10,,
15-Dec-10,,
16-Dec-10,,
17-Dec-10,,
18-Dec-10,,
19-Dec-10,,
20-Dec-10,,
21-Dec-10,,
22-Dec-10,,
23-Dec-10,,
24-Dec-10,,
25-Dec-10,,
26-Dec-10,,
27-Dec-10,,
28-Dec-10,,
29-Dec-10,,
30-Dec-10,,
31-Dec-10,,
1-Jan-11,,
2-Jan-11,,
3-Jan-11,,
4-Jan-11,,
5-Jan-11,,
6-Jan-11,,
7-Jan-11,,
8-Jan-11,,
9-Jan-11,,
10-Jan-11,,
11-Jan-11,,
12-Jan-11,,
13-Jan-11,,
14-Jan-11,,
15-Jan-11,,
16-Jan-11,,
17-Jan-11,,
18-Jan-11,,
19-Jan-11,,
20-Jan-11,,
21-Jan-11,,
22-Jan-11,,
23-Jan-11,,
24-Jan-11,,
25-Jan-11,,
26-Jan-11,,
27-Jan-11,,
28-Jan-11,,
29-Jan-11,,
30-Jan-11,,
31-Jan-11,,
1-Feb-11,,
2-Feb-11,,
3-Feb-11,,
4-Feb-11,,
5-Feb-11,,
6-Feb-11,,
7-Feb-11,,
8-Feb-11,,
9-Feb-11,,
10-Feb-11,,
11-Feb-11,,
12-Feb-11,,
13-Feb-11,,
14-Feb-11,,
15-Feb-11,,
16-Feb-11,,
17-Feb-11,,
18-Feb-11,,
19-Feb-11,,
20-Feb-11,-0.061,-0.061
21-Feb-11,-0.061,-0.061
22-Feb-11,-0.06,-0.06
23-Feb-11,-0.06,-0.06
24-Feb-11,-0.059,-0.059
25-Feb-11,-0.049,-0.049
26-Feb-11,-0.049,-0.049
27-Feb-11,-0.048,-0.048
28-Feb-11,-0.047,-0.047
1-Mar-11,-0.041,-0.041
2-Mar-11,-0.04,-0.04
3-Mar-11,-0.039,-0.039
4-Mar-11,-0.039,-0.039
5-Mar-11,-0.036,-0.036
6-Mar-11,-0.036,-0.036
7-Mar-11,-0.036,-0.036
8-Mar-11,-0.035,-0.035
9-Mar-11,-0.035,-0.035
10-Mar-11,-0.035,-0.035
11-Mar-11,-0.034,-0.034
12-Mar-11,-0.034,-0.034
13-Mar-11,-0.035,-0.035
14-Mar-11,-0.034,-0.034
15-Mar-11,-0.034,-0.034
16-Mar-11,-0.034,-0.034
17-Mar-11,-0.035,-0.035
18-Mar-11,-0.035,-0.035
19-Mar-11,-0.035,-0.035
20-Mar-11,-0.034,-0.034
21-Mar-11,-0.035,-0.035
22-Mar-11,-0.036,-0.036
23-Mar-11,-0.036,-0.036
24-Mar-11,-0.041,-0.041
25-Mar-11,-0.041,-0.041
26-Mar-11,-0.041,-0.041
27-Mar-11,-0.041,-0.041
28-Mar-11,-0.038,-0.038
29-Mar-11,-0.036,-0.036
30-Mar-11,-0.038,-0.038
31-Mar-11,-0.038,-0.038
1-Apr-11,-0.038,-0.038
2-Apr-11,-0.034,-0.034
3-Apr-11,-0.035,-0.035
4-Apr-11,-0.035,-0.035
5-Apr-11,-0.035,-0.035
6-Apr-11,-0.035,-0.035
7-Apr-11,-0.034,-0.034
8-Apr-11,-0.034,-0.034
9-Apr-11,-0.033,-0.033
10-Apr-11,-0.033,-0.033
11-Apr-11,-0.033,-0.033
12-Apr-11,-0.033,-0.033
13-Apr-11,-0.032,-0.032
14-Apr-11,-0.033,-0.033
15-Apr-11,-0.032,-0.032
16-Apr-11,-0.032,-0.032
17-Apr-11,-0.032,-0.032
18-Apr-11,-0.033,-0.033
19-Apr-11,-0.032,-0.032
20-Apr-11,-0.031,-0.031
21-Apr-11,-0.031,-0.031
22-Apr-11,-0.032,-0.032
23-Apr-11,-0.034,-0.034
24-Apr-11,-0.034,-0.034
25-Apr-11,-0.035,-0.035
26-Apr-11,-0.035,-0.035
27-Apr-11,-0.036,-0.036
28-Apr-11,-0.036,-0.036
29-Apr-11,-0.036,-0.036
30-Apr-11,-0.036,-0.036
1-May-11,-0.037,-0.037
2-May-11,-0.037,-0.037
3-May-11,-0.037,-0.037
4-May-11,-0.038,-0.038
5-May-11,-0.039,-0.039
6-May-11,-0.038,-0.038
7-May-11,-0.038,-0.038
8-May-11,-0.038,-0.038
9-May-11,-0.038,-0.038
10-May-11,-0.048,-0.048
11-May-11,-0.049,-0.049
12-May-11,-0.048,-0.048
13-May-11,-0.052,-0.052
14-May-11,-0.052,-0.052
15-May-11,-0.068,-0.068
16-May-11,-0.059,-0.059
17-May-11,-0.057,-0.057
18-May-11,-0.058,-0.058
19-May-11,-0.058,-0.058
20-May-11,-0.058,-0.058
21-May-11,-0.059,-0.059
22-May-11,-0.058,-0.058
23-May-11,-0.062,-0.062
24-May-11,-0.062,-0.062
25-May-11,-0.055,-0.055
26-May-11,0.074,0.074
27-May-11,0.074,0.074
28-May-11,0.198,0.198
29-May-11,-0.033,-0.033
30-May-11,-0.033,-0.033
31-May-11,-0.105,-0.105
1-Jun-11,0.19,0.19
2-Jun-11,0.172,0.172
3-Jun-11,0.172,0.172
4-Jun-11,0.167,0.167
5-Jun-11,0.166,0.166
6-Jun-11,0.166,0.166
7-Jun-11,0.224,0.224
8-Jun-11,0.235,0.235
9-Jun-11,0.262,0.262
10-Jun-11,0.258,0.258
11-Jun-11,0.259,0.259
12-Jun-11,0.259,0.259
13-Jun-11,0.254,0.254
14-Jun-11,0.267,0.267
15-Jun-11,0.271,0.271
16-Jun-11,0.273,0.273
17-Jun-11,0.282,0.282
18-Jun-11,0.303,0.303
19-Jun-11,0.326,0.326
20-Jun-11,0.339,0.339
21-Jun-11,0.338,0.338
22-Jun-11,0.34,0.34
23-Jun-11,0.348,0.348
24-Jun-11,0.366,0.366
25-Jun-11,0.373,0.373
26-Jun-11,0.378,0.378
27-Jun-11,0.378,0.378
28-Jun-11,0.391,0.391
29-Jun-11,0.398,0.398
30-Jun-11,0.394,0.394
1-Jul-11,0.405,0.405
2-Jul-11,0.41,0.41
3-Jul-11,0.423,0.423
4-Jul-11,0.432,0.432
5-Jul-11,0.436,0.436
6-Jul-11,0.459,0.459
7-Jul-11,0.477,0.477
8-Jul-11,0.488,0.488
9-Jul-11,0.49,0.49
10-Jul-11,0.482,0.482
11-Jul-11,0.503,0.503
12-Jul-11,0.503,0.503
13-Jul-11,0.494,0.494
14-Jul-11,0.503,0.503
15-Jul-11,0.499,0.499
16-Jul-11,0.497,0.497
17-Jul-11,0.497,0.497
18-Jul-11,0.497,0.497
19-Jul-11,0.496,0.496
20-Jul-11,0.496,0.496
21-Jul-11,0.495,0.495
22-Jul-11,0.501,0.501
23-Jul-11,0.525,0.525
24-Jul-11,0.503,0.503
25-Jul-11,0.504,0.504
26-Jul-11,0.538,0.538
27-Jul-11,0.54,0.54
28-Jul-11,0.54,0.54
29-Jul-11,0.561,0.561
30-Jul-11,0.573,0.573
31-Jul-11,0.575,0.575
1-Aug-11,0.577,0.577
2-Aug-11,0.578,0.578
3-Aug-11,0.579,0.579
4-Aug-11,0.583,0.583
5-Aug-11,0.583,0.583
6-Aug-11,0.591,0.591
7-Aug-11,0.582,0.582
8-Aug-11,0.586,0.586
9-Aug-11,0.585,0.585
10-Aug-11,0.597,0.597
11-Aug-11,0.595,0.595
12-Aug-11,0.588,0.588
13-Aug-11,0.579,0.579
14-Aug-11,0.545,0.545
15-Aug-11,0.504,0.504
16-Aug-11,0.505,0.505
17-Aug-11,0.507,0.507
18-Aug-11,0.507,0.507
19-Aug-11,0.509,0.509
20-Aug-11,0.492,0.492
21-Aug-11,0.492,0.492
22-Aug-11,0.513,0.513
23-Aug-11,0.513,0.513
24-Aug-11,0.516,0.516
25-Aug-11,0.523,0.523
26-Aug-11,0.527,0.527
27-Aug-11,0.527,0.527
28-Aug-11,0.531,0.531
29-Aug-11,0.531,0.531
30-Aug-11,0.531,0.531
31-Aug-11,0.532,0.532
1-Sep-11,0.533,0.533
2-Sep-11,0.533,0.533
3-Sep-11,0.533,0.533
4-Sep-11,0.537,0.537
5-Sep-11,0.546,0.546
6-Sep-11,0.534,0.534
7-Sep-11,0.513,0.513
8-Sep-11,0.526,0.526
9-Sep-11,0.542,0.542
10-Sep-11,0.519,0.519
11-Sep-11,0.491,0.491
12-Sep-11,0.492,0.492
13-Sep-11,0.493,0.493
14-Sep-11,0.494,0.494
15-Sep-11,0.494,0.494
16-Sep-11,0.496,0.496
17-Sep-11,0.496,0.496
18-Sep-11,0.497,0.497
19-Sep-11,0.498,0.498
20-Sep-11,0.499,0.499
21-Sep-11,0.415,0.415
22-Sep-11,,
23-Sep-11,,
24-Sep-11,,
25-Sep-11,,
26-Sep-11,,
27-Sep-11,,
28-Sep-11,,
29-Sep-11,,
30-Sep-11,,
1-Oct-11,,
2-Oct-11,,
3-Oct-11,,
4-Oct-11,,
5-Oct-11,,
6-Oct-11,0.104,0.104
7-Oct-11,0.104,0.104
8-Oct-11,0.104,0.104
9-Oct-11,0.104,0.104
10-Oct-11,0.104,0.104
11-Oct-11,0.104,0.104
12-Oct-11,0.104,0.104
13-Oct-11,0.104,0.104
14-Oct-11,0.104,0.104
15-Oct-11,0.104,0.104
16-Oct-11,0.104,0.104
17-Oct-11,0.104,0.104
18-Oct-11,0.104,0.104
19-Oct-11,0.104,0.104
20-Oct-11,0.104,0.104
21-Oct-11,0.104,0.104
22-Oct-11,,
23-Oct-11,,
24-Oct-11,,
25-Oct-11,,
26-Oct-11,,
27-Oct-11,,
28-Oct-11,,
29-Oct-11,,
30-Oct-11,,
31-Oct-11,,
1-Nov-11,,
2-Nov-11,,
3-Nov-11,,
4-Nov-11,,
5-Nov-11,,
6-Nov-11,,
7-Nov-11,,
8-Nov-11,,
9-Nov-11,,
10-Nov-11,,
11-Nov-11,,
12-Nov-11,,
13-Nov-11,,
14-Nov-11,,
15-Nov-11,,
16-Nov-11,,
17-Nov-11,,
18-Nov-11,,
19-Nov-11,,
20-Nov-11,,
21-Nov-11,,
22-Nov-11,,
23-Nov-11,,
24-Nov-11,,
25-Nov-11,,
26-Nov-11,,
27-Nov-11,,
28-Nov-11,,
29-Nov-11,,
30-Nov-11,,
1-Dec-11,,
2-Dec-11,,
3-Dec-11,,
4-Dec-11,,
5-Dec-11,,
6-Dec-11,,
7-Dec-11,,
8-Dec-11,,
9-Dec-11,,
10-Dec-11,,
11-Dec-11,,
12-Dec-11,,
13-Dec-11,,
14-Dec-11,,
15-Dec-11,,
16-Dec-11,,
17-Dec-11,,
18-Dec-11,,
19-Dec-11,,
20-Dec-11,,
21-Dec-11,,
22-Dec-11,,
23-Dec-11,,
24-Dec-11,,
25-Dec-11,,
26-Dec-11,,
27-Dec-11,,
28-Dec-11,,
29-Dec-11,,
30-Dec-11,,
31-Dec-11,,
1-Jan-12,,
2-Jan-12,,
3-Jan-12,,
4-Jan-12,,
5-Jan-12,,
6-Jan-12,,
7-Jan-12,,
8-Jan-12,,
9-Jan-12,,
10-Jan-12,,
11-Jan-12,,
12-Jan-12,,
13-Jan-12,,
14-Jan-12,,
15-Jan-12,,
16-Jan-12,,
17-Jan-12,,
18-Jan-12,,
19-Jan-12,,
20-Jan-12,,
21-Jan-12,,
22-Jan-12,,
23-Jan-12,,
24-Jan-12,,
25-Jan-12,,
26-Jan-12,,
27-Jan-12,,
28-Jan-12,,
29-Jan-12,,
30-Jan-12,,
31-Jan-12,,
1-Feb-12,,
2-Feb-12,,
3-Feb-12,,
4-Feb-12,,
5-Feb-12,,
6-Feb-12,,
7-Feb-12,,
8-Feb-12,,
9-Feb-12,,
10-Feb-12,,
11-Feb-12,,
12-Feb-12,,
13-Feb-12,,
14-Feb-12,,
15-Feb-12,,
16-Feb-12,,
17-Feb-12,,
18-Feb-12,,
19-Feb-12,,
20-Feb-12,-0.067,-0.067
21-Feb-12,-0.066,-0.066
22-Feb-12,-0.066,-0.066
23-Feb-12,-0.065,-0.065
24-Feb-12,-0.05,-0.05
25-Feb-12,-0.049,-0.049
26-Feb-12,-0.049,-0.049
27-Feb-12,-0.048,-0.048
28-Feb-12,-0.047,-0.047
29-Feb-12,-0.036,-0.036
1-Mar-12,-0.035,-0.035
2-Mar-12,-0.034,-0.034
3-Mar-12,-0.028,-0.028
4-Mar-12,-0.028,-0.028
5-Mar-12,-0.028,-0.028
6-Mar-12,-0.027,-0.027
7-Mar-12,-0.021,-0.021
8-Mar-12,-0.021,-0.021
9-Mar-12,-0.02,-0.02
10-Mar-12,-0.02,-0.02
11-Mar-12,-0.019,-0.019
12-Mar-12,,
13-Mar-12,,
14-Mar-12,,
15-Mar-12,,
16-Mar-12,,
17-Mar-12,,
18-Mar-12,,
19-Mar-12,,
20-Mar-12,,
21-Mar-12,,
22-Mar-12,,
23-Mar-12,,
24-Mar-12,-0.028,-0.028
25-Mar-12,-0.037,-0.037
26-Mar-12,-0.037,-0.037
27-Mar-12,-0.037,-0.037
28-Mar-12,-0.037,-0.037
29-Mar-12,-0.037,-0.037
30-Mar-12,-0.037,-0.037
31-Mar-12,-0.035,-0.035
1-Apr-12,-0.035,-0.035
2-Apr-12,-0.035,-0.035
3-Apr-12,-0.035,-0.035
4-Apr-12,-0.035,-0.035
5-Apr-12,-0.035,-0.035
6-Apr-12,-0.034,-0.034
7-Apr-12,-0.033,-0.033
8-Apr-12,-0.033,-0.033
9-Apr-12,-0.034,-0.034
10-Apr-12,-0.032,-0.032
11-Apr-12,-0.033,-0.033
12-Apr-12,-0.032,-0.032
13-Apr-12,-0.032,-0.032
14-Apr-12,-0.032,-0.032
15-Apr-12,-0.032,-0.032
16-Apr-12,-0.032,-0.032
17-Apr-12,-0.032,-0.032
18-Apr-12,-0.032,-0.032
19-Apr-12,-0.035,-0.035
20-Apr-12,-0.031,-0.031
21-Apr-12,-0.031,-0.031
22-Apr-12,-0.032,-0.032
23-Apr-12,-0.032,-0.032
24-Apr-12,-0.033,-0.033
25-Apr-12,-0.032,-0.032
26-Apr-12,-0.032,-0.032
27-Apr-12,-0.033,-0.033
28-Apr-12,-0.033,-0.033
29-Apr-12,-0.033,-0.033
30-Apr-12,-0.03,-0.03
1-May-12,-0.03,-0.03
2-May-12,-0.03,-0.03
3-May-12,-0.03,-0.03
4-May-12,-0.03,-0.03
5-May-12,-0.036,-0.036
6-May-12,-0.042,-0.042
7-May-12,-0.043,-0.043
8-May-12,-0.043,-0.043
9-May-12,-0.043,-0.043
10-May-12,-0.043,-0.043
11-May-12,-0.043,-0.043
12-May-12,-0.056,-0.056
13-May-12,-0.048,-0.048
14-May-12,-0.047,-0.047
15-May-12,-0.047,-0.047
16-May-12,-0.047,-0.047
17-May-12,-0.047,-0.047
18-May-12,-0.047,-0.047
19-May-12,-0.047,-0.047
20-May-12,-0.049,-0.049
21-May-12,-0.038,-0.038
22-May-12,-0.034,-0.034
23-May-12,-0.034,-0.034
24-May-12,-0.034,-0.034
25-May-12,-0.034,-0.034
26-May-12,-0.034,-0.034
27-May-12,-0.034,-0.034
28-May-12,-0.021,-0.021
29-May-12,-0.192,-0.192
30-May-12,-0.192,-0.192
31-May-12,-0.191,-0.191
1-Jun-12,-0.191,-0.191
2-Jun-12,0.116,0.116
3-Jun-12,0.187,0.187
4-Jun-12,0.159,0.159
5-Jun-12,,
6-Jun-12,,
7-Jun-12,0.211,0.211
8-Jun-12,0.225,0.225
9-Jun-12,0.262,0.262
10-Jun-12,0.271,0.271
11-Jun-12,0.272,0.272
12-Jun-12,0.274,0.274
13-Jun-12,0.288,0.288
14-Jun-12,0.305,0.305
15-Jun-12,0.315,0.315
16-Jun-12,0.318,0.318
17-Jun-12,0.319,0.319
18-Jun-12,0.325,0.325
19-Jun-12,0.329,0.329
20-Jun-12,0.347,0.347
21-Jun-12,0.356,0.356
22-Jun-12,0.359,0.359
23-Jun-12,0.365,0.365
24-Jun-12,0.381,0.381
25-Jun-12,0.403,0.403
26-Jun-12,0.436,0.436
27-Jun-12,0.449,0.449
28-Jun-12,0.463,0.463
29-Jun-12,0.468,0.468
30-Jun-12,0.494,0.494
1-Jul-12,0.504,0.504
2-Jul-12,0.509,0.509
3-Jul-12,0.51,0.51
4-Jul-12,0.515,0.515
5-Jul-12,0.515,0.515
6-Jul-12,0.511,0.511
7-Jul-12,0.517,0.517
8-Jul-12,0.517,0.517
9-Jul-12,0.519,0.519
10-Jul-12,0.525,0.525
11-Jul-12,0.53,0.53
12-Jul-12,0.532,0.532
13-Jul-12,0.536,0.536
14-Jul-12,0.536,0.536
15-Jul-12,0.541,0.541
16-Jul-12,0.523,0.523
17-Jul-12,0.517,0.517
18-Jul-12,0.517,0.517
19-Jul-12,0.517,0.517
20-Jul-12,0.516,0.516
21-Jul-12,0.51,0.51
22-Jul-12,0.522,0.522
23-Jul-12,0.527,0.527
24-Jul-12,0.521,0.521
25-Jul-12,0.522,0.522
26-Jul-12,0.523,0.523
27-Jul-12,0.524,0.524
28-Jul-12,0.525,0.525
29-Jul-12,0.523,0.523
30-Jul-12,0.528,0.528
31-Jul-12,0.528,0.528
1-Aug-12,0.531,0.531
2-Aug-12,0.537,0.537
3-Aug-12,0.537,0.537
4-Aug-12,0.538,0.538
5-Aug-12,0.537,0.537
6-Aug-12,0.539,0.539
7-Aug-12,0.537,0.537
8-Aug-12,0.528,0.528
9-Aug-12,0.554,0.554
10-Aug-12,0.55,0.55
11-Aug-12,0.523,0.523
12-Aug-12,0.513,0.513
13-Aug-12,0.514,0.514
14-Aug-12,0.519,0.519
15-Aug-12,0.506,0.506
16-Aug-12,0.51,0.51
17-Aug-12,0.522,0.522
18-Aug-12,0.517,0.517
19-Aug-12,0.518,0.518
20-Aug-12,0.519,0.519
21-Aug-12,0.52,0.52
22-Aug-12,0.513,0.513
23-Aug-12,0.511,0.511
24-Aug-12,0.512,0.512
25-Aug-12,0.511,0.511
26-Aug-12,0.51,0.51
27-Aug-12,0.504,0.504
28-Aug-12,0.508,0.508
29-Aug-12,0.502,0.502
30-Aug-12,0.495,0.495
31-Aug-12,0.495,0.495
1-Sep-12,0.488,0.488
2-Sep-12,0.471,0.471
3-Sep-12,0.487,0.487
4-Sep-12,0.488,0.488
5-Sep-12,0.489,0.489
6-Sep-12,0.49,0.49
7-Sep-12,0.456,0.456
8-Sep-12,0.423,0.423
9-Sep-12,0.422,0.422
10-Sep-12,0.423,0.423
11-Sep-12,0.425,0.425
12-Sep-12,0.427,0.427
13-Sep-12,0.43,0.43
14-Sep-12,0.414,0.414
15-Sep-12,0.42,0.42
16-Sep-12,0.424,0.424
17-Sep-12,0.429,0.429
18-Sep-12,0.435,0.435
19-Sep-12,0.439,0.439
20-Sep-12,0.444,0.444
21-Sep-12,0.449,0.449
22-Sep-12,0.455,0.455
23-Sep-12,0.479,0.479
24-Sep-12,0.479,0.479
25-Sep-12,0.469,0.469
26-Sep-12,0.461,0.461
27-Sep-12,0.432,0.432
28-Sep-12,0.454,0.454
29-Sep-12,0.447,0.447
30-Sep-12,0.448,0.448
1-Oct-12,0.449,0.449
2-Oct-12,0.45,0.45
3-Oct-12,0.45,0.45
4-Oct-12,0.452,0.452
5-Oct-12,0.458,0.458
6-Oct-12,0.457,0.457
7-Oct-12,0.457,0.457
8-Oct-12,,
9-Oct-12,,
10-Oct-12,,
11-Oct-12,0.019,0.019
12-Oct-12,0.016,0.016
13-Oct-12,-0.057,-0.057
14-Oct-12,-0.058,-0.058
15-Oct-12,-0.058,-0.058
16-Oct-12,-0.059,-0.059
17-Oct-12,-0.059,-0.059
18-Oct-12,-0.094,-0.094
19-Oct-12,-0.06,-0.06
20-Oct-12,-0.061,-0.061
21-Oct-12,-0.061,-0.061
22-Oct-12,-0.062,-0.062
23-Oct-12,-0.063,-0.063
24-Oct-12,-0.064,-0.064
25-Oct-12,,
26-Oct-12,,
27-Oct-12,,
28-Oct-12,,
29-Oct-12,,
30-Oct-12,,
31-Oct-12,,
1-Nov-12,,
2-Nov-12,,
3-Nov-12,,
4-Nov-12,,
5-Nov-12,,
6-Nov-12,,
7-Nov-12,,
8-Nov-12,,
9-Nov-12,,
10-Nov-12,,
11-Nov-12,,
12-Nov-12,,
13-Nov-12,,
14-Nov-12,,
15-Nov-12,,
16-Nov-12,,
17-Nov-12,,
18-Nov-12,,
19-Nov-12,,
20-Nov-12,,
21-Nov-12,,
22-Nov-12,,
23-Nov-12,,
24-Nov-12,,
25-Nov-12,,
26-Nov-12,,
27-Nov-12,,
28-Nov-12,,
29-Nov-12,,
30-Nov-12,,
1-Dec-12,,
2-Dec-12,,
3-Dec-12,,
4-Dec-12,,
5-Dec-12,,
6-Dec-12,,
7-Dec-12,,
8-Dec-12,,
9-Dec-12,,
10-Dec-12,,
11-Dec-12,,
12-Dec-12,,
13-Dec-12,,
14-Dec-12,,
15-Dec-12,,
16-Dec-12,,
17-Dec-12,,
18-Dec-12,,
19-Dec-12,,
20-Dec-12,,
21-Dec-12,,
22-Dec-12,,
23-Dec-12,,
24-Dec-12,,
25-Dec-12,,
26-Dec-12,,
27-Dec-12,,
28-Dec-12,,
29-Dec-12,,
30-Dec-12,,
31-Dec-12,,
1-Jan-13,,
2-Jan-13,,
3-Jan-13,,
4-Jan-13,,
5-Jan-13,,
6-Jan-13,,
7-Jan-13,,
8-Jan-13,,
9-Jan-13,,
10-Jan-13,,
11-Jan-13,,
12-Jan-13,,
13-Jan-13,,
14-Jan-13,,
15-Jan-13,,
16-Jan-13,,
17-Jan-13,,
18-Jan-13,,
19-Jan-13,,
20-Jan-13,,
21-Jan-13,,
22-Jan-13,,
23-Jan-13,,
24-Jan-13,,
25-Jan-13,,
26-Jan-13,,
27-Jan-13,,
28-Jan-13,,
29-Jan-13,,
30-Jan-13,,
31-Jan-13,,
1-Feb-13,,
2-Feb-13,,
3-Feb-13,,
4-Feb-13,,
5-Feb-13,,
6-Feb-13,,
7-Feb-13,,
8-Feb-13,,
9-Feb-13,,
10-Feb-13,,
11-Feb-13,,
12-Feb-13,,
13-Feb-13,,
14-Feb-13,,
15-Feb-13,,
16-Feb-13,,
17-Feb-13,,
18-Feb-13,,
19-Feb-13,,
20-Feb-13,,
21-Feb-13,,
22-Feb-13,,
23-Feb-13,,
24-Feb-13,,
25-Feb-13,,
26-Feb-13,,
27-Feb-13,,
28-Feb-13,,
1-Mar-13,,
2-Mar-13,,
3-Mar-13,,
4-Mar-13,-0.054,-0.054
5-Mar-13,-0.043,-0.043
6-Mar-13,-0.042,-0.042
7-Mar-13,-0.042,-0.042
8-Mar-13,-0.042,-0.042
9-Mar-13,-0.042,-0.042
10-Mar-13,-0.038,-0.038
11-Mar-13,-0.038,-0.038
12-Mar-13,-0.038,-0.038
13-Mar-13,-0.037,-0.037
14-Mar-13,-0.037,-0.037
15-Mar-13,-0.037,-0.037
16-Mar-13,-0.036,-0.036
17-Mar-13,-0.036,-0.036
18-Mar-13,-0.036,-0.036
19-Mar-13,-0.036,-0.036
20-Mar-13,-0.034,-0.034
21-Mar-13,-0.036,-0.036
22-Mar-13,-0.036,-0.036
23-Mar-13,-0.036,-0.036
24-Mar-13,-0.035,-0.035
25-Mar-13,-0.035,-0.035
26-Mar-13,,
27-Mar-13,,
28-Mar-13,,
29-Mar-13,,
30-Mar-13,,
31-Mar-13,,
1-Apr-13,,
2-Apr-13,,
3-Apr-13,-0.031,-0.031
4-Apr-13,-0.031,-0.031
5-Apr-13,-0.031,-0.031
6-Apr-13,-0.035,-0.035
7-Apr-13,-0.035,-0.035
8-Apr-13,-0.035,-0.035
9-Apr-13,-0.035,-0.035
10-Apr-13,-0.035,-0.035
11-Apr-13,-0.035,-0.035
12-Apr-13,-0.036,-0.036
13-Apr-13,-0.036,-0.036
14-Apr-13,-0.035,-0.035
15-Apr-13,-0.035,-0.035
16-Apr-13,-0.036,-0.036
17-Apr-13,-0.036,-0.036
18-Apr-13,-0.037,-0.037
19-Apr-13,-0.037,-0.037
20-Apr-13,-0.037,-0.037
21-Apr-13,-0.037,-0.037
22-Apr-13,-0.038,-0.038
23-Apr-13,-0.038,-0.038
24-Apr-13,-0.038,-0.038
25-Apr-13,-0.038,-0.038
26-Apr-13,-0.038,-0.038
27-Apr-13,-0.038,-0.038
28-Apr-13,-0.038,-0.038
29-Apr-13,-0.036,-0.036
30-Apr-13,-0.036,-0.036
1-May-13,-0.036,-0.036
2-May-13,-0.035,-0.035
3-May-13,-0.035,-0.035
4-May-13,-0.035,-0.035
5-May-13,-0.035,-0.035
6-May-13,-0.035,-0.035
7-May-13,-0.035,-0.035
8-May-13,-0.036,-0.036
9-May-13,-0.038,-0.038
10-May-13,-0.039,-0.039
11-May-13,-0.04,-0.04
12-May-13,-0.041,-0.041
13-May-13,-0.043,-0.043
14-May-13,-0.047,-0.047
15-May-13,-0.053,-0.053
16-May-13,-0.055,-0.055
17-May-13,-0.055,-0.055
18-May-13,-0.06,-0.06
19-May-13,-0.063,-0.063
20-May-13,-0.067,-0.067
21-May-13,-0.067,-0.067
22-May-13,-0.067,-0.067
23-May-13,-0.067,-0.067
24-May-13,-0.069,-0.069
25-May-13,-0.071,-0.071
26-May-13,-0.071,-0.071
27-May-13,-0.071,-0.071
28-May-13,-0.072,-0.072
29-May-13,-0.072,-0.072
30-May-13,-0.074,-0.074
31-May-13,-0.074,-0.074
1-Jun-13,-0.075,-0.075
2-Jun-13,-0.075,-0.075
3-Jun-13,-0.075,-0.075
4-Jun-13,-0.056,-0.056
5-Jun-13,-0.08,-0.08
6-Jun-13,-0.08,-0.08
7-Jun-13,-0.114,-0.114
8-Jun-13,0.063,0.063
9-Jun-13,0.061,0.061
10-Jun-13,0.045,0.045
11-Jun-13,-0.154,-0.154
12-Jun-13,0.152,0.152
13-Jun-13,0.163,0.163
14-Jun-13,0.166,0.166
15-Jun-13,0.168,0.168
16-Jun-13,0.169,0.169
17-Jun-13,0.171,0.171
18-Jun-13,0.191,0.191
19-Jun-13,0.206,0.206
20-Jun-13,0.211,0.211
21-Jun-13,0.212,0.212
22-Jun-13,0.219,0.219
23-Jun-13,0.224,0.224
24-Jun-13,0.243,0.243
25-Jun-13,0.244,0.244
26-Jun-13,0.25,0.25
27-Jun-13,0.237,0.237
28-Jun-13,0.234,0.234
29-Jun-13,0.283,0.283
30-Jun-13,0.28,0.28
1-Jul-13,0.282,0.282
2-Jul-13,0.284,0.284
3-Jul-13,0.323,0.323
4-Jul-13,0.326,0.326
5-Jul-13,0.351,0.351
6-Jul-13,0.378,0.378
7-Jul-13,0.39,0.39
8-Jul-13,0.4,0.4
9-Jul-13,0.422,0.422
10-Jul-13,0.459,0.459
11-Jul-13,0.461,0.461
12-Jul-13,0.466,0.466
13-Jul-13,0.467,0.467
14-Jul-13,0.476,0.476
15-Jul-13,0.486,0.486
16-Jul-13,0.492,0.492
17-Jul-13,0.492,0.492
18-Jul-13,0.489,0.489
19-Jul-13,0.489,0.489
20-Jul-13,0.489,0.489
21-Jul-13,0.49,0.49
22-Jul-13,0.497,0.497
23-Jul-13,0.503,0.503
24-Jul-13,0.503,0.503
25-Jul-13,0.495,0.495
26-Jul-13,0.501,0.501
27-Jul-13,0.524,0.524
28-Jul-13,0.527,0.527
29-Jul-13,0.543,0.543
30-Jul-13,0.544,0.544
31-Jul-13,0.57,0.57
1-Aug-13,0.555,0.555
2-Aug-13,0.557,0.557
3-Aug-13,0.513,0.513
4-Aug-13,0.522,0.522
5-Aug-13,0.516,0.516
6-Aug-13,0.515,0.515
7-Aug-13,0.516,0.516
8-Aug-13,0.517,0.517
9-Aug-13,0.516,0.516
10-Aug-13,0.518,0.518
11-Aug-13,0.512,0.512
12-Aug-13,0.511,0.511
13-Aug-13,0.512,0.512
14-Aug-13,0.506,0.506
15-Aug-13,0.507,0.507
16-Aug-13,0.483,0.483
17-Aug-13,,
18-Aug-13,,
19-Aug-13,,
20-Aug-13,0.519,0.519
21-Aug-13,0.494,0.494
22-Aug-13,0.49,0.49
23-Aug-13,0.491,0.491
24-Aug-13,0.493,0.493
25-Aug-13,0.495,0.495
26-Aug-13,0.49,0.49
27-Aug-13,0.492,0.492
28-Aug-13,0.493,0.493
29-Aug-13,0.495,0.495
30-Aug-13,0.502,0.502
31-Aug-13,0.504,0.504
1-Sep-13,0.505,0.505
2-Sep-13,0.507,0.507
3-Sep-13,0.506,0.506
4-Sep-13,0.501,0.501
5-Sep-13,0.495,0.495
6-Sep-13,0.472,0.472
7-Sep-13,0.462,0.462
8-Sep-13,0.464,0.464
9-Sep-13,0.465,0.465
10-Sep-13,0.468,0.468
11-Sep-13,0.458,0.458
12-Sep-13,0.458,0.458
13-Sep-13,0.459,0.459
14-Sep-13,0.462,0.462
15-Sep-13,0.462,0.462
16-Sep-13,0.463,0.463
17-Sep-13,0.465,0.465
18-Sep-13,0.461,0.461
19-Sep-13,0.448,0.448
20-Sep-13,0.419,0.419
21-Sep-13,0.421,0.421
22-Sep-13,,
23-Sep-13,,
24-Sep-13,,
25-Sep-13,0.336,0.336
26-Sep-13,0.338,0.338
27-Sep-13,0.339,0.339
28-Sep-13,0.339,0.339
29-Sep-13,0.334,0.334
30-Sep-13,0.336,0.336
1-Oct-13,0.338,0.338
2-Oct-13,0.34,0.34
3-Oct-13,0.344,0.344
4-Oct-13,0.343,0.343
5-Oct-13,0.307,0.307
6-Oct-13,0.311,0.311
7-Oct-13,0.314,0.314
8-Oct-13,0.326,0.326
9-Oct-13,0.375,0.375
10-Oct-13,0.378,0.378
11-Oct-13,0.429,0.429
12-Oct-13,0.429,0.429
13-Oct-13,0.429,0.429
14-Oct-13,0.431,0.431
15-Oct-13,0.298,0.298
16-Oct-13,0.3,0.3
17-Oct-13,0.303,0.303
18-Oct-13,0.307,0.307
19-Oct-13,0.312,0.312
20-Oct-13,0.316,0.316
21-Oct-13,0.378,0.378
22-Oct-13,0.382,0.382
23-Oct-13,0.385,0.385
24-Oct-13,0.314,0.314
25-Oct-13,,
26-Oct-13,,
27-Oct-13,,
28-Oct-13,,
29-Oct-13,,
30-Oct-13,,
31-Oct-13,,
1-Nov-13,,
2-Nov-13,,
3-Nov-13,,
4-Nov-13,,
5-Nov-13,,
6-Nov-13,,
7-Nov-13,,
8-Nov-13,,
9-Nov-13,,
10-Nov-13,,
11-Nov-13,,
12-Nov-13,,
13-Nov-13,,
14-Nov-13,,
15-Nov-13,,
16-Nov-13,,
17-Nov-13,,
18-Nov-13,,
19-Nov-13,,
20-Nov-13,,
21-Nov-13,,
22-Nov-13,,
23-Nov-13,,
24-Nov-13,,
25-Nov-13,,
26-Nov-13,,
27-Nov-13,,
28-Nov-13,,
29-Nov-13,,
30-Nov-13,,
1-Dec-13,,
2-Dec-13,,
3-Dec-13,,
4-Dec-13,,
5-Dec-13,,
6-Dec-13,,
7-Dec-13,,
8-Dec-13,,
9-Dec-13,,
10-Dec-13,,
11-Dec-13,,
12-Dec-13,,
13-Dec-13,,
14-Dec-13,,
15-Dec-13,,
16-Dec-13,,
17-Dec-13,,
18-Dec-13,,
19-Dec-13,,
20-Dec-13,,
21-Dec-13,,
22-Dec-13,,
23-Dec-13,,
24-Dec-13,,
25-Dec-13,,
26-Dec-13,,
27-Dec-13,,
28-Dec-13,,
29-Dec-13,,
30-Dec-13,,
31-Dec-13,,
1-Jan-14,,
2-Jan-14,,
3-Jan-14,,
4-Jan-14,,
5-Jan-14,,
6-Jan-14,,
7-Jan-14,,
8-Jan-14,,
9-Jan-14,,
10-Jan-14,,
11-Jan-14,,
12-Jan-14,,
13-Jan-14,,
14-Jan-14,,
15-Jan-14,,
16-Jan-14,,
17-Jan-14,,
18-Jan-14,,
19-Jan-14,,
20-Jan-14,,
21-Jan-14,,
22-Jan-14,,
23-Jan-14,,
24-Jan-14,,
25-Jan-14,,
26-Jan-14,,
27-Jan-14,,
28-Jan-14,,
29-Jan-14,,
30-Jan-14,,
31-Jan-14,,
1-Feb-14,,
2-Feb-14,,
3-Feb-14,,
4-Feb-14,,
5-Feb-14,,
6-Feb-14,,
7-Feb-14,,
8-Feb-14,,
9-Feb-14,,
10-Feb-14,,
11-Feb-14,,
12-Feb-14,,
13-Feb-14,,
14-Feb-14,,
15-Feb-14,,
16-Feb-14,,
17-Feb-14,-0.036,-0.036
18-Feb-14,-0.037,-0.037
19-Feb-14,-0.037,-0.037
20-Feb-14,-0.038,-0.038
21-Feb-14,-0.038,-0.038
22-Feb-14,-0.038,-0.038
23-Feb-14,-0.038,-0.038
24-Feb-14,-0.038,-0.038
25-Feb-14,-0.039,-0.039
26-Feb-14,-0.039,-0.039
27-Feb-14,-0.036,-0.036
28-Feb-14,-0.034,-0.034
1-Mar-14,-0.034,-0.034
2-Mar-14,-0.033,-0.033
3-Mar-14,-0.033,-0.033
4-Mar-14,-0.035,-0.035
5-Mar-14,-0.032,-0.032
6-Mar-14,-0.031,-0.031
7-Mar-14,-0.032,-0.032
8-Mar-14,-0.037,-0.037
9-Mar-14,-0.037,-0.037
10-Mar-14,-0.037,-0.037
11-Mar-14,-0.037,-0.037
12-Mar-14,-0.037,-0.037
13-Mar-14,-0.037,-0.037
14-Mar-14,-0.037,-0.037
15-Mar-14,-0.037,-0.037
16-Mar-14,-0.037,-0.037
17-Mar-14,-0.037,-0.037
18-Mar-14,-0.037,-0.037
19-Mar-14,-0.035,-0.035
20-Mar-14,-0.032,-0.032
21-Mar-14,-0.032,-0.032
22-Mar-14,-0.032,-0.032
23-Mar-14,-0.03,-0.03
24-Mar-14,-0.034,-0.034
25-Mar-14,-0.034,-0.034
26-Mar-14,-0.034,-0.034
27-Mar-14,-0.034,-0.034
28-Mar-14,-0.035,-0.035
29-Mar-14,-0.035,-0.035
30-Mar-14,-0.034,-0.034
31-Mar-14,-0.037,-0.037
1-Apr-14,-0.037,-0.037
2-Apr-14,-0.035,-0.035
3-Apr-14,-0.034,-0.034
4-Apr-14,-0.035,-0.035
5-Apr-14,-0.034,-0.034
6-Apr-14,-0.034,-0.034
7-Apr-14,-0.034,-0.034
8-Apr-14,-0.034,-0.034
9-Apr-14,-0.034,-0.034
10-Apr-14,-0.034,-0.034
11-Apr-14,-0.034,-0.034
12-Apr-14,-0.034,-0.034
13-Apr-14,-0.035,-0.035
14-Apr-14,-0.035,-0.035
15-Apr-14,-0.036,-0.036
16-Apr-14,-0.035,-0.035
17-Apr-14,-0.035,-0.035
18-Apr-14,-0.037,-0.037
19-Apr-14,-0.038,-0.038
20-Apr-14,-0.038,-0.038
21-Apr-14,-0.04,-0.04
22-Apr-14,-0.039,-0.039
23-Apr-14,-0.039,-0.039
24-Apr-14,-0.04,-0.04
25-Apr-14,-0.04,-0.04
26-Apr-14,-0.045,-0.045
27-Apr-14,-0.046,-0.046
28-Apr-14,-0.046,-0.046
29-Apr-14,-0.046,-0.046
30-Apr-14,-0.046,-0.046
1-May-14,-0.047,-0.047
2-May-14,-0.049,-0.049
3-May-14,-0.05,-0.05
4-May-14,-0.055,-0.055
5-May-14,-0.055,-0.055
6-May-14,-0.054,-0.054
7-May-14,-0.056,-0.056
8-May-14,-0.06,-0.06
9-May-14,-0.06,-0.06
10-May-14,-0.061,-0.061
11-May-14,-0.061,-0.061
12-May-14,-0.056,-0.056
13-May-14,-0.054,-0.054
14-May-14,-0.054,-0.054
15-May-14,-0.059,-0.059
16-May-14,-0.059,-0.059
17-May-14,-0.059,-0.059
18-May-14,-0.059,-0.059
19-May-14,-0.08,-0.08
20-May-14,-0.045,-0.045
21-May-14,-0.009,-0.009
22-May-14,-0.008,-0.008
23-May-14,,
24-May-14,,
25-May-14,,
26-May-14,,
27-May-14,,
28-May-14,0.028,0.028
29-May-14,0.018,0.018
30-May-14,0.019,0.019
31-May-14,0.23,0.23
1-Jun-14,0.232,0.232
2-Jun-14,0.229,0.229
3-Jun-14,0.226,0.226
4-Jun-14,-0.004,-0.004
5-Jun-14,-0.003,-0.003
6-Jun-14,0.162,0.162
7-Jun-14,0.165,0.165
8-Jun-14,0.245,0.245
9-Jun-14,,
10-Jun-14,,
11-Jun-14,0.323,0.323
12-Jun-14,0.367,0.367
13-Jun-14,0.368,0.368
14-Jun-14,0.369,0.369
15-Jun-14,0.37,0.37
16-Jun-14,0.404,0.404
17-Jun-14,0.416,0.416
18-Jun-14,0.395,0.395
19-Jun-14,0.396,0.396
20-Jun-14,0.414,0.414
21-Jun-14,0.41,0.41
22-Jun-14,0.421,0.421
23-Jun-14,0.429,0.429
24-Jun-14,0.443,0.443
25-Jun-14,0.472,0.472
26-Jun-14,0.486,0.486
27-Jun-14,0.488,0.488
28-Jun-14,0.489,0.489
29-Jun-14,0.497,0.497
30-Jun-14,0.497,0.497
1-Jul-14,0.492,0.492
2-Jul-14,0.498,0.498
3-Jul-14,0.506,0.506
4-Jul-14,0.517,0.517
5-Jul-14,0.525,0.525
6-Jul-14,0.535,0.535
7-Jul-14,0.527,0.527
8-Jul-14,0.535,0.535
9-Jul-14,0.538,0.538
10-Jul-14,0.544,0.544
11-Jul-14,0.547,0.547
12-Jul-14,0.553,0.553
13-Jul-14,0.553,0.553
14-Jul-14,0.548,0.548
15-Jul-14,0.544,0.544
16-Jul-14,0.543,0.543
17-Jul-14,0.551,0.551
18-Jul-14,0.553,0.553
19-Jul-14,0.558,0.558
20-Jul-14,0.55,0.55
21-Jul-14,0.55,0.55
22-Jul-14,0.535,0.535
23-Jul-14,0.554,0.554
24-Jul-14,0.554,0.554
25-Jul-14,0.557,0.557
26-Jul-14,0.543,0.543
27-Jul-14,0.543,0.543
28-Jul-14,0.542,0.542
29-Jul-14,0.542,0.542
30-Jul-14,0.556,0.556
31-Jul-14,0.556,0.556
1-Aug-14,0.556,0.556
2-Aug-14,0.51,0.51
3-Aug-14,0.52,0.52
4-Aug-14,0.523,0.523
5-Aug-14,0.523,0.523
6-Aug-14,0.523,0.523
7-Aug-14,0.523,0.523
8-Aug-14,0.514,0.514
9-Aug-14,0.514,0.514
10-Aug-14,0.516,0.516
11-Aug-14,0.51,0.51
12-Aug-14,0.506,0.506
13-Aug-14,0.505,0.505
14-Aug-14,0.505,0.505
15-Aug-14,0.505,0.505
16-Aug-14,0.501,0.501
17-Aug-14,0.5,0.5
18-Aug-14,0.496,0.496
19-Aug-14,0.484,0.484
20-Aug-14,0.471,0.471
21-Aug-14,0.479,0.479
22-Aug-14,0.48,0.48
23-Aug-14,0.48,0.48
24-Aug-14,0.486,0.486
25-Aug-14,0.485,0.485
26-Aug-14,0.478,0.478
27-Aug-14,0.487,0.487
28-Aug-14,0.486,0.486
29-Aug-14,0.499,0.499
30-Aug-14,0.498,0.498
31-Aug-14,0.482,0.482
1-Sep-14,0.484,0.484
2-Sep-14,0.475,0.475
3-Sep-14,0.474,0.474
4-Sep-14,0.466,0.466
5-Sep-14,0.434,0.434
6-Sep-14,0.428,0.428
7-Sep-14,0.428,0.428
8-Sep-14,0.43,0.43
9-Sep-14,0.43,0.43
10-Sep-14,0.431,0.431
11-Sep-14,0.431,0.431
12-Sep-14,0.432,0.432
13-Sep-14,0.433,0.433
14-Sep-14,0.435,0.435
15-Sep-14,0.437,0.437
16-Sep-14,0.439,0.439
17-Sep-14,0.414,0.414
18-Sep-14,0.391,0.391
19-Sep-14,0.391,0.391
20-Sep-14,0.391,0.391
21-Sep-14,0.358,0.358
22-Sep-14,0.36,0.36
23-Sep-14,0.37,0.37
24-Sep-14,0.371,0.371
25-Sep-14,0.374,0.374
26-Sep-14,0.377,0.377
27-Sep-14,0.379,0.379
28-Sep-14,0.382,0.382
29-Sep-14,0.385,0.385
30-Sep-14,0.387,0.387
1-Oct-14,0.388,0.388
2-Oct-14,0.39,0.39
3-Oct-14,0.42,0.42
4-Oct-14,0.422,0.422
5-Oct-14,-0.03,-0.03
6-Oct-14,-0.03,-0.03
7-Oct-14,-0.03,-0.03
8-Oct-14,-0.026,-0.026
9-Oct-14,-0.026,-0.026
10-Oct-14,-0.026,-0.026
11-Oct-14,-0.026,-0.026
12-Oct-14,-0.026,-0.026
13-Oct-14,-0.011,-0.011
14-Oct-14,-0.011,-0.011
15-Oct-14,-0.011,-0.011
16-Oct-14,-0.011,-0.011
17-Oct-14,-0.011,-0.011
18-Oct-14,,
19-Oct-14,,
20-Oct-14,,
21-Oct-14,,
22-Oct-14,,
23-Oct-14,,
24-Oct-14,,
25-Oct-14,,
26-Oct-14,,
27-Oct-14,,
28-Oct-14,,
29-Oct-14,,
30-Oct-14,,
31-Oct-14,,
1-Nov-14,,
2-Nov-14,,
3-Nov-14,,
4-Nov-14,,
5-Nov-14,,
6-Nov-14,,
7-Nov-14,,
8-Nov-14,,
9-Nov-14,,
10-Nov-14,,
11-Nov-14,,
12-Nov-14,,
13-Nov-14,,
14-Nov-14,,
15-Nov-14,,
16-Nov-14,,
17-Nov-14,,
18-Nov-14,,
19-Nov-14,,
20-Nov-14,,
21-Nov-14,,
22-Nov-14,,
23-Nov-14,,
24-Nov-14,,
25-Nov-14,,
26-Nov-14,,
27-Nov-14,,
28-Nov-14,,
29-Nov-14,,
30-Nov-14,,
1-Dec-14,,
2-Dec-14,,
3-Dec-14,,
4-Dec-14,,
5-Dec-14,,
6-Dec-14,,
7-Dec-14,,
8-Dec-14,,
9-Dec-14,,
10-Dec-14,,
11-Dec-14,,
12-Dec-14,,
13-Dec-14,,
14-Dec-14,,
15-Dec-14,,
16-Dec-14,,
17-Dec-14,,
18-Dec-14,,
19-Dec-14,,
20-Dec-14,,
21-Dec-14,,
22-Dec-14,,
23-Dec-14,,
24-Dec-14,,
25-Dec-14,,
26-Dec-14,,
27-Dec-14,,
28-Dec-14,,
29-Dec-14,,
30-Dec-14,,
31-Dec-14,,
1-Jan-15,,
2-Jan-15,,
3-Jan-15,,
4-Jan-15,,
5-Jan-15,,
6-Jan-15,,
7-Jan-15,,
8-Jan-15,,
9-Jan-15,,
10-Jan-15,,
11-Jan-15,,
12-Jan-15,,
13-Jan-15,,
14-Jan-15,,
15-Jan-15,,
16-Jan-15,,
17-Jan-15,,
18-Jan-15,,
19-Jan-15,,
20-Jan-15,,
21-Jan-15,,
22-Jan-15,,
23-Jan-15,,
24-Jan-15,,
25-Jan-15,,
26-Jan-15,,
27-Jan-15,,
28-Jan-15,,
29-Jan-15,,
30-Jan-15,,
31-Jan-15,,
1-Feb-15,,
2-Feb-15,,
3-Feb-15,,
4-Feb-15,,
5-Feb-15,,
6-Feb-15,,
7-Feb-15,,
8-Feb-15,,
9-Feb-15,,
10-Feb-15,,
11-Feb-15,,
12-Feb-15,,
13-Feb-15,,
14-Feb-15,,
15-Feb-15,,
16-Feb-15,-0.05,-0.05
17-Feb-15,-0.044,-0.044
18-Feb-15,-0.044,-0.044
19-Feb-15,-0.038,-0.038
20-Feb-15,-0.038,-0.038
21-Feb-15,-0.038,-0.038
22-Feb-15,-0.031,-0.031
23-Feb-15,-0.037,-0.037
24-Feb-15,-0.037,-0.037
25-Feb-15,-0.019,-0.019
26-Feb-15,-0.037,-0.037
27-Feb-15,-0.037,-0.037
28-Feb-15,-0.035,-0.035
1-Mar-15,-0.037,-0.037
2-Mar-15,-0.033,-0.033
3-Mar-15,-0.033,-0.033
4-Mar-15,-0.035,-0.035
5-Mar-15,-0.034,-0.034
6-Mar-15,-0.034,-0.034
7-Mar-15,-0.036,-0.036
8-Mar-15,-0.036,-0.036
9-Mar-15,-0.035,-0.035
10-Mar-15,-0.007,-0.007
11-Mar-15,-0.034,-0.034
12-Mar-15,-0.033,-0.033
13-Mar-15,-0.035,-0.035
14-Mar-15,-0.035,-0.035
15-Mar-15,-0.036,-0.036
16-Mar-15,-0.036,-0.036
17-Mar-15,-0.036,-0.036
18-Mar-15,-0.037,-0.037
19-Mar-15,-0.037,-0.037
20-Mar-15,-0.038,-0.038
21-Mar-15,-0.038,-0.038
22-Mar-15,-0.038,-0.038
23-Mar-15,-0.037,-0.037
24-Mar-15,-0.033,-0.033
25-Mar-15,-0.037,-0.037
26-Mar-15,-0.037,-0.037
27-Mar-15,-0.036,-0.036
28-Mar-15,-0.035,-0.035
29-Mar-15,-0.036,-0.036
30-Mar-15,-0.035,-0.035
31-Mar-15,-0.033,-0.033
1-Apr-15,-0.034,-0.034
2-Apr-15,-0.034,-0.034
3-Apr-15,-0.034,-0.034
4-Apr-15,-0.033,-0.033
5-Apr-15,-0.033,-0.033
6-Apr-15,-0.033,-0.033
7-Apr-15,-0.033,-0.033
8-Apr-15,-0.035,-0.035
9-Apr-15,-0.036,-0.036
10-Apr-15,-0.036,-0.036
11-Apr-15,-0.035,-0.035
12-Apr-15,-0.035,-0.035
13-Apr-15,-0.035,-0.035
14-Apr-15,-0.035,-0.035
15-Apr-15,-0.034,-0.034
16-Apr-15,-0.037,-0.037
17-Apr-15,-0.039,-0.039
18-Apr-15,-0.04,-0.04
19-Apr-15,-0.04,-0.04
20-Apr-15,-0.04,-0.04
21-Apr-15,-0.04,-0.04
22-Apr-15,-0.04,-0.04
23-Apr-15,-0.04,-0.04
24-Apr-15,-0.04,-0.04
25-Apr-15,-0.04,-0.04
26-Apr-15,-0.04,-0.04
27-Apr-15,-0.04,-0.04
28-Apr-15,-0.04,-0.04
29-Apr-15,-0.04,-0.04
30-Apr-15,-0.04,-0.04
1-May-15,-0.042,-0.042
2-May-15,-0.043,-0.043
3-May-15,-0.043,-0.043
4-May-15,-0.043,-0.043
5-May-15,-0.045,-0.045
6-May-15,-0.044,-0.044
7-May-15,-0.045,-0.045
8-May-15,-0.057,-0.057
9-May-15,-0.058,-0.058
10-May-15,-0.059,-0.059
11-May-15,-0.059,-0.059
12-May-15,-0.06,-0.06
13-May-15,-0.073,-0.073
14-May-15,-0.073,-0.073
15-May-15,-0.073,-0.073
16-May-15,-0.082,-0.082
17-May-15,0.161,0.161
18-May-15,0.132,0.132
19-May-15,0.133,0.133
20-May-15,0.162,0.162
21-May-15,0.165,0.165
22-May-15,0.166,0.166
23-May-15,0.166,0.166
24-May-15,0.162,0.162
25-May-15,0.162,0.162
26-May-15,0.115,0.115
27-May-15,0.119,0.119
28-May-15,0.119,0.119
29-May-15,0.119,0.119
30-May-15,0.12,0.12
31-May-15,0.119,0.119
1-Jun-15,0.265,0.265
2-Jun-15,0.271,0.271
3-Jun-15,0.332,0.332
4-Jun-15,0.318,0.318
5-Jun-15,0.331,0.331
6-Jun-15,0.341,0.341
7-Jun-15,0.341,0.341
8-Jun-15,0.341,0.341
9-Jun-15,0.341,0.341
10-Jun-15,0.35,0.35
11-Jun-15,0.347,0.347
12-Jun-15,0.348,0.348
13-Jun-15,0.346,0.346
14-Jun-15,0.369,0.369
15-Jun-15,0.364,0.364
16-Jun-15,0.365,0.365
17-Jun-15,0.386,0.386
18-Jun-15,0.397,0.397
19-Jun-15,0.404,0.404
20-Jun-15,0.405,0.405
21-Jun-15,0.406,0.406
22-Jun-15,0.42,0.42
23-Jun-15,0.419,0.419
24-Jun-15,0.419,0.419
25-Jun-15,0.421,0.421
26-Jun-15,0.425,0.425
27-Jun-15,0.435,0.435
28-Jun-15,0.435,0.435
29-Jun-15,0.435,0.435
30-Jun-15,0.446,0.446
1-Jul-15,0.454,0.454
2-Jul-15,0.455,0.455
3-Jul-15,0.488,0.488
4-Jul-15,0.489,0.489
5-Jul-15,0.482,0.482
6-Jul-15,0.483,0.483
7-Jul-15,0.482,0.482
8-Jul-15,0.476,0.476
9-Jul-15,0.485,0.485
10-Jul-15,0.486,0.486
11-Jul-15,0.484,0.484
12-Jul-15,0.483,0.483
13-Jul-15,0.482,0.482
14-Jul-15,0.481,0.481
15-Jul-15,0.515,0.515
16-Jul-15,0.476,0.476
17-Jul-15,0.477,0.477
18-Jul-15,0.478,0.478
19-Jul-15,0.478,0.478
20-Jul-15,0.479,0.479
21-Jul-15,0.486,0.486
22-Jul-15,0.487,0.487
23-Jul-15,0.52,0.52
24-Jul-15,0.497,0.497
25-Jul-15,0.594,0.594
26-Jul-15,0.551,0.551
27-Jul-15,0.552,0.552
28-Jul-15,0.552,0.552
29-Jul-15,0.551,0.551
30-Jul-15,0.551,0.551
31-Jul-15,0.496,0.496
1-Aug-15,0.492,0.492
2-Aug-15,0.492,0.492
3-Aug-15,0.492,0.492
4-Aug-15,0.492,0.492
5-Aug-15,0.492,0.492
6-Aug-15,0.494,0.494
7-Aug-15,0.494,0.494
8-Aug-15,0.494,0.494
9-Aug-15,0.499,0.499
10-Aug-15,0.499,0.499
11-Aug-15,0.499,0.499
12-Aug-15,0.5,0.5
13-Aug-15,0.5,0.5
14-Aug-15,0.496,0.496
15-Aug-15,0.498,0.498
16-Aug-15,0.47,0.47
17-Aug-15,0.466,0.466
18-Aug-15,0.444,0.444
19-Aug-15,0.442,0.442
20-Aug-15,0.442,0.442
21-Aug-15,0.441,0.441
22-Aug-15,0.44,0.44
23-Aug-15,0.438,0.438
24-Aug-15,0.438,0.438
25-Aug-15,0.438,0.438
26-Aug-15,0.438,0.438
27-Aug-15,0.438,0.438
28-Aug-15,0.438,0.438
29-Aug-15,0.434,0.434
30-Aug-15,0.443,0.443
31-Aug-15,0.459,0.459
1-Sep-15,0.401,0.401
2-Sep-15,0.401,0.401
3-Sep-15,0.342,0.342
4-Sep-15,0.341,0.341
5-Sep-15,0.341,0.341
6-Sep-15,0.3,0.3
7-Sep-15,0.319,0.319
8-Sep-15,0.322,0.322
9-Sep-15,0.324,0.324
10-Sep-15,0.311,0.311
11-Sep-15,0.312,0.312
12-Sep-15,0.315,0.315
13-Sep-15,0.316,0.316
14-Sep-15,0.327,0.327
15-Sep-15,0.327,0.327
16-Sep-15,0.327,0.327
17-Sep-15,0.326,0.326
18-Sep-15,0.346,0.346
19-Sep-15,0.343,0.343
20-Sep-15,0.345,0.345
21-Sep-15,0.347,0.347
22-Sep-15,0.348,0.348
23-Sep-15,0.346,0.346
24-Sep-15,0.348,0.348
25-Sep-15,0.351,0.351
26-Sep-15,0.358,0.358
27-Sep-15,0.36,0.36
28-Sep-15,0.362,0.362
29-Sep-15,0.364,0.364
30-Sep-15,-0.011,-0.011
1-Oct-15,-0.01,-0.01
2-Oct-15,-0.01,-0.01
3-Oct-15,-0.01,-0.01
4-Oct-15,-0.016,-0.016
5-Oct-15,-0.013,-0.013
6-Oct-15,-0.013,-0.013
7-Oct-15,-0.01,-0.01
8-Oct-15,-0.01,-0.01
9-Oct-15,-0.01,-0.01
10-Oct-15,-0.013,-0.013
11-Oct-15,-0.013,-0.013
12-Oct-15,-0.011,-0.011
13-Oct-15,-0.007,-0.007
14-Oct-15,-0.007,-0.007
15-Oct-15,-0.011,-0.011
16-Oct-15,-0.011,-0.011
17-Oct-15,,
18-Oct-15,,
19-Oct-15,,
20-Oct-15,,
21-Oct-15,,
22-Oct-15,,
23-Oct-15,,
24-Oct-15,,
25-Oct-15,,
26-Oct-15,,
27-Oct-15,,
28-Oct-15,,
29-Oct-15,,
30-Oct-15,,
31-Oct-15,,
1-Nov-15,,
2-Nov-15,,
3-Nov-15,,
4-Nov-15,,
5-Nov-15,,
6-Nov-15,,
7-Nov-15,,
8-Nov-15,,
9-Nov-15,,
10-Nov-15,,
11-Nov-15,,
12-Nov-15,,
13-Nov-15,,
14-Nov-15,,
15-Nov-15,,
16-Nov-15,,
17-Nov-15,,
18-Nov-15,,
19-Nov-15,,
20-Nov-15,,
21-Nov-15,,
22-Nov-15,,
23-Nov-15,,
24-Nov-15,,
25-Nov-15,,
26-Nov-15,,
27-Nov-15,,
28-Nov-15,,
29-Nov-15,,
30-Nov-15,,
1-Dec-15,,
2-Dec-15,,
3-Dec-15,,
4-Dec-15,,
5-Dec-15,,
6-Dec-15,,
7-Dec-15,,
8-Dec-15,,
9-Dec-15,,
10-Dec-15,,
11-Dec-15,,
12-Dec-15,,
13-Dec-15,,
14-Dec-15,,
15-Dec-15,,
16-Dec-15,,
17-Dec-15,,
18-Dec-15,,
19-Dec-15,,
20-Dec-15,,
21-Dec-15,,
22-Dec-15,,
23-Dec-15,,
24-Dec-15,,
25-Dec-15,,
26-Dec-15,,
27-Dec-15,,
28-Dec-15,,
29-Dec-15,,
30-Dec-15,,
31-Dec-15,,
1-Jan-16,,
2-Jan-16,,
3-Jan-16,,
4-Jan-16,,
5-Jan-16,,
6-Jan-16,,
7-Jan-16,,
8-Jan-16,,
9-Jan-16,,
10-Jan-16,,
11-Jan-16,,
12-Jan-16,,
13-Jan-16,,
14-Jan-16,,
15-Jan-16,,
16-Jan-16,,
17-Jan-16,,
18-Jan-16,,
19-Jan-16,,
20-Jan-16,,
21-Jan-16,,
22-Jan-16,,
23-Jan-16,,
24-Jan-16,,
25-Jan-16,,
26-Jan-16,,
27-Jan-16,,
28-Jan-16,,
29-Jan-16,,
30-Jan-16,,
31-Jan-16,,
1-Feb-16,,
2-Feb-16,,
3-Feb-16,,
4-Feb-16,,
5-Feb-16,,
6-Feb-16,,
7-Feb-16,,
8-Feb-16,,
9-Feb-16,,
10-Feb-16,,
11-Feb-16,,
12-Feb-16,,
13-Feb-16,,
14-Feb-16,,
15-Feb-16,,
16-Feb-16,,
17-Feb-16,,
18-Feb-16,-0.06,-0.06
19-Feb-16,-0.053,-0.053
20-Feb-16,-0.053,-0.053
21-Feb-16,-0.054,-0.054
22-Feb-16,-0.026,-0.026
23-Feb-16,-0.028,-0.028
24-Feb-16,-0.03,-0.03
25-Feb-16,-0.032,-0.032
26-Feb-16,-0.035,-0.035
27-Feb-16,-0.037,-0.037
28-Feb-16,-0.039,-0.039
29-Feb-16,-0.049,-0.049
1-Mar-16,-0.041,-0.041
2-Mar-16,-0.053,-0.053
3-Mar-16,-0.053,-0.053
4-Mar-16,-0.053,-0.053
5-Mar-16,-0.048,-0.048
6-Mar-16,-0.049,-0.049
7-Mar-16,-0.05,-0.05
8-Mar-16,-0.052,-0.052
9-Mar-16,-0.056,-0.056
10-Mar-16,-0.056,-0.056
11-Mar-16,-0.056,-0.056
12-Mar-16,-0.053,-0.053
13-Mar-16,-0.051,-0.051
14-Mar-16,-0.05,-0.05
15-Mar-16,-0.039,-0.039
16-Mar-16,-0.037,-0.037
17-Mar-16,-0.04,-0.04
18-Mar-16,-0.04,-0.04
19-Mar-16,-0.04,-0.04
20-Mar-16,-0.04,-0.04
21-Mar-16,-0.04,-0.04
22-Mar-16,-0.039,-0.039
23-Mar-16,-0.039,-0.039
24-Mar-16,-0.038,-0.038
25-Mar-16,-0.036,-0.036
26-Mar-16,-0.036,-0.036
27-Mar-16,-0.045,-0.045
28-Mar-16,-0.034,-0.034
29-Mar-16,-0.035,-0.035
30-Mar-16,-0.035,-0.035
31-Mar-16,-0.035,-0.035
1-Apr-16,-0.035,-0.035
2-Apr-16,-0.035,-0.035
3-Apr-16,-0.037,-0.037
4-Apr-16,-0.037,-0.037
5-Apr-16,-0.038,-0.038
6-Apr-16,-0.039,-0.039
7-Apr-16,-0.039,-0.039
8-Apr-16,-0.038,-0.038
9-Apr-16,-0.038,-0.038
10-Apr-16,-0.035,-0.035
11-Apr-16,-0.036,-0.036
12-Apr-16,-0.04,-0.04
13-Apr-16,-0.041,-0.041
14-Apr-16,-0.041,-0.041
15-Apr-16,-0.041,-0.041
16-Apr-16,-0.042,-0.042
17-Apr-16,-0.042,-0.042
18-Apr-16,-0.039,-0.039
19-Apr-16,-0.039,-0.039
20-Apr-16,-0.04,-0.04
21-Apr-16,-0.039,-0.039
22-Apr-16,-0.039,-0.039
23-Apr-16,-0.039,-0.039
24-Apr-16,-0.04,-0.04
25-Apr-16,-0.04,-0.04
26-Apr-16,-0.04,-0.04
27-Apr-16,-0.04,-0.04
28-Apr-16,-0.041,-0.041
29-Apr-16,-0.051,-0.051
30-Apr-16,-0.056,-0.056
1-May-16,-0.059,-0.059
2-May-16,-0.062,-0.062
3-May-16,-0.066,-0.066
4-May-16,-0.066,-0.066
5-May-16,-0.067,-0.067
6-May-16,-0.082,-0.082
7-May-16,-0.084,-0.084
8-May-16,-0.084,-0.084
9-May-16,-0.084,-0.084
10-May-16,-0.084,-0.084
11-May-16,-0.084,-0.084
12-May-16,-0.084,-0.084
13-May-16,-0.084,-0.084
14-May-16,-0.084,-0.084
15-May-16,-0.08,-0.08
16-May-16,-0.049,-0.049
17-May-16,-0.048,-0.048
18-May-16,-0.033,-0.033
19-May-16,-0.009,-0.009
20-May-16,-0.008,-0.008
21-May-16,,
22-May-16,,
23-May-16,0.226,0.226
24-May-16,0.226,0.226
25-May-16,0.225,0.225
26-May-16,0.224,0.224
27-May-16,0.223,0.223
28-May-16,0.209,0.209
29-May-16,0.208,0.208
30-May-16,0.193,0.193
31-May-16,0.218,0.218
1-Jun-16,0.218,0.218
2-Jun-16,0.218,0.218
3-Jun-16,0.218,0.218
4-Jun-16,0.275,0.275
5-Jun-16,0.268,0.268
6-Jun-16,0.278,0.278
7-Jun-16,0.279,0.279
8-Jun-16,0.285,0.285
9-Jun-16,0.285,0.285
10-Jun-16,0.291,0.291
11-Jun-16,0.316,0.316
12-Jun-16,0.318,0.318
13-Jun-16,0.331,0.331
14-Jun-16,0.332,0.332
15-Jun-16,0.333,0.333
16-Jun-16,0.358,0.358
17-Jun-16,0.354,0.354
18-Jun-16,0.355,0.355
19-Jun-16,0.363,0.363
20-Jun-16,0.37,0.37
21-Jun-16,0.366,0.366
22-Jun-16,0.378,0.378
23-Jun-16,0.382,0.382
24-Jun-16,0.377,0.377
25-Jun-16,0.384,0.384
26-Jun-16,0.386,0.386
27-Jun-16,0.397,0.397
28-Jun-16,0.401,0.401
29-Jun-16,0.404,0.404
30-Jun-16,0.414,0.414
1-Jul-16,0.415,0.415
2-Jul-16,0.419,0.419
3-Jul-16,0.422,0.422
4-Jul-16,0.427,0.427
5-Jul-16,0.409,0.409
6-Jul-16,0.413,0.413
7-Jul-16,0.446,0.446
8-Jul-16,0.467,0.467
9-Jul-16,0.46,0.46
10-Jul-16,0.479,0.479
11-Jul-16,0.441,0.441
12-Jul-16,0.441,0.441
13-Jul-16,0.451,0.451
14-Jul-16,0.453,0.453
15-Jul-16,0.454,0.454
16-Jul-16,0.465,0.465
17-Jul-16,0.493,0.493
18-Jul-16,0.461,0.461
19-Jul-16,0.458,0.458
20-Jul-16,0.466,0.466
21-Jul-16,0.488,0.488
22-Jul-16,0.499,0.499
23-Jul-16,0.506,0.506
24-Jul-16,0.503,0.503
25-Jul-16,0.501,0.501
26-Jul-16,0.502,0.502
27-Jul-16,0.504,0.504
28-Jul-16,0.506,0.506
29-Jul-16,0.506,0.506
30-Jul-16,0.515,0.515
31-Jul-16,0.519,0.519
1-Aug-16,0.534,0.534
2-Aug-16,0.537,0.537
3-Aug-16,0.547,0.547
4-Aug-16,0.563,0.563
5-Aug-16,0.563,0.563
6-Aug-16,0.563,0.563
7-Aug-16,0.57,0.57
8-Aug-16,0.57,0.57
9-Aug-16,0.57,0.57
10-Aug-16,0.577,0.577
11-Aug-16,0.569,0.569
12-Aug-16,0.569,0.569
13-Aug-16,0.57,0.57
14-Aug-16,0.57,0.57
15-Aug-16,0.53,0.53
16-Aug-16,0.528,0.528
17-Aug-16,0.514,0.514
18-Aug-16,0.51,0.51
19-Aug-16,0.511,0.511
20-Aug-16,0.498,0.498
21-Aug-16,0.5,0.5
22-Aug-16,0.501,0.501
23-Aug-16,0.503,0.503
24-Aug-16,0.483,0.483
25-Aug-16,0.484,0.484
26-Aug-16,0.485,0.485
27-Aug-16,0.484,0.484
28-Aug-16,0.485,0.485
29-Aug-16,0.486,0.486
30-Aug-16,0.487,0.487
31-Aug-16,0.489,0.489
1-Sep-16,0.492,0.492
2-Sep-16,0.487,0.487
3-Sep-16,0.478,0.478
4-Sep-16,0.481,0.481
5-Sep-16,0.489,0.489
6-Sep-16,0.466,0.466
7-Sep-16,0.469,0.469
8-Sep-16,0.472,0.472
9-Sep-16,0.52,0.52
10-Sep-16,,
11-Sep-16,,
12-Sep-16,0.378,0.378
13-Sep-16,0.382,0.382
14-Sep-16,0.386,0.386
15-Sep-16,0.391,0.391
16-Sep-16,0.357,0.357
17-Sep-16,0.362,0.362
18-Sep-16,0.449,0.449
19-Sep-16,0.452,0.452
20-Sep-16,0.454,0.454
21-Sep-16,0.456,0.456
22-Sep-16,0.458,0.458
23-Sep-16,0.46,0.46
24-Sep-16,0.463,0.463
25-Sep-16,0.483,0.483
26-Sep-16,0.47,0.47
27-Sep-16,0.472,0.472
28-Sep-16,0.45,0.45
29-Sep-16,0.454,0.454
30-Sep-16,0.459,0.459
1-Oct-16,0.454,0.454
2-Oct-16,0.456,0.456
3-Oct-16,0.453,0.453
4-Oct-16,0.427,0.427
5-Oct-16,0.412,0.412
6-Oct-16,0.41,0.41
7-Oct-16,0.408,0.408
8-Oct-16,0.406,0.406
9-Oct-16,0.404,0.404
10-Oct-16,0.402,0.402
11-Oct-16,0.339,0.339
12-Oct-16,0.335,0.335
13-Oct-16,0.329,0.329
14-Oct-16,0.323,0.323
15-Oct-16,0.068,0.068
16-Oct-16,0.068,0.068
17-Oct-16,0.066,0.066
18-Oct-16,0.063,0.063
19-Oct-16,,
20-Oct-16,,
21-Oct-16,,
22-Oct-16,,
23-Oct-16,,
24-Oct-16,,
25-Oct-16,,
26-Oct-16,,
27-Oct-16,,
28-Oct-16,,
29-Oct-16,,
30-Oct-16,,
31-Oct-16,,
1-Nov-16,,
2-Nov-16,,
3-Nov-16,,
4-Nov-16,,
5-Nov-16,,
6-Nov-16,,
7-Nov-16,,
8-Nov-16,,
9-Nov-16,,
10-Nov-16,,
11-Nov-16,,
12-Nov-16,,
13-Nov-16,,
14-Nov-16,,
15-Nov-16,,
16-Nov-16,,
17-Nov-16,,
18-Nov-16,,
19-Nov-16,,
20-Nov-16,,
21-Nov-16,,
22-Nov-16,,
23-Nov-16,,
24-Nov-16,,
25-Nov-16,,
26-Nov-16,,
27-Nov-16,,
28-Nov-16,,
29-Nov-16,,
30-Nov-16,,
1-Dec-16,,
2-Dec-16,,
3-Dec-16,,
4-Dec-16,,
5-Dec-16,,
6-Dec-16,,
7-Dec-16,,
8-Dec-16,,
9-Dec-16,,
10-Dec-16,,
11-Dec-16,,
12-Dec-16,,
13-Dec-16,,
14-Dec-16,,
15-Dec-16,,
16-Dec-16,,
17-Dec-16,,
18-Dec-16,,
19-Dec-16,,
20-Dec-16,,
21-Dec-16,,
22-Dec-16,,
23-Dec-16,,
24-Dec-16,,
25-Dec-16,,
26-Dec-16,,
27-Dec-16,,
28-Dec-16,,
29-Dec-16,,
30-Dec-16,,
31-Dec-16,,
1-Jan-17,,
2-Jan-17,,
3-Jan-17,,
4-Jan-17,,
5-Jan-17,,
6-Jan-17,,
7-Jan-17,,
8-Jan-17,,
9-Jan-17,,
10-Jan-17,,
11-Jan-17,,
12-Jan-17,,
13-Jan-17,,
14-Jan-17,,
15-Jan-17,,
16-Jan-17,,
17-Jan-17,,
18-Jan-17,,
19-Jan-17,,
20-Jan-17,,
21-Jan-17,,
22-Jan-17,,
23-Jan-17,,
24-Jan-17,,
25-Jan-17,,
26-Jan-17,,
27-Jan-17,,
28-Jan-17,,
29-Jan-17,,
30-Jan-17,,
31-Jan-17,,
1-Feb-17,,
2-Feb-17,,
3-Feb-17,,
4-Feb-17,,
5-Feb-17,,
6-Feb-17,,
7-Feb-17,,
8-Feb-17,,
9-Feb-17,,
10-Feb-17,,
11-Feb-17,,
12-Feb-17,,
13-Feb-17,,
14-Feb-17,,
15-Feb-17,,
16-Feb-17,-0.051,-0.051
17-Feb-17,-0.05,-0.05
18-Feb-17,-0.048,-0.048
19-Feb-17,-0.047,-0.047
20-Feb-17,-0.047,-0.047
21-Feb-17,-0.046,-0.046
22-Feb-17,-0.051,-0.051
23-Feb-17,-0.05,-0.05
24-Feb-17,-0.05,-0.05
25-Feb-17,-0.049,-0.049
26-Feb-17,-0.049,-0.049
27-Feb-17,-0.049,-0.049
28-Feb-17,-0.056,-0.056
1-Mar-17,-0.056,-0.056
2-Mar-17,-0.055,-0.055
3-Mar-17,-0.055,-0.055
4-Mar-17,-0.059,-0.059
5-Mar-17,-0.058,-0.058
6-Mar-17,-0.054,-0.054
7-Mar-17,-0.054,-0.054
8-Mar-17,-0.053,-0.053
9-Mar-17,-0.048,-0.048
10-Mar-17,-0.047,-0.047
11-Mar-17,-0.047,-0.047
12-Mar-17,-0.047,-0.047
13-Mar-17,-0.033,-0.033
14-Mar-17,-0.033,-0.033
15-Mar-17,-0.046,-0.046
16-Mar-17,-0.044,-0.044
17-Mar-17,-0.044,-0.044
18-Mar-17,-0.036,-0.036
19-Mar-17,-0.025,-0.025
20-Mar-17,-0.025,-0.025
21-Mar-17,-0.024,-0.024
22-Mar-17,-0.026,-0.026
23-Mar-17,-0.025,-0.025
24-Mar-17,-0.025,-0.025
25-Mar-17,-0.027,-0.027
26-Mar-17,-0.026,-0.026
27-Mar-17,-0.028,-0.028
28-Mar-17,-0.032,-0.032
29-Mar-17,-0.034,-0.034
30-Mar-17,-0.032,-0.032
31-Mar-17,-0.032,-0.032
1-Apr-17,-0.032,-0.032
2-Apr-17,-0.032,-0.032
3-Apr-17,-0.03,-0.03
4-Apr-17,-0.03,-0.03
5-Apr-17,-0.029,-0.029
6-Apr-17,-0.029,-0.029
7-Apr-17,-0.027,-0.027
8-Apr-17,-0.029,-0.029
9-Apr-17,-0.028,-0.028
10-Apr-17,-0.028,-0.028
11-Apr-17,-0.028,-0.028
12-Apr-17,-0.028,-0.028
13-Apr-17,-0.026,-0.026
14-Apr-17,-0.026,-0.026
15-Apr-17,-0.027,-0.027
16-Apr-17,-0.027,-0.027
17-Apr-17,-0.026,-0.026
18-Apr-17,-0.026,-0.026
19-Apr-17,-0.027,-0.027
20-Apr-17,-0.027,-0.027
21-Apr-17,-0.028,-0.028
22-Apr-17,-0.027,-0.027
23-Apr-17,-0.028,-0.028
24-Apr-17,-0.029,-0.029
25-Apr-17,-0.029,-0.029
26-Apr-17,-0.029,-0.029
27-Apr-17,-0.029,-0.029
28-Apr-17,-0.029,-0.029
29-Apr-17,-0.029,-0.029
30-Apr-17,-0.033,-0.033
1-May-17,-0.034,-0.034
2-May-17,-0.035,-0.035
3-May-17,-0.035,-0.035
4-May-17,-0.035,-0.035
5-May-17,-0.035,-0.035
6-May-17,-0.035,-0.035
7-May-17,-0.036,-0.036
8-May-17,-0.038,-0.038
9-May-17,-0.049,-0.049
10-May-17,-0.047,-0.047
11-May-17,-0.047,-0.047
12-May-17,-0.041,-0.041
13-May-17,-0.041,-0.041
14-May-17,-0.045,-0.045
15-May-17,-0.045,-0.045
16-May-17,-0.069,-0.069
17-May-17,-0.068,-0.068
18-May-17,-0.069,-0.069
19-May-17,-0.07,-0.07
20-May-17,-0.045,-0.045
21-May-17,-0.044,-0.044
22-May-17,-0.013,-0.013
23-May-17,-0.013,-0.013
24-May-17,-0.014,-0.014
25-May-17,0.005,0.005
26-May-17,-0.017,-0.017
27-May-17,-0.015,-0.015
28-May-17,-0.021,-0.021
29-May-17,-0.022,-0.022
30-May-17,-0.022,-0.022
31-May-17,-0.017,-0.017
1-Jun-17,0.173,0.173
2-Jun-17,0.176,0.176
3-Jun-17,0.218,0.218
4-Jun-17,0.242,0.242
5-Jun-17,0.244,0.244
6-Jun-17,0.247,0.247
7-Jun-17,0.26,0.26
8-Jun-17,0.288,0.288
9-Jun-17,0.296,0.296
10-Jun-17,0.294,0.294
11-Jun-17,0.306,0.306
12-Jun-17,0.319,0.319
13-Jun-17,0.333,0.333
14-Jun-17,0.333,0.333
15-Jun-17,0.337,0.337
16-Jun-17,0.343,0.343
17-Jun-17,0.349,0.349
18-Jun-17,0.349,0.349
19-Jun-17,0.35,0.35
20-Jun-17,0.352,0.352
21-Jun-17,0.364,0.364
22-Jun-17,0.371,0.371
23-Jun-17,0.384,0.384
24-Jun-17,0.397,0.397
25-Jun-17,0.408,0.408
26-Jun-17,0.41,0.41
27-Jun-17,0.412,0.412
28-Jun-17,0.418,0.418
29-Jun-17,0.421,0.421
30-Jun-17,0.424,0.424
1-Jul-17,0.433,0.433
2-Jul-17,0.442,0.442
3-Jul-17,0.448,0.448
4-Jul-17,0.453,0.453
5-Jul-17,0.462,0.462
6-Jul-17,0.462,0.462
7-Jul-17,0.467,0.467
8-Jul-17,0.47,0.47
9-Jul-17,0.473,0.473
10-Jul-17,0.464,0.464
11-Jul-17,0.457,0.457
12-Jul-17,0.487,0.487
13-Jul-17,0.487,0.487
14-Jul-17,0.488,0.488
15-Jul-17,0.49,0.49
16-Jul-17,0.501,0.501
17-Jul-17,0.502,0.502
18-Jul-17,0.503,0.503
19-Jul-17,0.504,0.504
20-Jul-17,0.504,0.504
21-Jul-17,0.508,0.508
22-Jul-17,0.505,0.505
23-Jul-17,0.508,0.508
24-Jul-17,0.503,0.503
25-Jul-17,0.502,0.502
26-Jul-17,0.496,0.496
27-Jul-17,0.503,0.503
28-Jul-17,0.473,0.473
29-Jul-17,0.477,0.477
30-Jul-17,0.477,0.477
31-Jul-17,0.476,0.476
1-Aug-17,0.476,0.476
2-Aug-17,0.479,0.479
3-Aug-17,0.48,0.48
4-Aug-17,0.482,0.482
5-Aug-17,0.473,0.473
6-Aug-17,0.471,0.471
7-Aug-17,0.472,0.472
8-Aug-17,0.475,0.475
9-Aug-17,0.481,0.481
10-Aug-17,0.477,0.477
11-Aug-17,0.476,0.476
12-Aug-17,0.478,0.478
13-Aug-17,0.479,0.479
14-Aug-17,0.466,0.466
15-Aug-17,0.467,0.467
16-Aug-17,0.461,0.461
17-Aug-17,0.462,0.462
18-Aug-17,0.438,0.438
19-Aug-17,0.44,0.44
20-Aug-17,0.442,0.442
21-Aug-17,0.474,0.474
22-Aug-17,0.476,0.476
23-Aug-17,0.477,0.477
24-Aug-17,0.478,0.478
25-Aug-17,0.474,0.474
26-Aug-17,0.476,0.476
27-Aug-17,0.479,0.479
28-Aug-17,0.483,0.483
29-Aug-17,0.485,0.485
30-Aug-17,0.498,0.498
31-Aug-17,0.5,0.5
1-Sep-17,0.518,0.518
2-Sep-17,0.521,0.521
3-Sep-17,0.523,0.523
4-Sep-17,0.526,0.526
5-Sep-17,0.402,0.402
6-Sep-17,0.372,0.372
7-Sep-17,0.375,0.375
8-Sep-17,0.351,0.351
9-Sep-17,0.355,0.355
10-Sep-17,0.351,0.351
11-Sep-17,0.415,0.415
12-Sep-17,0.416,0.416
13-Sep-17,0.418,0.418
14-Sep-17,0.419,0.419
15-Sep-17,0.421,0.421
16-Sep-17,0.424,0.424
17-Sep-17,0.427,0.427
18-Sep-17,0.429,0.429
19-Sep-17,0.434,0.434
20-Sep-17,0.432,0.432
21-Sep-17,0.43,0.43
22-Sep-17,0.436,0.436
23-Sep-17,0.419,0.419
24-Sep-17,0.434,0.434
25-Sep-17,0.434,0.434
26-Sep-17,0.415,0.415
27-Sep-17,0.388,0.388
28-Sep-17,0.388,0.388
29-Sep-17,0.388,0.388
30-Sep-17,0.388,0.388
1-Oct-17,0.39,0.39
2-Oct-17,0.392,0.392
3-Oct-17,0.394,0.394
4-Oct-17,0.396,0.396
5-Oct-17,0.376,0.376
6-Oct-17,0.339,0.339
7-Oct-17,0.342,0.342
8-Oct-17,0.344,0.344
9-Oct-17,,
10-Oct-17,,
11-Oct-17,,
12-Oct-17,,
13-Oct-17,,
14-Oct-17,,
15-Oct-17,,
16-Oct-17,,
17-Oct-17,,
18-Oct-17,,
19-Oct-17,,
20-Oct-17,,
21-Oct-17,,
22-Oct-17,,
23-Oct-17,,
24-Oct-17,,
25-Oct-17,,
26-Oct-17,,
27-Oct-17,,
28-Oct-17,,
29-Oct-17,,
30-Oct-17,,
31-Oct-17,,
1-Nov-17,,
2-Nov-17,,
3-Nov-17,,
4-Nov-17,,
5-Nov-17,,
6-Nov-17,,
7-Nov-17,,
8-Nov-17,,
9-Nov-17,,
10-Nov-17,,
11-Nov-17,,
12-Nov-17,,
13-Nov-17,,
14-Nov-17,,
15-Nov-17,,
16-Nov-17,,
17-Nov-17,,
18-Nov-17,,
19-Nov-17,,
20-Nov-17,,
21-Nov-17,,
22-Nov-17,,
23-Nov-17,,
24-Nov-17,,
25-Nov-17,,
26-Nov-17,,
27-Nov-17,,
28-Nov-17,,
29-Nov-17,,
30-Nov-17,,
1-Dec-17,,
2-Dec-17,,
3-Dec-17,,
4-Dec-17,,
5-Dec-17,,
6-Dec-17,,
7-Dec-17,,
8-Dec-17,,
9-Dec-17,,
10-Dec-17,,
11-Dec-17,,
12-Dec-17,,
13-Dec-17,,
14-Dec-17,,
15-Dec-17,,
16-Dec-17,,
17-Dec-17,,
18-Dec-17,,
19-Dec-17,,
20-Dec-17,,
21-Dec-17,,
22-Dec-17,,
23-Dec-17,,
24-Dec-17,,
25-Dec-17,,
26-Dec-17,,
27-Dec-17,,
28-Dec-17,,
29-Dec-17,,
30-Dec-17,,
31-Dec-17,,
1-Jan-18,,
2-Jan-18,,
3-Jan-18,,
4-Jan-18,,
5-Jan-18,,
6-Jan-18,,
7-Jan-18,,
8-Jan-18,,
9-Jan-18,,
10-Jan-18,,
11-Jan-18,,
12-Jan-18,,
13-Jan-18,,
14-Jan-18,,
15-Jan-18,,
16-Jan-18,,
17-Jan-18,,
18-Jan-18,,
19-Jan-18,,
20-Jan-18,,
21-Jan-18,,
22-Jan-18,,
23-Jan-18,,
24-Jan-18,,
25-Jan-18,,
26-Jan-18,,
27-Jan-18,,
28-Jan-18,,
29-Jan-18,,
30-Jan-18,,
31-Jan-18,,
1-Feb-18,,
2-Feb-18,,
3-Feb-18,,
4-Feb-18,,
5-Feb-18,,
6-Feb-18,,
7-Feb-18,,
8-Feb-18,,
9-Feb-18,,
10-Feb-18,,
11-Feb-18,,
12-Feb-18,,
13-Feb-18,,
14-Feb-18,,
15-Feb-18,,
16-Feb-18,,
17-Feb-18,,
18-Feb-18,,
19-Feb-18,,
20-Feb-18,,
21-Feb-18,0.022,0.022
22-Feb-18,-0.037,-0.037
23-Feb-18,-0.036,-0.036
24-Feb-18,-0.036,-0.036
25-Feb-18,-0.035,-0.035
26-Feb-18,-0.035,-0.035
27-Feb-18,-0.034,-0.034
28-Feb-18,-0.033,-0.033
1-Mar-18,-0.032,-0.032
2-Mar-18,-0.033,-0.033
3-Mar-18,-0.033,-0.033
4-Mar-18,-0.032,-0.032
5-Mar-18,-0.032,-0.032
6-Mar-18,-0.031,-0.031
7-Mar-18,-0.03,-0.03
8-Mar-18,-0.03,-0.03
9-Mar-18,-0.032,-0.032
10-Mar-18,-0.035,-0.035
11-Mar-18,-0.034,-0.034
12-Mar-18,-0.033,-0.033
13-Mar-18,-0.033,-0.033
14-Mar-18,-0.038,-0.038
15-Mar-18,-0.038,-0.038
16-Mar-18,-0.021,-0.021
17-Mar-18,-0.039,-0.039
18-Mar-18,-0.037,-0.037
19-Mar-18,-0.037,-0.037
20-Mar-18,-0.037,-0.037
21-Mar-18,-0.037,-0.037
22-Mar-18,-0.038,-0.038
23-Mar-18,-0.038,-0.038
24-Mar-18,-0.038,-0.038
25-Mar-18,-0.037,-0.037
26-Mar-18,-0.037,-0.037
27-Mar-18,-0.037,-0.037
28-Mar-18,-0.038,-0.038
29-Mar-18,-0.038,-0.038
30-Mar-18,-0.038,-0.038
31-Mar-18,-0.038,-0.038
1-Apr-18,-0.038,-0.038
2-Apr-18,-0.038,-0.038
3-Apr-18,-0.036,-0.036
4-Apr-18,-0.035,-0.035
5-Apr-18,-0.035,-0.035
6-Apr-18,-0.036,-0.036
7-Apr-18,-0.034,-0.034
8-Apr-18,-0.035,-0.035
9-Apr-18,-0.035,-0.035
10-Apr-18,-0.035,-0.035
11-Apr-18,-0.034,-0.034
12-Apr-18,-0.035,-0.035
13-Apr-18,-0.034,-0.034
14-Apr-18,-0.033,-0.033
15-Apr-18,-0.033,-0.033
16-Apr-18,-0.033,-0.033
17-Apr-18,-0.033,-0.033
18-Apr-18,-0.033,-0.033
19-Apr-18,-0.033,-0.033
20-Apr-18,-0.033,-0.033
21-Apr-18,-0.033,-0.033
22-Apr-18,-0.034,-0.034
23-Apr-18,-0.034,-0.034
24-Apr-18,-0.034,-0.034
25-Apr-18,-0.034,-0.034
26-Apr-18,-0.034,-0.034
27-Apr-18,-0.034,-0.034
28-Apr-18,-0.035,-0.035
29-Apr-18,-0.035,-0.035
30-Apr-18,-0.035,-0.035
1-May-18,-0.036,-0.036
2-May-18,-0.036,-0.036
3-May-18,-0.036,-0.036
4-May-18,-0.036,-0.036
5-May-18,-0.037,-0.037
6-May-18,-0.037,-0.037
7-May-18,-0.037,-0.037
8-May-18,-0.034,-0.034
9-May-18,-0.034,-0.034
10-May-18,-0.037,-0.037
11-May-18,-0.038,-0.038
12-May-18,-0.038,-0.038
13-May-18,-0.04,-0.04
14-May-18,-0.04,-0.04
15-May-18,-0.045,-0.045
16-May-18,-0.049,-0.049
17-May-18,-0.053,-0.053
18-May-18,-0.067,-0.067
19-May-18,-0.083,-0.083
20-May-18,-0.082,-0.082
21-May-18,-0.082,-0.082
22-May-18,-0.063,-0.063
23-May-18,-0.062,-0.062
24-May-18,-0.061,-0.061
25-May-18,-0.061,-0.061
26-May-18,-0.05,-0.05
27-May-18,-0.049,-0.049
28-May-18,-0.048,-0.048
29-May-18,-0.041,-0.041
30-May-18,-0.033,-0.033
31-May-18,-0.033,-0.033
1-Jun-18,-0.033,-0.033
2-Jun-18,-0.033,-0.033
3-Jun-18,-0.033,-0.033
4-Jun-18,,
5-Jun-18,,
6-Jun-18,,
7-Jun-18,,
8-Jun-18,,
9-Jun-18,,
10-Jun-18,,
11-Jun-18,,
12-Jun-18,,
13-Jun-18,0.296,0.296
14-Jun-18,0.296,0.296
15-Jun-18,0.283,0.283
16-Jun-18,0.283,0.283
17-Jun-18,0.284,0.284
18-Jun-18,0.304,0.304
19-Jun-18,0.306,0.306
20-Jun-18,0.305,0.305
21-Jun-18,0.304,0.304
22-Jun-18,0.303,0.303
23-Jun-18,0.331,0.331
24-Jun-18,0.332,0.332
25-Jun-18,0.353,0.353
26-Jun-18,0.357,0.357
27-Jun-18,0.361,0.361
28-Jun-18,0.362,0.362
29-Jun-18,0.364,0.364
30-Jun-18,0.365,0.365
1-Jul-18,0.383,0.383
2-Jul-18,0.384,0.384
3-Jul-18,0.381,0.381
4-Jul-18,0.387,0.387
5-Jul-18,0.41,0.41
6-Jul-18,0.411,0.411
7-Jul-18,0.425,0.425
8-Jul-18,0.437,0.437
9-Jul-18,0.454,0.454
10-Jul-18,0.454,0.454
11-Jul-18,0.473,0.473
12-Jul-18,0.473,0.473
13-Jul-18,0.484,0.484
14-Jul-18,0.484,0.484
15-Jul-18,0.488,0.488
16-Jul-18,0.492,0.492
17-Jul-18,0.491,0.491
18-Jul-18,0.489,0.489
19-Jul-18,0.491,0.491
20-Jul-18,0.491,0.491
21-Jul-18,0.496,0.496
22-Jul-18,0.496,0.496
23-Jul-18,0.477,0.477
24-Jul-18,0.477,0.477
25-Jul-18,0.477,0.477
26-Jul-18,0.477,0.477
27-Jul-18,0.473,0.473
28-Jul-18,0.473,0.473
29-Jul-18,0.473,0.473
30-Jul-18,0.474,0.474
31-Jul-18,0.474,0.474
1-Aug-18,0.473,0.473
2-Aug-18,0.478,0.478
3-Aug-18,0.488,0.488
4-Aug-18,0.501,0.501
5-Aug-18,0.494,0.494
6-Aug-18,0.495,0.495
7-Aug-18,0.496,0.496
8-Aug-18,0.497,0.497
9-Aug-18,0.493,0.493
10-Aug-18,0.494,0.494
11-Aug-18,0.482,0.482
12-Aug-18,0.482,0.482
13-Aug-18,0.483,0.483
14-Aug-18,0.484,0.484
15-Aug-18,0.49,0.49
16-Aug-18,0.508,0.508
17-Aug-18,0.508,0.508
18-Aug-18,0.517,0.517
19-Aug-18,0.517,0.517
20-Aug-18,0.516,0.516
21-Aug-18,0.496,0.496
22-Aug-18,0.496,0.496
23-Aug-18,0.496,0.496
24-Aug-18,0.497,0.497
25-Aug-18,0.498,0.498
26-Aug-18,0.498,0.498
27-Aug-18,0.516,0.516
28-Aug-18,0.516,0.516
29-Aug-18,0.516,0.516
30-Aug-18,0.516,0.516
31-Aug-18,0.507,0.507
1-Sep-18,0.537,0.537
2-Sep-18,0.537,0.537
3-Sep-18,,
4-Sep-18,,
5-Sep-18,,
6-Sep-18,,
7-Sep-18,0.42,0.42
8-Sep-18,0.468,0.468
9-Sep-18,0.458,0.458
10-Sep-18,0.459,0.459
11-Sep-18,0.461,0.461
12-Sep-18,0.462,0.462
13-Sep-18,0.457,0.457
14-Sep-18,0.464,0.464
15-Sep-18,0.464,0.464
16-Sep-18,0.465,0.465
17-Sep-18,0.466,0.466
18-Sep-18,0.467,0.467
19-Sep-18,0.468,0.468
20-Sep-18,0.47,0.47
21-Sep-18,0.47,0.47
22-Sep-18,0.472,0.472
23-Sep-18,0.472,0.472
24-Sep-18,0.486,0.486
25-Sep-18,0.51,0.51
26-Sep-18,0.516,0.516
27-Sep-18,0.109,0.109
28-Sep-18,0.109,0.109
29-Sep-18,0.109,0.109
30-Sep-18,0.112,0.112
1-Oct-18,0.112,0.112
2-Oct-18,0.112,0.112
3-Oct-18,0.084,0.084
4-Oct-18,0.046,0.046
5-Oct-18,0.043,0.043
6-Oct-18,0.041,0.041
7-Oct-18,0.038,0.038
8-Oct-18,0.035,0.035
9-Oct-18,0.031,0.031
10-Oct-18,0.054,0.054
11-Oct-18,0.095,0.095
12-Oct-18,0.031,0.031
13-Oct-18,0.029,0.029
14-Oct-18,0.026,0.026
15-Oct-18,0.118,0.118
16-Oct-18,0.008,0.008
17-Oct-18,0.006,0.006
18-Oct-18,0.004,0.004
19-Oct-18,0.016,0.016
20-Oct-18,-0.031,-0.031
21-Oct-18,-0.031,-0.031
22-Oct-18,-0.031,-0.031
23-Oct-18,-0.032,-0.032
24-Oct-18,-0.032,-0.032
25-Oct-18,-0.032,-0.032
26-Oct-18,-0.032,-0.032
27-Oct-18,-0.032,-0.032
28-Oct-18,,
29-Oct-18,,
30-Oct-18,,
31-Oct-18,,
1-Nov-18,,
2-Nov-18,,
3-Nov-18,,
4-Nov-18,,
5-Nov-18,,
6-Nov-18,,
7-Nov-18,,
8-Nov-18,,
9-Nov-18,,
10-Nov-18,,
11-Nov-18,,
12-Nov-18,,
13-Nov-18,,
14-Nov-18,,
15-Nov-18,,
16-Nov-18,,
17-Nov-18,,
18-Nov-18,,
19-Nov-18,,
20-Nov-18,,
21-Nov-18,,
22-Nov-18,,
23-Nov-18,,
24-Nov-18,,
25-Nov-18,,
26-Nov-18,,
27-Nov-18,,
28-Nov-18,,
29-Nov-18,,
30-Nov-18,,
1-Dec-18,,
2-Dec-18,,
3-Dec-18,,
4-Dec-18,,
5-Dec-18,,
6-Dec-18,,
7-Dec-18,,
8-Dec-18,,
9-Dec-18,,
10-Dec-18,,
11-Dec-18,,
12-Dec-18,,
13-Dec-18,,
14-Dec-18,,
15-Dec-18,,
16-Dec-18,,
17-Dec-18,,
18-Dec-18,,
19-Dec-18,,
20-Dec-18,,
21-Dec-18,,
22-Dec-18,,
23-Dec-18,,
24-Dec-18,,
25-Dec-18,,
26-Dec-18,,
27-Dec-18,,
28-Dec-18,,
29-Dec-18,,
30-Dec-18,,
31-Dec-18,,
1-Jan-19,,
2-Jan-19,,
3-Jan-19,,
4-Jan-19,,
5-Jan-19,,
6-Jan-19,,
7-Jan-19,,
8-Jan-19,,
9-Jan-19,,
10-Jan-19,,
11-Jan-19,,
12-Jan-19,,
13-Jan-19,,
14-Jan-19,,
15-Jan-19,,
16-Jan-19,,
17-Jan-19,,
18-Jan-19,,
19-Jan-19,,
20-Jan-19,,
21-Jan-19,,
22-Jan-19,,
23-Jan-19,,
24-Jan-19,,
25-Jan-19,,
26-Jan-19,,
27-Jan-19,,
28-Jan-19,,
29-Jan-19,,
30-Jan-19,,
31-Jan-19,,
1-Feb-19,,
2-Feb-19,,
3-Feb-19,,
4-Feb-19,,
5-Feb-19,,
6-Feb-19,,
7-Feb-19,,
8-Feb-19,,
9-Feb-19,,
10-Feb-19,,
11-Feb-19,,
12-Feb-19,,
13-Feb-19,,
14-Feb-19,,
15-Feb-19,,
16-Feb-19,,
17-Feb-19,,
18-Feb-19,,
19-Feb-19,-0.046,-0.046
20-Feb-19,-0.039,-0.039
21-Feb-19,-0.046,-0.046
22-Feb-19,-0.046,-0.046
23-Feb-19,-0.045,-0.045
24-Feb-19,-0.045,-0.045
25-Feb-19,-0.046,-0.046
26-Feb-19,-0.046,-0.046
27-Feb-19,-0.046,-0.046
28-Feb-19,-0.046,-0.046
1-Mar-19,-0.046,-0.046
2-Mar-19,-0.045,-0.045
3-Mar-19,-0.046,-0.046
4-Mar-19,-0.046,-0.046
5-Mar-19,-0.046,-0.046
6-Mar-19,-0.037,-0.037
7-Mar-19,-0.037,-0.037
8-Mar-19,-0.037,-0.037
9-Mar-19,-0.037,-0.037
10-Mar-19,-0.037,-0.037
11-Mar-19,-0.037,-0.037
12-Mar-19,-0.037,-0.037
13-Mar-19,-0.038,-0.038
14-Mar-19,-0.038,-0.038
15-Mar-19,-0.037,-0.037
16-Mar-19,-0.037,-0.037
17-Mar-19,-0.037,-0.037
18-Mar-19,-0.037,-0.037
19-Mar-19,-0.038,-0.038
20-Mar-19,-0.038,-0.038
21-Mar-19,-0.038,-0.038
22-Mar-19,-0.044,-0.044
23-Mar-19,-0.044,-0.044
24-Mar-19,-0.045,-0.045
25-Mar-19,-0.044,-0.044
26-Mar-19,-0.044,-0.044
27-Mar-19,-0.047,-0.047
28-Mar-19,-0.046,-0.046
29-Mar-19,-0.046,-0.046
30-Mar-19,-0.046,-0.046
31-Mar-19,-0.046,-0.046
1-Apr-19,-0.046,-0.046
2-Apr-19,-0.046,-0.046
3-Apr-19,-0.046,-0.046
4-Apr-19,-0.046,-0.046
5-Apr-19,-0.046,-0.046
6-Apr-19,-0.046,-0.046
7-Apr-19,-0.047,-0.047
8-Apr-19,-0.048,-0.048
9-Apr-19,-0.047,-0.047
10-Apr-19,-0.047,-0.047
11-Apr-19,-0.047,-0.047
12-Apr-19,-0.037,-0.037
13-Apr-19,-0.037,-0.037
14-Apr-19,-0.047,-0.047
15-Apr-19,-0.033,-0.033
16-Apr-19,-0.046,-0.046
17-Apr-19,-0.053,-0.053
18-Apr-19,-0.051,-0.051
19-Apr-19,-0.051,-0.051
20-Apr-19,-0.051,-0.051
21-Apr-19,-0.051,-0.051
22-Apr-19,-0.051,-0.051
23-Apr-19,-0.051,-0.051
24-Apr-19,-0.051,-0.051
25-Apr-19,-0.048,-0.048
26-Apr-19,-0.047,-0.047
27-Apr-19,-0.047,-0.047
28-Apr-19,-0.047,-0.047
29-Apr-19,-0.029,-0.029
30-Apr-19,-0.029,-0.029
1-May-19,-0.028,-0.028
2-May-19,-0.03,-0.03
3-May-19,-0.03,-0.03
4-May-19,-0.03,-0.03
5-May-19,-0.03,-0.03
6-May-19,-0.04,-0.04
7-May-19,-0.044,-0.044
8-May-19,-0.046,-0.046
9-May-19,-0.045,-0.045
10-May-19,-0.049,-0.049
11-May-19,-0.057,-0.057
12-May-19,-0.061,-0.061
13-May-19,-0.064,-0.064
14-May-19,-0.068,-0.068
15-May-19,-0.066,-0.066
16-May-19,-0.067,-0.067
17-May-19,-0.067,-0.067
18-May-19,-0.067,-0.067
19-May-19,-0.067,-0.067
20-May-19,-0.067,-0.067
21-May-19,-0.066,-0.066
22-May-19,-0.066,-0.066
23-May-19,-0.065,-0.065
24-May-19,-0.065,-0.065
25-May-19,-0.067,-0.067
26-May-19,0.331,0.331
27-May-19,0.33,0.33
28-May-19,0.327,0.327
29-May-19,0.328,0.328
30-May-19,0.326,0.326
31-May-19,0.333,0.333
1-Jun-19,0.34,0.34
2-Jun-19,0.34,0.34
3-Jun-19,0.342,0.342
4-Jun-19,0.344,0.344
5-Jun-19,0.345,0.345
6-Jun-19,0.349,0.349
7-Jun-19,0.355,0.355
8-Jun-19,0.355,0.355
9-Jun-19,0.357,0.357
10-Jun-19,,
11-Jun-19,0.363,0.363
12-Jun-19,0.363,0.363
13-Jun-19,0.374,0.374
14-Jun-19,0.376,0.376
15-Jun-19,0.382,0.382
16-Jun-19,0.384,0.384
17-Jun-19,0.385,0.385
18-Jun-19,0.385,0.385
19-Jun-19,0.386,0.386
20-Jun-19,0.399,0.399
21-Jun-19,0.407,0.407
22-Jun-19,0.411,0.411
23-Jun-19,0.417,0.417
24-Jun-19,0.417,0.417
25-Jun-19,0.418,0.418
26-Jun-19,0.411,0.411
27-Jun-19,0.414,0.414
28-Jun-19,0.414,0.414
29-Jun-19,0.42,0.42
30-Jun-19,0.424,0.424
1-Jul-19,0.429,0.429
2-Jul-19,0.433,0.433
3-Jul-19,0.433,0.433
4-Jul-19,0.434,0.434
5-Jul-19,0.44,0.44
6-Jul-19,0.436,0.436
7-Jul-19,0.435,0.435
8-Jul-19,0.44,0.44
9-Jul-19,0.459,0.459
10-Jul-19,0.453,0.453
11-Jul-19,0.453,0.453
12-Jul-19,0.485,0.485
13-Jul-19,0.484,0.484
14-Jul-19,0.483,0.483
15-Jul-19,0.458,0.458
16-Jul-19,0.457,0.457
17-Jul-19,0.445,0.445
18-Jul-19,0.444,0.444
19-Jul-19,0.441,0.441
20-Jul-19,0.454,0.454
21-Jul-19,0.449,0.449
22-Jul-19,0.448,0.448
23-Jul-19,0.45,0.45
24-Jul-19,0.451,0.451
25-Jul-19,0.453,0.453
26-Jul-19,0.46,0.46
27-Jul-19,0.461,0.461
28-Jul-19,0.461,0.461
29-Jul-19,0.462,0.462
30-Jul-19,0.463,0.463
31-Jul-19,0.465,0.465
1-Aug-19,0.459,0.459
2-Aug-19,0.464,0.464
3-Aug-19,0.457,0.457
4-Aug-19,0.459,0.459
5-Aug-19,0.448,0.448
6-Aug-19,0.447,0.447
7-Aug-19,0.442,0.442
8-Aug-19,,
9-Aug-19,,
10-Aug-19,,
11-Aug-19,,
12-Aug-19,,
13-Aug-19,,
14-Aug-19,0.374,0.374
15-Aug-19,0.375,0.375
16-Aug-19,0.377,0.377
17-Aug-19,0.369,0.369
18-Aug-19,0.371,0.371
19-Aug-19,0.364,0.364
20-Aug-19,0.366,0.366
21-Aug-19,0.368,0.368
22-Aug-19,0.37,0.37
23-Aug-19,0.372,0.372
24-Aug-19,0.373,0.373
25-Aug-19,0.361,0.361
26-Aug-19,0.383,0.383
27-Aug-19,0.37,0.37
28-Aug-19,0.37,0.37
29-Aug-19,0.371,0.371
30-Aug-19,0.373,0.373
31-Aug-19,0.372,0.372
1-Sep-19,0.37,0.37
2-Sep-19,0.375,0.375
3-Sep-19,0.374,0.374
4-Sep-19,0.375,0.375
5-Sep-19,0.377,0.377
6-Sep-19,0.377,0.377
7-Sep-19,0.378,0.378
8-Sep-19,0.379,0.379
9-Sep-19,0.381,0.381
10-Sep-19,0.38,0.38
11-Sep-19,0.379,0.379
12-Sep-19,0.391,0.391
13-Sep-19,0.392,0.392
14-Sep-19,0.393,0.393
15-Sep-19,0.396,0.396
16-Sep-19,0.407,0.407
17-Sep-19,0.417,0.417
18-Sep-19,0.325,0.325
19-Sep-19,0.324,0.324
20-Sep-19,0.334,0.334
21-Sep-19,0.331,0.331
22-Sep-19,0.331,0.331
23-Sep-19,0.34,0.34
24-Sep-19,0.341,0.341
25-Sep-19,0.341,0.341
26-Sep-19,0.341,0.341
27-Sep-19,0.342,0.342
28-Sep-19,0.343,0.343
29-Sep-19,0.348,0.348
30-Sep-19,0.348,0.348
1-Oct-19,0.349,0.349
2-Oct-19,0.349,0.349
3-Oct-19,0.347,0.347
4-Oct-19,0.347,0.347
5-Oct-19,0.348,0.348
6-Oct-19,0.348,0.348
7-Oct-19,0.352,0.352
8-Oct-19,0.38,0.38
9-Oct-19,,
10-Oct-19,,
11-Oct-19,,
12-Oct-19,-0.102,-0.102
13-Oct-19,-0.102,-0.102
14-Oct-19,-0.103,-0.103
15-Oct-19,-0.105,-0.105
16-Oct-19,-0.107,-0.107
17-Oct-19,-0.11,-0.11
18-Oct-19,-0.113,-0.113
19-Oct-19,-0.116,-0.116
20-Oct-19,-0.116,-0.116
21-Oct-19,-0.115,-0.115
22-Oct-19,0.02,0.02
23-Oct-19,0.02,0.02
24-Oct-19,0.02,0.02
25-Oct-19,,
26-Oct-19,,
27-Oct-19,,
28-Oct-19,,
29-Oct-19,,
30-Oct-19,,
31-Oct-19,,
