Date,NDSI_Snow_Cover_Footprint,NDSI_Snow_Cover_FishIsland,NDSI_Snow_Cover_BigLake
1/1/2008,,,
1/2/2008,,,
1/3/2008,,,
1/4/2008,,,
1/5/2008,,,
1/6/2008,,,
1/7/2008,,,
1/8/2008,,,
1/9/2008,,,
1/10/2008,,,
1/11/2008,,,
1/12/2008,,,
1/13/2008,,,
1/14/2008,,,
1/15/2008,,,
1/16/2008,,,
1/17/2008,,,
1/18/2008,,,
1/19/2008,,,
1/20/2008,,,
1/21/2008,,,
1/22/2008,,,
1/23/2008,,,
1/24/2008,,,
1/25/2008,,,
1/26/2008,,,
1/27/2008,,,
1/28/2008,,,
1/29/2008,,,
1/30/2008,,,
1/31/2008,,,
2/1/2008,,,
2/2/2008,,,
2/3/2008,,,
2/4/2008,,,
2/5/2008,,,
2/6/2008,,,
2/7/2008,54.26,50.921,49.983
2/8/2008,54,52.145,52.264
2/9/2008,58.665,61.458,57.655
2/10/2008,58.302,58.088,56.783
2/11/2008,,,54.419
2/12/2008,60,59.169,59.026
2/13/2008,67.512,67.79,69.673
2/14/2008,58.219,63.233,64.016
2/15/2008,69.67,67.741,69.842
2/16/2008,,57.059,60.878
2/17/2008,65,66.744,65.951
2/18/2008,73.056,71.938,72.801
2/19/2008,71.781,71.251,71.536
2/20/2008,,,
2/21/2008,,,
2/22/2008,56,60.152,59.295
2/23/2008,,63.628,62.844
2/24/2008,,,60.79
2/25/2008,,55.934,57.626
2/26/2008,,,58.459
2/27/2008,,,64.069
2/28/2008,,61,61.847
2/29/2008,,,54.626
3/1/2008,,62,64.126
3/2/2008,70.814,65.767,71.11
3/3/2008,74.493,70.798,72.715
3/4/2008,81.219,76.889,75.465
3/5/2008,81.86,80.39,79.582
3/6/2008,,,
3/7/2008,,,
3/8/2008,,,
3/9/2008,,,
3/10/2008,,,
3/11/2008,,,
3/12/2008,70.637,68.832,69.541
3/13/2008,,,
3/14/2008,,,
3/15/2008,,,
3/16/2008,,59,58.412
3/17/2008,,,
3/18/2008,,,65.155
3/19/2008,64.422,65.099,66.108
3/20/2008,,65.231,66.12
3/21/2008,,65.078,66.02
3/22/2008,,,66.159
3/23/2008,,,
3/24/2008,69.149,68.864,69.494
3/25/2008,,,
3/26/2008,,73.901,74.476
3/27/2008,75.144,75.382,75.795
3/28/2008,,,65.557
3/29/2008,,,65.518
3/30/2008,76.14,75.25,76.234
3/31/2008,77.14,77.283,77.596
4/1/2008,,68.593,71.226
4/2/2008,,,64.797
4/3/2008,,,
4/4/2008,,,81
4/5/2008,82.14,82.313,81.823
4/6/2008,,,76.313
4/7/2008,80.367,81.276,81.134
4/8/2008,73.553,73.161,74.326
4/9/2008,,,65.629
4/10/2008,,,
4/11/2008,,67.633,67.803
4/12/2008,,71.441,70.052
4/13/2008,,,
4/14/2008,67.843,67.434,67.992
4/15/2008,73.502,71.139,73.408
4/16/2008,,,
4/17/2008,,,76.452
4/18/2008,77.005,77.888,78.463
4/19/2008,78.367,79.277,78.322
4/20/2008,,77.204,78.309
4/21/2008,,,
4/22/2008,80,79.994,79.744
4/23/2008,74.642,75.007,74.967
4/24/2008,77.005,77.995,78.141
4/25/2008,79.14,78.93,78.772
4/26/2008,,,70
4/27/2008,,,
4/28/2008,,,
4/29/2008,,,
4/30/2008,,,
5/1/2008,,,
5/2/2008,,,
5/3/2008,,,
5/4/2008,,,
5/5/2008,,,68.562
5/6/2008,,,
5/7/2008,79.502,80.097,79.683
5/8/2008,,,
5/9/2008,,,
5/10/2008,,,
5/11/2008,,,
5/12/2008,,,
5/13/2008,,,57.604
5/14/2008,,,
5/15/2008,,,
5/16/2008,84.86,84.121,84.387
5/17/2008,,87.818,88.806
5/18/2008,75.586,73.806,77.5
5/19/2008,,,76.29
5/20/2008,,76.478,74.194
5/21/2008,,,
5/22/2008,83.191,82.906,83.895
5/23/2008,68.535,74.951,80.077
5/24/2008,43.647,57.202,67.282
5/25/2008,0,30.57,41.171
5/26/2008,0,16.01,34.464
5/27/2008,,28,25.02
5/28/2008,,,60.927
5/29/2008,,,
5/30/2008,,,35.651
5/31/2008,0,6.277,7.93
6/1/2008,,67,65
6/2/2008,66,39.42,26.257
6/3/2008,0,17.002,33.407
6/4/2008,0,4.027,15.471
6/5/2008,,,
6/6/2008,,,0
6/7/2008,0,1.276,9.466
6/8/2008,0,0,7.283
6/9/2008,,,14.047
6/10/2008,0,0,10.432
6/11/2008,0,0.297,9.803
6/12/2008,0,2.392,4.546
6/13/2008,,4.886,2.855
6/14/2008,0,0,9.777
6/15/2008,0,0.548,10.464
6/16/2008,0,0,7.022
6/17/2008,0,0.886,2.957
6/18/2008,,,65.947
6/19/2008,0,0.48,6.94
6/20/2008,0,0,7.21
6/21/2008,0,0,5.191
6/22/2008,0,0,4.195
6/23/2008,0,0,3.651
6/24/2008,0,0,2.888
6/25/2008,0,0,0.958
6/26/2008,0,0,0.323
6/27/2008,0,0,0.081
6/28/2008,0,0,0.088
6/29/2008,0,0,0
6/30/2008,0,0,0
7/1/2008,,,11.218
7/2/2008,,,
7/3/2008,0,0,0
7/4/2008,0,0,0
7/5/2008,0,0,0
7/6/2008,0,0,0
7/7/2008,0,0,0
7/8/2008,0,0,0
7/9/2008,,,
7/10/2008,0,0,0
7/11/2008,,,0
7/12/2008,0,0,0
7/13/2008,0,0,0
7/14/2008,0,0,0
7/15/2008,,0.109,1.409
7/16/2008,,50.484,46.848
7/17/2008,,,
7/18/2008,0,0.148,2.672
7/19/2008,,,
7/20/2008,,,
7/21/2008,,,
7/22/2008,,,5.975
7/23/2008,0,0,0.221
7/24/2008,,,
7/25/2008,0,0,0.113
7/26/2008,0,0,0
7/27/2008,0,0.334,0.596
7/28/2008,0,0,0
7/29/2008,0,0,0.138
7/30/2008,,,
7/31/2008,,,2.5
8/1/2008,,,
8/2/2008,,0,1.413
8/3/2008,,66.724,64.671
8/4/2008,0,0,0.543
8/5/2008,,0,1.505
8/6/2008,,,
8/7/2008,,,
8/8/2008,,,
8/9/2008,,,
8/10/2008,,,
8/11/2008,,56,56.75
8/12/2008,0,0,0.175
8/13/2008,,0,13.579
8/14/2008,,,
8/15/2008,,0,1.601
8/16/2008,0,0,0.034
8/17/2008,,,
8/18/2008,,,
8/19/2008,,,0
8/20/2008,,,2.054
8/21/2008,,,1.333
8/22/2008,,,
8/23/2008,,,
8/24/2008,,,0
8/25/2008,0,0,0.566
8/26/2008,,,
8/27/2008,,,
8/28/2008,,,
8/29/2008,,,5.248
8/30/2008,,0.541,13.868
8/31/2008,,,
9/1/2008,,,
9/2/2008,,,14
9/3/2008,0,0,0.658
9/4/2008,0,0,0.018
9/5/2008,,,
9/6/2008,,,2.222
9/7/2008,,0.093,2.762
9/8/2008,,,
9/9/2008,,,
9/10/2008,,,34
9/11/2008,,,20.254
9/12/2008,,41.887,39.767
9/13/2008,,22.896,9.699
9/14/2008,,8.067,30.257
9/15/2008,0,0.006,0.166
9/16/2008,,,0
9/17/2008,0,0,0.147
9/18/2008,0,0,0.644
9/19/2008,0,0,0.855
9/20/2008,,,
9/21/2008,,,
9/22/2008,,,41.953
9/23/2008,,,20.909
9/24/2008,,,
9/25/2008,,,3.429
9/26/2008,,,
9/27/2008,,47.47,48.167
9/28/2008,,,
9/29/2008,,,
9/30/2008,48,57.237,58.869
10/1/2008,,53.816,57.997
10/2/2008,74,70.569,71.412
10/3/2008,,,47.406
10/4/2008,75.084,78.133,77.19
10/5/2008,,,
10/6/2008,,59.405,59.284
10/7/2008,68.805,64.637,65.154
10/8/2008,67.205,64.596,71.82
10/9/2008,,,72.757
10/10/2008,,61.271,61.6
10/11/2008,77.223,76.363,76.165
10/12/2008,,,
10/13/2008,,,51.16
10/14/2008,,,57.186
10/15/2008,69.447,64.426,68.366
10/16/2008,,55.316,56.994
10/17/2008,79.219,68.21,65.757
10/18/2008,73.781,73.9,71.687
10/19/2008,,,57.891
10/20/2008,,,56.462
10/21/2008,59.721,58.184,59.171
10/22/2008,,,
10/23/2008,47,59.758,59.044
10/24/2008,,52,55.401
10/25/2008,,,
10/26/2008,66.805,65.736,69.411
10/27/2008,71.358,70.871,70.462
10/28/2008,74.419,75.084,73.979
10/29/2008,75.14,76.888,76.707
10/30/2008,,55.944,60.237
10/31/2008,,57.866,57.536
11/1/2008,,,58.984
11/2/2008,,,54
11/3/2008,,,64.366
11/4/2008,,83.045,77.542
11/5/2008,,,
11/6/2008,,,
11/7/2008,,,
11/8/2008,,,
11/9/2008,,,
11/10/2008,,,
11/11/2008,,,
11/12/2008,,,
11/13/2008,,,
11/14/2008,,,
11/15/2008,,,
11/16/2008,,,
11/17/2008,,,
11/18/2008,,,
11/19/2008,,,
11/20/2008,,,
11/21/2008,,,
11/22/2008,,,
11/23/2008,,,
11/24/2008,,,
11/25/2008,,,
11/26/2008,,,
11/27/2008,,,
11/28/2008,,,
11/29/2008,,,
11/30/2008,,,
12/1/2008,,,
12/2/2008,,,
12/3/2008,,,
12/4/2008,,,
12/5/2008,,,
12/6/2008,,,
12/7/2008,,,
12/8/2008,,,
12/9/2008,,,
12/10/2008,,,
12/11/2008,,,
12/12/2008,,,
12/13/2008,,,
12/14/2008,,,
12/15/2008,,,
12/16/2008,,,
12/17/2008,,,
12/18/2008,,,
12/19/2008,,,
12/20/2008,,,
12/23/2008,,,
12/24/2008,,,
12/25/2008,,,
12/26/2008,,,
12/27/2008,,,
12/28/2008,,,
12/29/2008,,,
12/30/2008,,,
12/31/2008,,,
1/1/2009,,,
1/2/2009,,,
1/3/2009,,,
1/4/2009,,,
1/5/2009,,,
1/6/2009,,,
1/7/2009,,,
1/8/2009,,,
1/9/2009,,,
1/10/2009,,,
1/11/2009,,,
1/12/2009,,,
1/13/2009,,,
1/14/2009,,,
1/15/2009,,,
1/16/2009,,,
1/17/2009,,,
1/18/2009,,,
1/19/2009,,,
1/20/2009,,,
1/21/2009,,,
1/22/2009,,,
1/23/2009,,,
1/24/2009,,,
1/25/2009,,,
1/26/2009,,,
1/27/2009,,,
1/28/2009,,,
1/29/2009,,,
1/30/2009,,,
1/31/2009,,,
2/1/2009,,,
2/2/2009,,,
2/3/2009,,,
2/4/2009,,,
2/5/2009,,,
2/6/2009,77.735,77.599,71.926
2/7/2009,51.098,52.474,53.49
2/8/2009,86.181,83.229,73.359
2/9/2009,,42.835,37.721
2/10/2009,64.237,70.488,64.069
2/11/2009,,53,55.9
2/12/2009,81.884,74.903,73.122
2/13/2009,73.963,69.639,69.866
2/14/2009,,,
2/15/2009,67.312,68.129,68.799
2/16/2009,63.279,65.469,65.529
2/17/2009,,58.682,62.477
2/18/2009,69,65.696,66.078
2/19/2009,,,52.343
2/20/2009,,,57.794
2/21/2009,62.093,62.741,63.393
2/22/2009,68.014,68.789,70.802
2/23/2009,64.73,66.673,65.979
2/24/2009,70.056,72.281,71.769
2/25/2009,,,
2/26/2009,70.228,69.608,68.292
2/27/2009,,56.108,58.345
2/28/2009,,,58.848
3/1/2009,,72.744,71.627
3/2/2009,67.507,67.518,67.182
3/3/2009,74.637,74.111,73.674
3/4/2009,,,64.687
3/5/2009,,,64.965
3/6/2009,64.498,65.14,67.273
3/7/2009,67.843,68.936,68.027
3/8/2009,70.865,72.391,71.405
3/9/2009,66.721,67.709,67.83
3/10/2009,76.363,76.813,76.713
3/11/2009,74.279,74.863,74.604
3/12/2009,76,75.776,76.477
3/13/2009,,,78.058
3/14/2009,,76.037,76.481
3/15/2009,62.777,61.708,63.206
3/16/2009,,,66
3/17/2009,64.876,68.205,67.716
3/18/2009,,,66.473
3/19/2009,69.498,67.625,67.109
3/20/2009,,67.314,67.469
3/21/2009,66.279,65.704,66.638
3/22/2009,67.14,66.442,67.739
3/23/2009,,,65.482
3/24/2009,68,68.064,69.004
3/25/2009,69.865,70.246,70.261
3/26/2009,72,73.82,73.094
3/27/2009,,,64.44
3/28/2009,,,67.677
3/29/2009,,67.13,67.45
3/30/2009,,,
3/31/2009,,,
4/1/2009,,69.131,69.525
4/2/2009,74.777,74.987,74.399
4/3/2009,,72.215,71.643
4/4/2009,,67.889,70.817
4/5/2009,,,67.433
4/6/2009,,,73.91
4/7/2009,,,71.826
4/8/2009,75.498,75.425,75.42
4/9/2009,78.502,79.005,79.185
4/10/2009,,71.936,73.491
4/11/2009,,70.703,72.361
4/12/2009,,,
4/13/2009,,,
4/14/2009,,,
4/15/2009,78,78.214,77.966
4/16/2009,78,77.797,77.267
4/17/2009,74.14,74.878,74.058
4/18/2009,75.363,77.499,77.59
4/19/2009,77.86,77.49,77.374
4/20/2009,81.363,81.806,81.472
4/21/2009,73,73.166,74.847
4/22/2009,71.498,71.453,71.463
4/23/2009,77.637,78,77.985
4/24/2009,,,
4/25/2009,70.637,71.738,72.821
4/26/2009,79.498,79.832,80.011
4/27/2009,93,93.855,93.487
4/28/2009,,,80
4/29/2009,93,92.962,92.75
4/30/2009,94.363,94.18,94.411
5/1/2009,94.14,93.655,93.941
5/2/2009,,,
5/3/2009,,64,68.22
5/4/2009,,72,71.751
5/5/2009,80,79.051,79.097
5/6/2009,,,
5/7/2009,71.642,71.518,72.786
5/8/2009,,69.694,70.744
5/9/2009,,,
5/10/2009,,,
5/11/2009,75.005,74.509,76.315
5/12/2009,,69.448,69.1
5/13/2009,,,
5/14/2009,,,
5/15/2009,,,
5/16/2009,,,70.342
5/17/2009,80.498,80.984,81.276
5/18/2009,83.438,84.738,84.872
5/19/2009,86.502,85.738,86.378
5/20/2009,89.502,88.869,89.453
5/21/2009,93.502,91.816,91.813
5/22/2009,,,
5/23/2009,,,
5/24/2009,92.642,90.815,91.742
5/25/2009,91.502,87.711,89.65
5/26/2009,,76.647,82.024
5/27/2009,79.591,71.731,79.909
5/28/2009,,76.196,79.787
5/29/2009,,74.462,78.767
5/30/2009,,,83.078
5/31/2009,86.656,78.525,85.486
6/1/2009,83.581,73.553,82.446
6/2/2009,,60.125,66.555
6/3/2009,69.186,59.928,72.283
6/4/2009,,49.145,62.75
6/5/2009,,15.567,40.116
6/6/2009,0,0,20.319
6/7/2009,,,8.385
6/8/2009,5.481,5.034,17.408
6/9/2009,0,1.633,15.559
6/10/2009,,,14.438
6/11/2009,,23,33.152
6/12/2009,,,56.714
6/13/2009,,15,10.625
6/14/2009,0,1.296,7.378
6/15/2009,0,3.384,6.044
6/16/2009,0,0,9.603
6/17/2009,0,0,9.191
6/18/2009,0,1.498,9.402
6/19/2009,0,3.453,6.135
6/20/2009,0,0.306,9.844
6/21/2009,0,0,8.357
6/22/2009,0,0,7.25
6/23/2009,0,1.024,7.711
6/24/2009,0,1.368,6.937
6/25/2009,,0,3.461
6/26/2009,0,0.559,6.738
6/27/2009,,,
6/28/2009,,,0
6/29/2009,0,0,4.424
6/30/2009,0,0,2.254
7/1/2009,0,0,0.813
7/2/2009,,,
7/3/2009,,40,49.429
7/4/2009,0,0,0.058
7/5/2009,0,0,0.211
7/6/2009,0,0,0
7/7/2009,,,1.661
7/8/2009,0,0,0.047
7/9/2009,0,0,0
7/10/2009,0,0,0
7/11/2009,0,0,0
7/12/2009,,0,0.25
7/13/2009,,,0.479
7/14/2009,,,
7/15/2009,0,0,0.258
7/16/2009,11,3.454,7.808
7/17/2009,0,0,0
7/18/2009,0,0,0
7/19/2009,0,0,0.018
7/20/2009,0,0,0
7/21/2009,0,0,0
7/22/2009,0,0,0.736
7/23/2009,,,
7/24/2009,,0,2.212
7/25/2009,0,0,0
7/26/2009,0,0,0
7/27/2009,0,0,0
7/28/2009,,0,0
7/29/2009,,,0
7/30/2009,0,0,0
7/31/2009,0,0,0
8/1/2009,,,
8/2/2009,0,0,0
8/3/2009,,,0
8/4/2009,0,0,0
8/5/2009,0,0,4.443
8/6/2009,,,
8/7/2009,,2.667,0.358
8/8/2009,,,
8/9/2009,,,66.236
8/10/2009,,,
8/11/2009,,,
8/12/2009,0,0,0.685
8/13/2009,0,0.913,3.902
8/14/2009,,,
8/15/2009,,,
8/16/2009,,,
8/17/2009,,,6.035
8/18/2009,0,0,0
8/19/2009,,,6.526
8/20/2009,0,0,0.032
8/21/2009,0,0,0
8/22/2009,0,0,0.34
8/23/2009,0,0,0
8/24/2009,0,0,0
8/25/2009,,,
8/26/2009,,,
8/27/2009,,,
8/28/2009,,,
8/29/2009,,,
8/30/2009,,,
8/31/2009,0,0,0
9/1/2009,0,0,0
9/2/2009,0,0.326,5.055
9/3/2009,0,0,0.342
9/4/2009,,,
9/5/2009,0,0,0
9/6/2009,0,0,0
9/7/2009,0,0,3.738
9/8/2009,0,0.006,0.376
9/9/2009,0,0,0.222
9/10/2009,0,0,0.264
9/11/2009,,41.548,41.243
9/12/2009,0,0,0.828
9/13/2009,,,1.728
9/14/2009,,1.772,8.695
9/15/2009,0,0.253,0.799
9/16/2009,0,0,0
9/17/2009,,,
9/18/2009,,55,55.835
9/19/2009,,,
9/20/2009,57.447,55.036,54.372
9/21/2009,,,
9/22/2009,,16.916,9.087
9/23/2009,,,
9/24/2009,,39.936,41.361
9/25/2009,0,0.371,4.301
9/26/2009,,,23.43
9/27/2009,,,25.017
9/28/2009,36.419,31.448,31.674
9/29/2009,,,
9/30/2009,63.805,53.282,55.977
10/1/2009,,,41.064
10/2/2009,,41.135,43.046
10/3/2009,,,51.679
10/4/2009,44,45.347,46.736
10/5/2009,,,
10/6/2009,,,
10/7/2009,,,47.345
10/8/2009,,50.846,51.416
10/9/2009,54.638,49.772,54.436
10/10/2009,,,38.938
10/11/2009,55.578,47.843,48.623
10/12/2009,52.735,33.828,42.879
10/13/2009,,,20.354
10/14/2009,,,14.263
10/15/2009,,,25.57
10/16/2009,,47,44.278
10/17/2009,,,48
10/18/2009,,47.569,52.718
10/19/2009,,,57.532
10/20/2009,63.088,59.066,60.747
10/21/2009,,,29.016
10/22/2009,,,
10/23/2009,,45.696,46.776
10/24/2009,41,49.171,49.95
10/25/2009,56.716,51.917,62.102
10/26/2009,69.907,53.978,59.16
10/27/2009,,51,47.364
10/28/2009,51.707,50.072,50.881
10/29/2009,,53.89,52.033
10/30/2009,,,31.934
10/31/2009,,,
11/1/2009,,51.834,54.97
11/2/2009,,55,53.399
11/3/2009,,,
11/4/2009,,,
11/5/2009,,,
11/6/2009,,,
11/7/2009,,,
11/8/2009,,,
11/9/2009,,,
11/10/2009,,,
11/11/2009,,,
11/12/2009,,,
11/13/2009,,,
11/14/2009,,,
11/15/2009,,,
11/16/2009,,,
11/17/2009,,,
11/18/2009,,,
11/19/2009,,,
11/20/2009,,,
11/21/2009,,,
11/22/2009,,,
11/23/2009,,,
11/24/2009,,,
11/25/2009,,,
11/26/2009,,,
11/27/2009,,,
11/28/2009,,,
11/29/2009,,,
11/30/2009,,,
12/1/2009,,,
12/2/2009,,,
12/3/2009,,,
12/4/2009,,,
12/5/2009,,,
12/6/2009,,,
12/7/2009,,,
12/8/2009,,,
12/9/2009,,,
12/10/2009,,,
12/11/2009,,,
12/12/2009,,,
12/13/2009,,,
12/14/2009,,,
12/15/2009,,,
12/16/2009,,,
12/17/2009,,,
12/18/2009,,,
12/19/2009,,,
12/20/2009,,,
12/21/2009,,,
12/22/2009,,,
12/23/2009,,,
12/24/2009,,,
12/25/2009,,,
12/26/2009,,,
12/27/2009,,,
12/28/2009,,,
12/29/2009,,,
12/30/2009,,,
12/31/2009,,,
1/1/2010,,,
1/2/2010,,,
1/3/2010,,,
1/4/2010,,,
1/5/2010,,,
1/6/2010,,,
1/7/2010,,,
1/8/2010,,,
1/9/2010,,,
1/10/2010,,,
1/11/2010,,,
1/12/2010,,,
1/13/2010,,,
1/14/2010,,,
1/15/2010,,,
1/16/2010,,,
1/17/2010,,,
1/18/2010,,,
1/19/2010,,,
1/20/2010,,,
1/21/2010,,,
1/22/2010,,,
1/23/2010,,,
1/24/2010,,,
1/25/2010,,,
1/26/2010,,,
1/27/2010,,,
1/28/2010,,,
1/29/2010,,,
1/30/2010,,,
1/31/2010,,,
2/1/2010,,,
2/2/2010,,,
2/3/2010,,,
2/4/2010,,,
2/5/2010,,,56.511
2/6/2010,,,56.86
2/7/2010,,60.985,62.395
2/8/2010,,20.806,28.59
2/9/2010,,,
2/10/2010,,45.16,55.193
2/11/2010,,,54.014
2/12/2010,52.972,62.853,55.021
2/13/2010,,57.929,61.229
2/14/2010,,,59
2/15/2010,,,48
2/16/2010,,62.551,59.282
2/17/2010,,35.179,35.848
2/18/2010,,50.608,55.683
2/19/2010,,,
2/20/2010,57.405,58.034,62.734
2/21/2010,65.553,63.969,64.979
2/22/2010,,62.931,64.523
2/23/2010,,,62.313
2/24/2010,,,
2/25/2010,,,61.688
2/26/2010,,,60.9
2/27/2010,,,59.681
2/28/2010,,,
3/1/2010,,,
3/2/2010,,,55.075
3/3/2010,,,
3/4/2010,,,
3/5/2010,,,
3/6/2010,69.777,70.763,72.365
3/7/2010,,,51.778
3/8/2010,72.14,72.583,73.493
3/9/2010,69.107,65.319,70.301
3/10/2010,,,68.088
3/11/2010,67.86,66.85,68.882
3/12/2010,,,58
3/13/2010,,64.398,64.573
3/14/2010,,,
3/15/2010,,61.489,65.404
3/16/2010,72,72.979,73.368
3/17/2010,76.498,75.855,76.456
3/18/2010,,,
3/19/2010,,66.47,67.126
3/20/2010,71.865,71.268,72.768
3/21/2010,69.223,68.983,70.202
3/22/2010,67,65.744,67.272
3/23/2010,,,65.614
3/24/2010,68,68.91,68.794
3/25/2010,,,
3/26/2010,68,65.935,67.23
3/27/2010,,75.725,73.543
3/28/2010,71.86,73.105,72.3
3/29/2010,65.777,66.495,68.142
3/30/2010,,,
3/31/2010,,76.475,78.909
4/1/2010,,,78.787
4/2/2010,,,
4/3/2010,67.493,68.296,69.452
4/4/2010,,,
4/5/2010,74.637,74.02,73.184
4/6/2010,,,
4/7/2010,,,
4/8/2010,68.135,67.848,68.371
4/9/2010,71.363,71.664,71.173
4/10/2010,72.228,72.4,72.996
4/11/2010,,,
4/12/2010,84.502,84.832,84.812
4/13/2010,,,75.601
4/14/2010,,,74.694
4/15/2010,84,83.458,82.251
4/16/2010,87.363,86.799,85.574
4/17/2010,87.14,86.937,86.41
4/18/2010,88.502,88.272,87.933
4/19/2010,89,89.082,87.763
4/20/2010,91,90.307,90.377
4/21/2010,,,
4/22/2010,70,69.045,69.922
4/23/2010,,,
4/24/2010,81.14,82.185,82.855
4/25/2010,87.363,86.63,87.475
4/26/2010,,,
4/27/2010,80.14,78.015,78.188
4/28/2010,,,
4/29/2010,,,
4/30/2010,,,
5/1/2010,,78,79.558
5/2/2010,84.363,83.882,82.92
5/3/2010,,,
5/4/2010,,,
5/5/2010,,77,75.401
5/6/2010,80,79.035,79.022
5/7/2010,81,81.176,80.028
5/8/2010,71.279,69.27,71.69
5/9/2010,,,
5/10/2010,,,65.262
5/11/2010,,,
5/12/2010,84.14,84.338,84.313
5/13/2010,85.144,85.202,84.633
5/14/2010,,83.651,86.94
5/15/2010,,,71.515
5/16/2010,,,84.249
5/17/2010,,,
5/18/2010,,,89.893
5/19/2010,94.86,91.562,92.486
5/20/2010,,85.099,83.938
5/21/2010,91.502,85.178,85.578
5/22/2010,89.363,85.576,85.56
5/23/2010,90,86.324,86.618
5/24/2010,88.502,84.632,84.546
5/25/2010,92.916,83.327,87.135
5/26/2010,84.535,77.224,83.933
5/27/2010,72.512,75.864,81.926
5/28/2010,,29.278,64.767
5/29/2010,,,
5/30/2010,,0,50.394
5/31/2010,41,44.738,51.477
6/1/2010,,36.333,34.182
6/2/2010,,,17.539
6/3/2010,,,
6/4/2010,0,7.726,18.22
6/5/2010,0,5.942,17.319
6/6/2010,0,0.786,13.073
6/7/2010,0,0.254,12.102
6/8/2010,0,1.502,9.714
6/9/2010,0,0,6.97
6/10/2010,0,0,7.166
6/11/2010,0,0,6.581
6/12/2010,,,20.426
6/13/2010,,,
6/14/2010,,,0
6/15/2010,,0,4.14
6/16/2010,0,1.6,8.291
6/17/2010,17.777,20.112,26.055
6/18/2010,0,0,6.412
6/19/2010,,,
6/20/2010,0,0.023,4.202
6/21/2010,0,0,4.788
6/22/2010,0,0,4.362
6/23/2010,0,0,2.092
6/24/2010,0,0,1.085
6/25/2010,0,0,1.091
6/26/2010,,0,0.414
6/27/2010,,,
6/28/2010,,,
6/29/2010,0,0,0
6/30/2010,0,0,0
7/1/2010,0,0,1.003
7/2/2010,0,0.254,3.41
7/3/2010,,,
7/4/2010,,,49.429
7/5/2010,0,0,0
7/6/2010,,6.826,5.839
7/7/2010,,,
7/8/2010,,0.337,6.571
7/9/2010,0,0,0
7/10/2010,0,0,0.102
7/11/2010,,,
7/12/2010,,,
7/13/2010,,,
7/14/2010,,,
7/15/2010,,0,0.271
7/16/2010,,0,0.891
7/17/2010,,,
7/18/2010,0,0,0.469
7/19/2010,,,
7/20/2010,0,0,1.118
7/21/2010,0,0,0
7/22/2010,0,0,1.145
7/23/2010,0,0.326,0.526
7/24/2010,,,
7/25/2010,,,1.079
7/26/2010,0,0,0
7/27/2010,0,0,0
7/28/2010,0,0,0
7/29/2010,,,
7/30/2010,,,62.655
7/31/2010,0,0,0
8/1/2010,,0,1.48
8/2/2010,,,43.656
8/3/2010,,,5.225
8/4/2010,0,0,0
8/5/2010,,0,0.124
8/6/2010,,,
8/7/2010,,,
8/8/2010,,,
8/9/2010,0,0,0.113
8/10/2010,0,0,0
8/11/2010,,,
8/12/2010,,,6.264
8/13/2010,,,9
8/14/2010,0,0,0.016
8/15/2010,0,0,0
8/16/2010,0,0,0
8/17/2010,0,0,0
8/18/2010,0,0,0
8/19/2010,0,0,0
8/20/2010,,0.044,4.258
8/21/2010,,,3.052
8/22/2010,,0,2.219
8/23/2010,,,
8/24/2010,,,16.977
8/25/2010,,0,6.792
8/26/2010,,,0.31
8/27/2010,,,46
8/28/2010,0,0,0.8
8/29/2010,,,0
8/30/2010,0,0,0.08
8/31/2010,,,
9/1/2010,,0,1.087
9/2/2010,0,0,1.684
9/3/2010,,0,1.022
9/4/2010,,0.665,1.93
9/5/2010,0,0,0
9/6/2010,,,
9/7/2010,0,0,0
9/8/2010,,,
9/9/2010,,,
9/10/2010,,,
9/11/2010,0,0,0.072
9/12/2010,0,0.317,2.801
9/13/2010,,,7.483
9/14/2010,0,0.253,4.666
9/15/2010,,0,4.237
9/16/2010,,,13.309
9/17/2010,,,
9/18/2010,10,1.875,2.718
9/19/2010,0,0,0.542
9/20/2010,,,2.037
9/21/2010,,,
9/22/2010,,,32.583
9/23/2010,0,4.823,9.018
9/24/2010,0,2.759,3.176
9/25/2010,0,0.259,3.602
9/26/2010,,,42.753
9/27/2010,,,
9/28/2010,61.219,59.755,62.721
9/29/2010,64.498,66.606,69.358
9/30/2010,,,65.478
10/1/2010,48,47.844,52.165
10/2/2010,,,
10/3/2010,,,
10/4/2010,,,51.92
10/5/2010,,,
10/6/2010,,,41.398
10/7/2010,,,53.794
10/8/2010,55.837,55.279,56.698
10/9/2010,,,
10/10/2010,,,
10/11/2010,53.726,54.843,55.263
10/12/2010,,,44.146
10/13/2010,,,
10/14/2010,60,75.17,67.525
10/15/2010,,51,55.124
10/16/2010,,,
10/17/2010,,,24.008
10/18/2010,76.391,80.502,78.984
10/19/2010,,,25.78
10/20/2010,,,
10/21/2010,,52.521,54.508
10/22/2010,,52.306,58.298
10/23/2010,,,
10/24/2010,,56.024,51.03
10/25/2010,65.419,55.73,58.14
10/26/2010,,38,49.052
10/27/2010,,64.012,58.583
10/28/2010,65.256,70.243,70.936
10/29/2010,71.223,73.688,73.261
10/30/2010,,,51.534
10/31/2010,,,56.042
11/1/2010,37,45.778,49.589
11/2/2010,,,
11/3/2010,,,55.142
11/4/2010,,67.784,60.431
11/5/2010,,,
11/6/2010,,,
11/7/2010,,,
11/8/2010,,,
11/9/2010,,,
11/10/2010,,,
11/11/2010,,,
11/12/2010,,,
11/13/2010,,,
11/14/2010,,,
11/15/2010,,,
11/16/2010,,,
11/17/2010,,,
11/18/2010,,,
11/19/2010,,,
11/20/2010,,,
11/21/2010,,,
11/22/2010,,,
11/23/2010,,,
11/24/2010,,,
11/25/2010,,,
11/26/2010,,,
11/27/2010,,,
11/28/2010,,,
11/29/2010,,,
11/30/2010,,,
12/1/2010,,,
12/2/2010,,,
12/3/2010,,,
12/4/2010,,,
12/5/2010,,,
12/6/2010,,,
12/7/2010,,,
12/8/2010,,,
12/9/2010,,,
12/10/2010,,,
12/11/2010,,,
12/12/2010,,,
12/13/2010,,,
12/14/2010,,,
12/15/2010,,,
12/16/2010,,,
12/17/2010,,,
12/18/2010,,,
12/19/2010,,,
12/20/2010,,,
12/21/2010,,,
12/22/2010,,,
12/23/2010,,,
12/24/2010,,,
12/25/2010,,,
12/26/2010,,,
12/27/2010,,,
12/28/2010,,,
12/29/2010,,,
12/30/2010,,,
12/31/2010,,,
1/1/2011,,,
1/2/2011,,,
1/3/2011,,,
1/4/2011,,,
1/5/2011,,,
1/6/2011,,,
1/7/2011,,,
1/8/2011,,,
1/9/2011,,,
1/10/2011,,,
1/11/2011,,,
1/12/2011,,,
1/13/2011,,,
1/14/2011,,,
1/15/2011,,,
1/16/2011,,,
1/17/2011,,,
1/18/2011,,,
1/19/2011,,,
1/20/2011,,,
1/21/2011,,,
1/22/2011,,,
1/23/2011,,,
1/24/2011,,,
1/25/2011,,,
1/26/2011,,,
1/27/2011,,,
1/28/2011,,,
1/29/2011,,,
1/30/2011,,,
1/31/2011,,,
2/1/2011,,,
2/2/2011,,,
2/3/2011,,,
2/4/2011,,,
2/5/2011,,,
2/6/2011,,42.597,56.541
2/7/2011,,,59.5
2/8/2011,64.279,59.777,65.67
2/9/2011,,53.084,50.65
2/10/2011,,,59.93
2/11/2011,,57.581,57.694
2/12/2011,,,54.82
2/13/2011,,58.158,58.106
2/14/2011,,,
2/15/2011,,59.712,59.673
2/16/2011,66.586,65.874,67.047
2/17/2011,68.14,67.777,69.724
2/18/2011,58.279,62.956,65.126
2/19/2011,68.233,67.792,67.497
2/20/2011,69.279,67.097,67.032
2/21/2011,,,61.233
2/22/2011,,,55.241
2/23/2011,69.005,69.003,68.961
2/24/2011,,,60.277
2/25/2011,,,
2/26/2011,,,
2/27/2011,,,55.083
2/28/2011,69.516,69.917,70.373
3/1/2011,67,65.68,67.566
3/2/2011,69.005,70.281,72.365
3/3/2011,72.14,72.076,73.648
3/4/2011,76.279,76.066,76.502
3/5/2011,78.14,77.228,76.988
3/6/2011,,,
3/7/2011,74.726,72.98,72.843
3/8/2011,67.686,67.467,67.425
3/9/2011,76.14,75.147,74.898
3/10/2011,,,71.571
3/11/2011,,65.699,67.32
3/12/2011,,70.238,71.714
3/13/2011,71.14,70.333,70.323
3/14/2011,76.14,74.233,74.51
3/15/2011,71.781,72.702,72.3
3/16/2011,,,
3/17/2011,,67.612,67.656
3/18/2011,,69.562,70.019
3/19/2011,74.149,76.669,76.613
3/20/2011,72.14,71.528,71.875
3/21/2011,80.14,80.619,80.244
3/22/2011,77.14,78.718,78.355
3/23/2011,82.414,83.545,83.746
3/24/2011,79.363,79.969,79.778
3/25/2011,83.86,84.555,85.272
3/26/2011,78.995,78.859,79.62
3/27/2011,,,73.774
3/28/2011,,,57.897
3/29/2011,71.726,71.384,70.701
3/30/2011,,67.867,72.526
3/31/2011,71,70.658,70.666
4/1/2011,,66,67.101
4/2/2011,71,71.956,72.744
4/3/2011,79.363,80.158,80.674
4/4/2011,77,76.979,76.79
4/5/2011,,76.132,76.242
4/6/2011,76.498,75.497,75.018
4/7/2011,70.135,69.691,70.639
4/8/2011,,73,71.796
4/9/2011,73,74.162,74.478
4/10/2011,79.14,79.222,79.492
4/11/2011,77.637,77.928,78.268
4/12/2011,80.637,80.231,80.643
4/13/2011,79.363,79.786,80.176
4/14/2011,80.86,80.716,80.559
4/15/2011,82,81.547,81.797
4/16/2011,,,
4/17/2011,70.274,69.124,69.665
4/18/2011,,,
4/19/2011,,70.274,69.943
4/20/2011,72.502,71.696,72.916
4/21/2011,70.363,71.142,71.19
4/22/2011,75.14,73.783,74.231
4/23/2011,73.14,72.668,73.495
4/24/2011,81,80.875,81.124
4/25/2011,78.363,78.087,79.773
4/26/2011,83.363,83.727,83.983
4/27/2011,,,
4/28/2011,73.637,73.321,73.626
4/29/2011,,81.91,81.884
4/30/2011,80.86,79.257,78.901
5/1/2011,78,78.356,79.627
5/2/2011,81,80.51,80.41
5/3/2011,77.637,77.348,78.339
5/4/2011,80,79.118,79.184
5/5/2011,,79.681,80.475
5/6/2011,81.14,80.874,81.125
5/7/2011,,,
5/8/2011,,73.064,72.825
5/9/2011,,75.323,74.092
5/10/2011,,,
5/11/2011,,,
5/12/2011,,73.902,75.532
5/13/2011,,,83
5/14/2011,,,
5/15/2011,,,73.488
5/16/2011,,,
5/17/2011,93.502,93.656,93.198
5/18/2011,91.14,90.842,89.803
5/19/2011,92.502,90.932,91.824
5/20/2011,93.279,88.799,90.475
5/21/2011,86.153,78.947,84.446
5/22/2011,83.572,72.786,82.171
5/23/2011,59.456,53.325,71.994
5/24/2011,0,8.179,51.678
5/25/2011,0,0,29.565
5/26/2011,0,0.044,16.842
5/27/2011,,13.464,32.401
5/28/2011,25.778,28.053,31.64
5/29/2011,0,3.065,22.089
5/30/2011,24.47,27.361,33.61
5/31/2011,,,31.871
6/1/2011,,29,38.076
6/2/2011,16.578,13.884,15.93
6/3/2011,0,4.3,19.842
6/4/2011,0,0.337,11.436
6/5/2011,0,0,13.277
6/6/2011,0,8.234,9.324
6/7/2011,,,
6/8/2011,,,8.896
6/9/2011,,,
6/10/2011,,,
6/11/2011,,,50.37
6/12/2011,,,10.113
6/13/2011,55,57.082,56.035
6/14/2011,0,0,8.5
6/15/2011,0,0,5.093
6/16/2011,0,0,7.7
6/17/2011,0,1.863,9.42
6/18/2011,,,62.788
6/19/2011,0,0.497,2.276
6/20/2011,0,0,4.503
6/21/2011,0,0.625,2.686
6/22/2011,0,0,0
6/23/2011,0,0,0
6/24/2011,0,0,0
6/25/2011,0,0,0.026
6/26/2011,0,0,0
6/27/2011,0,0,0
6/28/2011,,0,0.928
6/29/2011,,,0.358
6/30/2011,,,3.316
7/1/2011,0,0,0
7/2/2011,0,0,0.277
7/3/2011,,,
7/4/2011,,,1.841
7/5/2011,0,0,0
7/6/2011,,0,3.891
7/7/2011,0,0,0
7/8/2011,,,
7/9/2011,,,
7/10/2011,,,
7/11/2011,0,0,0.126
7/12/2011,,61.261,62.155
7/13/2011,0,0,3.364
7/14/2011,0,0,0
7/15/2011,0,0,0
7/16/2011,,0,1.189
7/17/2011,,,
7/18/2011,,,0
7/19/2011,,0,5.821
7/20/2011,0,0,0
7/21/2011,,0.279,9.906
7/22/2011,0,0,0.187
7/23/2011,0,0.138,2.736
7/24/2011,,,56.941
7/25/2011,,,
7/26/2011,0,0,0.43
7/27/2011,,,
7/28/2011,0,0,0.157
7/29/2011,0,0,0
7/30/2011,0,0,0.232
7/31/2011,,9.388,5.252
8/1/2011,0,0,0
8/2/2011,0,0,0
8/3/2011,0,0.955,3.49
8/4/2011,,0,0
8/5/2011,0,0,0
8/6/2011,0,0,0
8/7/2011,,,49.6
8/8/2011,,,18.149
8/9/2011,,,25.196
8/10/2011,,,
8/11/2011,,,
8/12/2011,,0,0.485
8/13/2011,0,0,0.254
8/14/2011,0,0,0
8/15/2011,,,
8/16/2011,,,0.75
8/17/2011,,,
8/18/2011,,,7.649
8/19/2011,0,0,0.042
8/20/2011,0,0,1.106
8/21/2011,,,0
8/22/2011,,,0
8/23/2011,,,
8/24/2011,,,
8/25/2011,,,8.668
8/26/2011,0,0,0
8/27/2011,0,0,0
8/28/2011,,,1.659
8/29/2011,0,0,0
8/30/2011,0,0,0.667
8/31/2011,0,0,0
9/1/2011,0,0,0.229
9/2/2011,0,0.116,0.734
9/3/2011,,,9.898
9/4/2011,,,17.884
9/5/2011,,,
9/6/2011,,3.163,4.206
9/7/2011,,,
9/8/2011,,0.185,4.542
9/9/2011,,,
9/10/2011,,,42
9/11/2011,,,12.68
9/12/2011,0,0,0.021
9/13/2011,0,0,0
9/14/2011,,,
9/15/2011,,,
9/16/2011,,,
9/17/2011,,,26.771
9/18/2011,,,
9/19/2011,,,
9/20/2011,,,
9/21/2011,,,
9/22/2011,,,
9/23/2011,,,
9/24/2011,,,13.354
9/25/2011,,8.767,9.578
9/26/2011,,,
9/27/2011,,13.677,10.246
9/28/2011,,,30.286
9/29/2011,0,7.167,5.542
9/30/2011,,,8.02
10/1/2011,,50.434,48.182
10/2/2011,32,30.929,27.938
10/3/2011,,17.881,28.302
10/4/2011,,,20
10/5/2011,,14.859,23.351
10/6/2011,40.279,37.263,26.191
10/7/2011,,14.435,16.265
10/8/2011,,,14.718
10/9/2011,,,21.96
10/10/2011,,47.726,47.09
10/11/2011,,,
10/12/2011,,,
10/13/2011,53.577,52.689,57.787
10/14/2011,,,
10/15/2011,,,
10/16/2011,,,31.443
10/17/2011,57.019,53.288,54.994
10/18/2011,,,
10/19/2011,,45.743,47.826
10/20/2011,,,51.596
10/21/2011,,,52.77
10/22/2011,,,
10/23/2011,,,55.79
10/24/2011,,,47.522
10/25/2011,,47,48.91
10/26/2011,45.049,46.388,49.381
10/27/2011,,53.164,59.657
10/28/2011,,48.162,52.276
10/29/2011,69.367,63.523,63.192
10/30/2011,,,
10/31/2011,,55.142,56.124
11/1/2011,,,47.627
11/2/2011,,54,50.223
11/3/2011,,51,58.225
11/4/2011,,,
11/5/2011,,,
11/6/2011,,,
11/7/2011,,,
11/8/2011,,,
11/9/2011,,,
11/10/2011,,,
11/11/2011,,,
11/12/2011,,,
11/13/2011,,,
11/14/2011,,,
11/15/2011,,,
11/16/2011,,,
11/17/2011,,,
11/18/2011,,,
11/19/2011,,,
11/20/2011,,,
11/21/2011,,,
11/22/2011,,,
11/23/2011,,,
11/24/2011,,,
11/25/2011,,,
11/26/2011,,,
11/27/2011,,,
11/28/2011,,,
11/29/2011,,,
11/30/2011,,,
12/1/2011,,,
12/2/2011,,,
12/3/2011,,,
12/4/2011,,,
12/5/2011,,,
12/6/2011,,,
12/7/2011,,,
12/8/2011,,,
12/9/2011,,,
12/10/2011,,,
12/11/2011,,,
12/12/2011,,,
12/13/2011,,,
12/14/2011,,,
12/15/2011,,,
12/16/2011,,,
12/17/2011,,,
12/18/2011,,,
12/19/2011,,,
12/20/2011,,,
12/21/2011,,,
12/22/2011,,,
12/23/2011,,,
12/24/2011,,,
12/25/2011,,,
12/26/2011,,,
12/27/2011,,,
12/28/2011,,,
12/29/2011,,,
12/30/2011,,,
12/31/2011,,,
1/1/2012,,,
1/2/2012,,,
1/3/2012,,,
1/4/2012,,,
1/5/2012,,,
1/6/2012,,,
1/7/2012,,,
1/8/2012,,,
1/9/2012,,,
1/10/2012,,,
1/11/2012,,,
1/12/2012,,,
1/13/2012,,,
1/14/2012,,,
1/15/2012,,,
1/16/2012,,,
1/17/2012,,,
1/18/2012,,,
1/19/2012,,,
1/20/2012,,,
1/21/2012,,,
1/22/2012,,,
1/23/2012,,,
1/24/2012,,,
1/25/2012,,,
1/26/2012,,,
1/27/2012,,,
1/28/2012,,,
1/29/2012,,,
1/30/2012,,,
1/31/2012,,,
2/1/2012,,,
2/2/2012,,,
2/3/2012,,,
2/4/2012,,,
2/5/2012,,,
2/6/2012,,70,67.332
2/7/2012,64.326,64.244,63.507
2/8/2012,65.949,67.977,67.025
2/9/2012,63.405,66.272,65.868
2/10/2012,77.274,78.767,75.894
2/11/2012,74.814,65.267,67.451
2/12/2012,,,32.5
2/13/2012,53.563,54.709,55.211
2/14/2012,,,41.015
2/15/2012,,,51.131
2/16/2012,,,52.234
2/17/2012,,,
2/18/2012,,,52.8
2/19/2012,,,
2/20/2012,,,55.431
2/21/2012,,60.807,62.592
2/22/2012,64.912,65.167,65.045
2/23/2012,62,61.229,61.744
2/24/2012,62.223,62.538,62.972
2/25/2012,,,55.36
2/26/2012,,,57.5
2/27/2012,59.581,60.526,60.074
2/28/2012,,60.636,65.046
2/29/2012,,60.267,63.535
3/1/2012,,,65.66
3/2/2012,,,63.316
3/3/2012,64.228,64.123,66.514
3/4/2012,,,61.214
3/5/2012,68.228,69.147,70.176
3/6/2012,,62.568,62.596
3/7/2012,71.084,70.783,71.334
3/8/2012,64,65.381,65.923
3/9/2012,,62.224,62.689
3/10/2012,,,62.566
3/11/2012,63.502,65.335,65.448
3/12/2012,,68.505,67.587
3/13/2012,,,63.119
3/14/2012,,,64.916
3/15/2012,,64.045,66.269
3/16/2012,66.637,65.869,67.8
3/17/2012,,65,66.258
3/18/2012,67,66.712,69.671
3/19/2012,,66.369,66.68
3/20/2012,,,69.468
3/21/2012,,,65.786
3/22/2012,66.363,66.86,66.714
3/23/2012,,64.78,64.202
3/24/2012,,,64
3/25/2012,,66.391,67.746
3/26/2012,,,
3/27/2012,,,62.467
3/28/2012,,,
3/29/2012,,,66.554
3/30/2012,,,67.085
3/31/2012,,71.095,69.08
4/1/2012,75.14,73.249,72.127
4/2/2012,,65.158,66.222
4/3/2012,,67.704,68.025
4/4/2012,,,69
4/5/2012,,68.585,68.999
4/6/2012,,,
4/7/2012,,,76.254
4/8/2012,69.135,70.371,75.78
4/9/2012,,,
4/10/2012,,,76.695
4/11/2012,77.14,72.506,73.061
4/12/2012,77.637,77.878,78.577
4/13/2012,76.637,77.366,78.233
4/14/2012,79.637,80.347,80.539
4/15/2012,79.14,80.056,79.233
4/16/2012,79.363,80.317,79.811
4/17/2012,77.274,78.445,78.64
4/18/2012,80.502,80.667,80.63
4/19/2012,,,
4/20/2012,,,
4/21/2012,70.777,71.674,71.537
4/22/2012,75.843,75.982,76.331
4/23/2012,,,
4/24/2012,81,80.86,80.898
4/25/2012,79.278,78.231,80.141
4/26/2012,,,
4/27/2012,,,78.15
4/28/2012,,,
4/29/2012,,,78.814
4/30/2012,,,
5/1/2012,,,
5/2/2012,,,
5/3/2012,78,77.883,78.504
5/4/2012,,,75.913
5/5/2012,,,
5/6/2012,,,
5/7/2012,,,
5/8/2012,,,
5/9/2012,,,
5/10/2012,,,
5/11/2012,66.363,67.436,67.832
5/12/2012,88,89.228,87.295
5/13/2012,92,91.836,92.182
5/14/2012,,,85.436
5/15/2012,,,77.333
5/16/2012,,,
5/17/2012,,,
5/18/2012,,81.16,81.907
5/19/2012,90.781,90.156,91.421
5/20/2012,81.116,81.297,86.022
5/21/2012,66.405,70.732,80.723
5/22/2012,34.647,59.918,73.482
5/23/2012,42,50.365,71.593
5/24/2012,,45.494,30.518
5/25/2012,,,58.727
5/26/2012,,,
5/27/2012,,,
5/28/2012,0,25.036,54.168
5/29/2012,27.762,22.992,50.652
5/30/2012,0,9.745,36.767
5/31/2012,0,15.148,33.552
6/1/2012,,19.321,31.878
6/2/2012,,,0
6/3/2012,,,10.458
6/4/2012,0,12.562,28.327
6/5/2012,0,7.448,26.517
6/6/2012,14.912,22.164,26.012
6/7/2012,,,
6/8/2012,,,34.21
6/9/2012,0,1.148,11.539
6/10/2012,0,1.33,10.512
6/11/2012,0,2.184,10.979
6/12/2012,,24.761,20.315
6/13/2012,0,1.518,10.406
6/14/2012,0,0.277,7.901
6/15/2012,0,0,6.704
6/16/2012,0,0,3.989
6/17/2012,0,0,5.714
6/18/2012,,10,7.139
6/19/2012,0,1.192,3.955
6/20/2012,0,0,3.683
6/21/2012,0,0,0.659
6/22/2012,0,0,0.186
6/23/2012,0,0.729,1.062
6/24/2012,,0.076,10.364
6/25/2012,0,0,0
6/26/2012,,0,9.901
6/27/2012,0,0,0.121
6/28/2012,0,0,0.032
6/29/2012,,0,0
6/30/2012,0,0,0.31
7/1/2012,0,0,0.139
7/2/2012,0,0,0
7/3/2012,0,0,0.057
7/4/2012,0,0,0
7/5/2012,0,0,0
7/6/2012,0,2.397,1.128
7/7/2012,0,0,0
7/8/2012,,1.928,3.898
7/9/2012,,,
7/10/2012,,10.947,5.305
7/11/2012,0,0,0
7/12/2012,0,0,0
7/13/2012,0,0,0
7/14/2012,,,0.966
7/15/2012,0,0.053,1.547
7/16/2012,,,
7/17/2012,,63,60.056
7/18/2012,,,7.22
7/19/2012,,25.641,32.996
7/20/2012,,,0
7/21/2012,,,16.029
7/22/2012,,0,2.149
7/23/2012,0,0,0
7/24/2012,0,0,0.039
7/25/2012,,,
7/26/2012,,,
7/27/2012,0,0,0
7/28/2012,0,0,0
7/29/2012,0,0,0
7/30/2012,0,0,0
7/31/2012,0,0,0
8/1/2012,,,55.46
8/2/2012,,,
8/3/2012,,,60
8/4/2012,0,0,0.261
8/5/2012,,1.635,2.196
8/6/2012,0,0,0
8/7/2012,,,
8/8/2012,,,4.446
8/9/2012,,0.224,0.238
8/10/2012,,,
8/11/2012,,,
8/12/2012,,,0
8/13/2012,,,
8/14/2012,,,0
8/15/2012,,,49.913
8/16/2012,,,
8/17/2012,0,0,1.509
8/18/2012,0,0,0.061
8/19/2012,,,0.137
8/20/2012,0,0,0.015
8/21/2012,0,0,0
8/22/2012,,0,12.707
8/23/2012,0,0,0
8/24/2012,0,0,0
8/25/2012,0,0.629,1.963
8/26/2012,,,18.026
8/27/2012,,,
8/28/2012,,53.749,52.04
8/29/2012,0,1.076,2.542
8/30/2012,0,0,0
8/31/2012,,,
9/1/2012,,0,3.079
9/2/2012,,,
9/3/2012,,,4.786
9/4/2012,,,
9/5/2012,0,0,0
9/6/2012,,,0
9/7/2012,,,11
9/8/2012,,,
9/9/2012,,,
9/10/2012,,,8.367
9/11/2012,,19.764,18.337
9/12/2012,,45.478,47.343
9/13/2012,,,
9/14/2012,0,0.35,3.525
9/15/2012,0,0,0
9/16/2012,,,
9/17/2012,0,0,0
9/18/2012,0,0,0.192
9/19/2012,,,0
9/20/2012,0,0,0
9/21/2012,,,55
9/22/2012,0,0.888,6.174
9/23/2012,,,0
9/24/2012,,,
9/25/2012,,,6.217
9/26/2012,,,27.003
9/27/2012,,,
9/28/2012,,29.543,32.528
9/29/2012,,,14.521
9/30/2012,,,
10/1/2012,0,1.447,6.02
10/2/2012,0,0,0.136
10/3/2012,0,0,0.83
10/4/2012,0,2.205,2.767
10/5/2012,0,0.158,2.857
10/6/2012,,0,1.21
10/7/2012,,2.967,11.722
10/8/2012,,0,8.516
10/9/2012,,50.038,57.066
10/10/2012,57.186,53.739,55.597
10/11/2012,,45,46.417
10/12/2012,,52.733,54.813
10/13/2012,,51.032,52.787
10/14/2012,,,
10/15/2012,,,
10/16/2012,,59,69.388
10/17/2012,,,
10/18/2012,,54.904,57.964
10/19/2012,,53.482,54.94
10/20/2012,,,19.654
10/21/2012,65.498,64.395,69.362
10/22/2012,75.177,74.839,74.256
10/23/2012,76.772,74.515,74.654
10/24/2012,,,53.765
10/25/2012,64.302,63.324,64.404
10/26/2012,61.967,62.282,59.6
10/27/2012,61.108,57.189,58.779
10/28/2012,65.274,61.621,64.361
10/29/2012,,53.242,56.353
10/30/2012,62.447,68.497,64.927
10/31/2012,65.06,58.596,58.95
11/1/2012,,,
11/2/2012,,,55
11/3/2012,,,62.571
11/4/2012,,,48.858
11/5/2012,,,
11/6/2012,,,
11/7/2012,,,
11/8/2012,,,
11/9/2012,,,
11/10/2012,,,
11/11/2012,,,
11/12/2012,,,
11/13/2012,,,
11/14/2012,,,
11/15/2012,,,
11/16/2012,,,
11/17/2012,,,
11/18/2012,,,
11/19/2012,,,
11/20/2012,,,
11/21/2012,,,
11/22/2012,,,
11/23/2012,,,
11/24/2012,,,
11/25/2012,,,
11/26/2012,,,
11/27/2012,,,
11/28/2012,,,
11/29/2012,,,
11/30/2012,,,
12/1/2012,,,
12/2/2012,,,
12/3/2012,,,
12/4/2012,,,
12/5/2012,,,
12/6/2012,,,
12/7/2012,,,
12/8/2012,,,
12/9/2012,,,
12/10/2012,,,
12/11/2012,,,
12/12/2012,,,
12/13/2012,,,
12/14/2012,,,
12/15/2012,,,
12/16/2012,,,
12/17/2012,,,
12/18/2012,,,
12/19/2012,,,
12/20/2012,,,
12/21/2012,,,
12/22/2012,,,
12/23/2012,,,
12/24/2012,,,
12/25/2012,,,
12/26/2012,,,
12/27/2012,,,
12/28/2012,,,
12/29/2012,,,
12/30/2012,,,
12/31/2012,,,
1/1/2013,,,
1/2/2013,,,
1/3/2013,,,
1/4/2013,,,
1/5/2013,,,
1/6/2013,,,
1/7/2013,,,
1/8/2013,,,
1/9/2013,,,
1/10/2013,,,
1/11/2013,,,
1/12/2013,,,
1/13/2013,,,
1/14/2013,,,
1/15/2013,,,
1/16/2013,,,
1/17/2013,,,
1/18/2013,,,
1/19/2013,,,
1/20/2013,,,
1/21/2013,,,
1/22/2013,,,
1/23/2013,,,
1/24/2013,,,
1/25/2013,,,
1/26/2013,,,
1/27/2013,,,
1/28/2013,,,
1/29/2013,,,
1/30/2013,,,
1/31/2013,,,
2/1/2013,,,
2/2/2013,,,
2/3/2013,,,
2/4/2013,,,
2/5/2013,,,
2/6/2013,58.688,55.525,56.711
2/7/2013,,28.019,28.609
2/8/2013,53,54.723,57.486
2/9/2013,,56.285,59.583
2/10/2013,46,47.684,53.869
2/11/2013,73,65.316,62.69
2/12/2013,,,52.319
2/13/2013,,,57.278
2/14/2013,55.735,55.574,58.022
2/15/2013,56.507,54.505,62.316
2/16/2013,,,58.554
2/17/2013,,,
2/18/2013,,,55.859
2/19/2013,,,57.426
2/20/2013,,,62.957
2/21/2013,61.726,59.957,59.187
2/22/2013,,60.444,62.422
2/23/2013,,,
2/24/2013,,52,59.266
2/25/2013,64.581,68.679,70.028
2/26/2013,69.228,69.268,70.004
2/27/2013,78,78.095,77.594
2/28/2013,,,62.365
3/1/2013,,,
3/2/2013,,,
3/3/2013,,61.777,61.571
3/4/2013,,,63
3/5/2013,67.14,66.952,67.608
3/6/2013,,64.216,65.387
3/7/2013,72.642,74.533,75.057
3/8/2013,,,
3/9/2013,61.278,58.755,63.132
3/10/2013,,,
3/11/2013,,66.4,66.415
3/12/2013,72.005,72.787,73.818
3/13/2013,,,
3/14/2013,,65.805,66.061
3/15/2013,,66.485,66.858
3/16/2013,68.777,71.069,72.186
3/17/2013,69.642,71.062,71.363
3/18/2013,,,
3/19/2013,,64.819,64.788
3/20/2013,,66,65.973
3/21/2013,74.358,73.603,73.199
3/22/2013,71.144,71.847,71.68
3/23/2013,77.581,78.641,78.26
3/24/2013,72.135,72.087,72.168
3/25/2013,,,
3/26/2013,,,
3/27/2013,,,64.242
3/28/2013,77.358,75.743,75.561
3/29/2013,72.865,73.07,73.574
3/30/2013,72,73.637,73.826
3/31/2013,72,70.812,72.08
4/1/2013,,,
4/2/2013,66,67.418,68.141
4/3/2013,70.14,69.73,71.357
4/4/2013,,71,71.507
4/5/2013,,,67.323
4/6/2013,71.274,71.552,71.737
4/7/2013,71,71.163,71.655
4/8/2013,,,
4/9/2013,,,
4/10/2013,68.726,69.18,69.771
4/11/2013,,,69.323
4/12/2013,,,
4/13/2013,80.279,81.663,81.505
4/14/2013,,,68.526
4/15/2013,72.363,72.854,73.712
4/16/2013,74,73.969,74.721
4/17/2013,80.86,80.758,81.367
4/18/2013,,,
4/19/2013,76,75.947,75.835
4/20/2013,,76.983,77.966
4/21/2013,,,68.389
4/22/2013,81.726,82.26,82.096
4/23/2013,81.502,81.774,80.9
4/24/2013,,63.909,67.669
4/25/2013,76,76.721,77.245
4/26/2013,69.363,69.748,69.715
4/27/2013,,,
4/28/2013,,68.878,69.629
4/29/2013,,67.641,69.328
4/30/2013,77.279,77.535,78.026
5/1/2013,,,
5/2/2013,70.502,70.241,70.423
5/3/2013,76.14,77.239,77.375
5/4/2013,67,70.769,69.133
5/5/2013,74.591,72.611,72.318
5/6/2013,71.726,72.924,72.996
5/7/2013,72.363,72.882,73.686
5/8/2013,82,81.83,82.165
5/9/2013,,,76.506
5/10/2013,83.14,83.444,83.38
5/11/2013,83.502,83.919,83.861
5/12/2013,,,
5/13/2013,,,77.404
5/14/2013,71.14,70.734,71.362
5/15/2013,80.14,79.911,80.465
5/16/2013,91,90.893,90.574
5/17/2013,,90.375,90.725
5/18/2013,,,
5/19/2013,,,
5/20/2013,88,88.675,87.698
5/21/2013,91,90.557,90.133
5/22/2013,94.005,93.495,93.789
5/23/2013,,,66.024
5/24/2013,,,84.515
5/25/2013,89.335,88.494,90.171
5/26/2013,85.847,84.404,88.209
5/27/2013,,,44.286
5/28/2013,,,
5/29/2013,78.772,76.687,83.148
5/30/2013,,,45
5/31/2013,,,48.062
6/1/2013,,,58.161
6/2/2013,62.949,64.248,75.383
6/3/2013,67.254,47.716,66.148
6/4/2013,,,
6/5/2013,,63.628,68.011
6/6/2013,79.716,81.546,76.76
6/7/2013,,78.872,80.143
6/8/2013,0,22.589,51.306
6/9/2013,0,1.283,18.946
6/10/2013,,6.912,6.163
6/11/2013,0,4.744,9.275
6/12/2013,,0,8.583
6/13/2013,0,0,10.053
6/14/2013,0,0,8.646
6/15/2013,,,
6/16/2013,,,40.807
6/17/2013,0,0.942,12.841
6/18/2013,0,0,9.238
6/19/2013,0,0,8.657
6/20/2013,0,0,5.381
6/21/2013,0,0,6.636
6/22/2013,,50.593,42.544
6/23/2013,0,1.95,3.943
6/24/2013,,,1.987
6/25/2013,,,4.679
6/26/2013,0,0,4.392
6/27/2013,0,0,3.742
6/28/2013,0,0,2.973
6/29/2013,,0,6.931
6/30/2013,5.972,1.463,8.959
7/1/2013,0,0,0
7/2/2013,0,0.375,0.789
7/3/2013,,,
7/4/2013,,3.81,0.149
7/5/2013,0,0,0
7/6/2013,0,0,0
7/7/2013,,0,0
7/8/2013,,0,0
7/9/2013,,,
7/10/2013,0,0,0
7/11/2013,,,
7/12/2013,,4.263,7.985
7/13/2013,0,0,0
7/14/2013,0,0,0.043
7/15/2013,0,0,0
7/16/2013,,0,1.485
7/17/2013,,,
7/18/2013,,0,0
7/19/2013,0,0,0
7/20/2013,0,0,0.024
7/21/2013,0,0,0
7/22/2013,0,0,0.005
7/23/2013,,,
7/24/2013,,,
7/25/2013,,,
7/26/2013,0,0,0.853
7/27/2013,0,0,1.544
7/28/2013,,,
7/29/2013,,,
7/30/2013,,,13.648
7/31/2013,,,14
8/1/2013,,0,0.046
8/2/2013,0,0,0
8/3/2013,0,1.372,1.275
8/4/2013,,0,0
8/5/2013,0,0,0
8/6/2013,,,0
8/7/2013,0,0,0
8/8/2013,0,0,0
8/9/2013,0,0,0
8/10/2013,,,
8/11/2013,,0,0
8/12/2013,0,0,0
8/13/2013,,,
8/14/2013,,,
8/15/2013,,,0
8/16/2013,,,
8/17/2013,,,
8/18/2013,,,
8/19/2013,,0,9.662
8/20/2013,,,
8/21/2013,,,
8/22/2013,,,
8/23/2013,,0,2.914
8/24/2013,,,
8/25/2013,,,10.152
8/26/2013,0,14.929,9.106
8/27/2013,0,0,0.03
8/28/2013,0,0,0.325
8/29/2013,0,0,2.295
8/30/2013,,,
8/31/2013,,,54.197
9/1/2013,,,
9/2/2013,0,0,0
9/3/2013,,,
9/4/2013,,,6.752
9/5/2013,0,2.227,6.356
9/6/2013,0,0,2.805
9/7/2013,,,
9/8/2013,,,9.392
9/9/2013,,,
9/10/2013,,0.755,3.136
9/11/2013,0,0,0
9/12/2013,,,
9/13/2013,0,0,0
9/14/2013,,,7.835
9/15/2013,,,13.622
9/16/2013,,14.037,10.252
9/17/2013,,3.725,12.729
9/18/2013,0,16.294,11.239
9/19/2013,,11.333,16.841
9/20/2013,,,
9/21/2013,0,0.025,3.887
9/22/2013,,,1.386
9/23/2013,,,38.699
9/24/2013,,3.674,3.538
9/25/2013,,0,2.431
9/26/2013,,,0
9/27/2013,,,
9/28/2013,,,
9/29/2013,,,
9/30/2013,,,
10/1/2013,,,46.387
10/2/2013,9.254,5.686,14.608
10/3/2013,,,19.369
10/4/2013,21.5,21.277,23.838
10/5/2013,,,27.241
10/6/2013,0,0,1.028
10/7/2013,,,13.978
10/8/2013,7.256,8.269,15.153
10/9/2013,,,
10/10/2013,,,
10/11/2013,,,0.623
10/12/2013,0,0.314,4.59
10/13/2013,,,46.274
10/14/2013,,,20.163
10/15/2013,0,0,0.441
10/16/2013,0,0.013,0.87
10/17/2013,,,8.89
10/18/2013,,0,9.48
10/19/2013,,,
10/20/2013,,,1.199
10/21/2013,0,0.441,1.963
10/22/2013,,0.442,9.752
10/23/2013,,0,3.315
10/24/2013,,,30.354
10/25/2013,,45.159,44.263
10/26/2013,,48.983,46.358
10/27/2013,,,
10/28/2013,,,
10/29/2013,,,21.341
10/30/2013,,,17.598
10/31/2013,48.005,51.397,50.58
11/1/2013,,17.987,33.024
11/2/2013,40,42.144,45.242
11/3/2013,58.721,51.416,54.209
11/4/2013,,77,72.591
11/5/2013,,,
11/6/2013,,,
11/7/2013,,,
11/8/2013,,,
11/9/2013,,,
11/10/2013,,,
11/11/2013,,,
11/12/2013,,,
11/13/2013,,,
11/14/2013,,,
11/15/2013,,,
11/16/2013,,,
11/17/2013,,,
11/18/2013,,,
11/19/2013,,,
11/20/2013,,,
11/21/2013,,,
11/22/2013,,,
11/23/2013,,,
11/24/2013,,,
11/25/2013,,,
11/26/2013,,,
11/27/2013,,,
11/28/2013,,,
11/29/2013,,,
11/30/2013,,,
12/1/2013,,,
12/2/2013,,,
12/3/2013,,,
12/4/2013,,,
12/5/2013,,,
12/6/2013,,,
12/7/2013,,,
12/8/2013,,,
12/9/2013,,,
12/10/2013,,,
12/11/2013,,,
12/12/2013,,,
12/13/2013,,,
12/14/2013,,,
12/15/2013,,,
12/16/2013,,,
12/17/2013,,,
12/18/2013,,,
12/19/2013,,,
12/20/2013,,,
12/21/2013,,,
12/22/2013,,,
12/23/2013,,,
12/24/2013,,,
12/25/2013,,,
12/26/2013,,,
12/27/2013,,,
12/28/2013,,,
12/29/2013,,,
12/30/2013,,,
12/31/2013,,,
1/1/2014,,,
1/2/2014,,,
1/3/2014,,,
1/4/2014,,,
1/5/2014,,,
1/6/2014,,,
1/7/2014,,,
1/8/2014,,,
1/9/2014,,,
1/10/2014,,,
1/11/2014,,,
1/12/2014,,,
1/13/2014,,,
1/14/2014,,,
1/15/2014,,,
1/16/2014,,,
1/17/2014,,,
1/18/2014,,,
1/19/2014,,,
1/20/2014,,,
1/21/2014,,,
1/22/2014,,,
1/23/2014,,,
1/24/2014,,,
1/25/2014,,,
1/26/2014,,,
1/27/2014,,,
1/28/2014,,,
1/29/2014,,,
1/30/2014,,,
1/31/2014,,,
2/1/2014,,,
2/2/2014,,,
2/3/2014,,,
2/4/2014,,,
2/5/2014,,,
2/6/2014,,,
2/7/2014,51.066,63.16,57.37
2/8/2014,61.098,61.734,62.797
2/9/2014,,,54
2/10/2014,,59.227,64.878
2/11/2014,,,54
2/12/2014,57.995,56.755,57.002
2/13/2014,,,
2/14/2014,,54.182,54.497
2/15/2014,59.912,60.128,56.718
2/16/2014,,,
2/17/2014,56.944,62.417,58.808
2/18/2014,59.73,60.175,61.401
2/19/2014,,59.579,61.673
2/20/2014,62.316,65.545,66.307
2/21/2014,58.14,60.411,62.684
2/22/2014,72.191,71.272,72.051
2/23/2014,72.591,72.436,72.464
2/24/2014,72.73,72.418,73.121
2/25/2014,74.051,72.725,73.395
2/26/2014,,,
2/27/2014,,,65.918
2/28/2014,69.86,69.359,70.036
3/1/2014,75.916,76.399,76.908
3/2/2014,,,46.069
3/3/2014,,,
3/4/2014,,,61.001
3/5/2014,66.111,67.853,64.795
3/6/2014,63,64.666,64.145
3/7/2014,,62.4,63.785
3/8/2014,,,64.597
3/9/2014,,,62.619
3/10/2014,63.721,64.922,65.933
3/11/2014,61.777,61.928,62.289
3/12/2014,74.916,76.276,76.409
3/13/2014,78.865,78.978,79.545
3/14/2014,76.005,75.767,75.918
3/15/2014,78.781,78.234,78.289
3/16/2014,,,76.45
3/17/2014,,,76
3/18/2014,,77,71.581
3/19/2014,,,68.328
3/20/2014,,,66.245
3/21/2014,,66.153,68.098
3/22/2014,,,51.8
3/23/2014,,,67.327
3/24/2014,74.363,75.593,75.455
3/25/2014,74.86,76.66,75.517
3/26/2014,80.14,81.152,79.566
3/27/2014,81.144,82.609,81.733
3/28/2014,83.14,83.714,83.121
3/29/2014,85.14,85.525,85.047
3/30/2014,77,79.859,78.461
3/31/2014,,,78.47
4/1/2014,80.363,79.346,77.314
4/2/2014,81.14,78.426,77.883
4/3/2014,81.865,81.557,79.791
4/4/2014,84.865,85.055,83.483
4/5/2014,81.363,81.056,80.357
4/6/2014,72.14,73.18,74.456
4/7/2014,,67.468,69.251
4/8/2014,,,
4/9/2014,78,77.234,77.398
4/10/2014,76.642,76.308,76.816
4/11/2014,74.14,74.535,76.201
4/12/2014,78.144,77.844,78.326
4/13/2014,81.14,81.506,79.894
4/14/2014,,,76.946
4/15/2014,85.279,84.219,83.731
4/16/2014,87.14,88.176,86.995
4/17/2014,,,
4/18/2014,,,
4/19/2014,,,81.74
4/20/2014,83.637,82.103,83.527
4/21/2014,74.367,76.104,74.859
4/22/2014,77.512,80.812,82.096
4/23/2014,84.14,85.538,85.816
4/24/2014,,77.946,77.95
4/25/2014,84.502,86.096,83.662
4/26/2014,,68.343,74.865
4/27/2014,,,
4/28/2014,68.637,70.072,71.171
4/29/2014,77.637,78.19,78.883
4/30/2014,,,61.071
5/1/2014,73.14,72.886,73.137
5/2/2014,,,
5/3/2014,93,92.644,92.796
5/4/2014,,85.532,86.112
5/5/2014,,,
5/6/2014,73.144,73.219,73.886
5/7/2014,,,
5/8/2014,,,
5/9/2014,,,66.93
5/10/2014,63.876,66.923,67.763
5/11/2014,88.926,87.416,89.053
5/12/2014,,,74.862
5/13/2014,,,
5/14/2014,76.8,73.02,80.899
5/15/2014,,,
5/16/2014,,43.559,48.181
5/17/2014,,,
5/18/2014,,,
5/19/2014,,44.698,64.523
5/20/2014,,,
5/21/2014,,,
5/22/2014,,51.619,62.217
5/23/2014,,53,54.186
5/24/2014,,,63.925
5/25/2014,,,62.993
5/26/2014,,41.682,68.66
5/27/2014,13.256,28.835,61.122
5/28/2014,0,7.03,17.391
5/29/2014,14.93,19.741,51.68
5/30/2014,,,
5/31/2014,0,21.056,45.783
6/1/2014,,,
6/2/2014,,25.614,25.957
6/3/2014,,35.555,39.14
6/4/2014,0,17.028,43.75
6/5/2014,,,
6/6/2014,,,6.554
6/7/2014,0,0,16.857
6/8/2014,0,2.756,18.864
6/9/2014,0,0,13.835
6/10/2014,0,0.518,13.756
6/11/2014,0,1.437,10.074
6/12/2014,,,
6/13/2014,,,
6/14/2014,,,
6/15/2014,0,0,9.387
6/16/2014,0,0,7.059
6/17/2014,0,0,6.787
6/18/2014,,,52.698
6/19/2014,,,
6/20/2014,,,0
6/21/2014,0,2.618,7.533
6/22/2014,0,0,5.156
6/23/2014,0,0,4.065
6/24/2014,0,0,4.197
6/25/2014,0,0.04,1.909
6/26/2014,,,
6/27/2014,0,0,0
6/28/2014,,0,0.655
6/29/2014,0,0,0
6/30/2014,0,0,0.196
7/1/2014,0,0,0
7/2/2014,0,0,0
7/3/2014,0,0,0
7/4/2014,,,2.24
7/5/2014,,0,0
7/6/2014,0,0,0
7/7/2014,,,0
7/8/2014,,,
7/9/2014,0,0,0
7/10/2014,0,0,0
7/11/2014,0,0,0
7/12/2014,,0,0
7/13/2014,0,0,0.072
7/14/2014,0,0,0
7/15/2014,,0,3.977
7/16/2014,0,0,0
7/17/2014,0,0,0.088
7/18/2014,0,0,0
7/19/2014,,0,0.052
7/20/2014,,0,2.136
7/21/2014,0,0,0
7/22/2014,,,
7/23/2014,0,0,0
7/24/2014,,0,2.304
7/25/2014,,,
7/26/2014,,,15.012
7/27/2014,,,4.167
7/28/2014,,,30.889
7/29/2014,,,
7/30/2014,,0,3.573
7/31/2014,,0,4.487
8/1/2014,,,15.076
8/2/2014,,9.458,10.345
8/3/2014,,,
8/4/2014,,0,5.349
8/5/2014,,0,1.437
8/6/2014,,,
8/7/2014,0,0,0.12
8/8/2014,0,0,0.169
8/9/2014,0,0,0
8/10/2014,0,0,0
8/11/2014,0,0,0
8/12/2014,,10.283,13.784
8/13/2014,,,
8/14/2014,,,
8/15/2014,0,0,0.071
8/16/2014,,45,49.171
8/17/2014,0,0,0.04
8/18/2014,0,0,0.782
8/19/2014,0,0,0
8/20/2014,0,0,0
8/21/2014,,,1.369
8/22/2014,,,
8/23/2014,,0.157,1.688
8/24/2014,,,
8/25/2014,,,
8/26/2014,0,0,0.07
8/27/2014,0,0,0.018
8/28/2014,0,0,0.444
8/29/2014,0,0.009,1.597
8/30/2014,,,0
8/31/2014,,,7.076
9/1/2014,,,
9/2/2014,,,
9/3/2014,,,
9/4/2014,,,
9/5/2014,,,
9/6/2014,,0,3.314
9/7/2014,0,0,0
9/8/2014,0,0,0
9/9/2014,0,0,0.01
9/10/2014,,,
9/11/2014,,,
9/12/2014,0,0.14,0.162
9/13/2014,,0,2.367
9/14/2014,0,0,1.557
9/15/2014,,,11.619
9/16/2014,,,4.2
9/17/2014,,,
9/18/2014,,,
9/19/2014,,11,10.371
9/20/2014,,,60.237
9/21/2014,,48.838,46.544
9/22/2014,,,54
9/23/2014,,,
9/24/2014,0,0.318,2.148
9/25/2014,,0,5.928
9/26/2014,0,1.262,2.196
9/27/2014,,,22.25
9/28/2014,0,0,0.072
9/29/2014,,,48.77
9/30/2014,0,0,0.081
10/1/2014,,,13.058
10/2/2014,,,19
10/3/2014,,0,12.339
10/4/2014,,,
10/5/2014,,,
10/6/2014,,,42.026
10/7/2014,,,
10/8/2014,,,49.132
10/9/2014,70.958,67.788,74.776
10/10/2014,,,
10/11/2014,,54.434,55.082
10/12/2014,,,
10/13/2014,,,
10/14/2014,,,
10/15/2014,,,59.778
10/16/2014,,,51.996
10/17/2014,,,
10/18/2014,,58.511,59.178
10/19/2014,,45.595,48.596
10/20/2014,,50.161,49.687
10/21/2014,,44.88,46.812
10/22/2014,,58.037,60.602
10/23/2014,,43.541,50.542
10/24/2014,,44,22.882
10/25/2014,60.6,58.874,66.883
10/26/2014,66.056,65.131,65.558
10/27/2014,70.451,68.06,70.104
10/28/2014,74.86,70.78,71.444
10/29/2014,,,50.2
10/30/2014,,,54.753
10/31/2014,,,
11/1/2014,54.772,53.942,57.217
11/2/2014,,,17.717
11/3/2014,56.986,56.32,62.13
11/4/2014,,,
11/5/2014,,,
11/6/2014,,,
11/7/2014,,,
11/8/2014,,,
11/9/2014,,,
11/10/2014,,,
11/11/2014,,,
11/12/2014,,,
11/13/2014,,,
11/14/2014,,,
11/15/2014,,,
11/16/2014,,,
11/17/2014,,,
11/18/2014,,,
11/19/2014,,,
11/20/2014,,,
11/21/2014,,,
11/22/2014,,,
11/23/2014,,,
11/24/2014,,,
11/25/2014,,,
11/26/2014,,,
11/27/2014,,,
11/28/2014,,,
11/29/2014,,,
11/30/2014,,,
12/1/2014,,,
12/2/2014,,,
12/3/2014,,,
12/4/2014,,,
12/5/2014,,,
12/6/2014,,,
12/7/2014,,,
12/8/2014,,,
12/9/2014,,,
12/10/2014,,,
12/11/2014,,,
12/12/2014,,,
12/13/2014,,,
12/14/2014,,,
12/15/2014,,,
12/16/2014,,,
12/17/2014,,,
12/18/2014,,,
12/19/2014,,,
12/20/2014,,,
12/21/2014,,,
12/22/2014,,,
12/23/2014,,,
12/24/2014,,,
12/25/2014,,,
12/26/2014,,,
12/27/2014,,,
12/28/2014,,,
12/29/2014,,,
12/30/2014,,,
12/31/2014,,,
1/1/2015,,,
1/2/2015,,,
1/3/2015,,,
1/4/2015,,,
1/5/2015,,,
1/6/2015,,,
1/7/2015,,,
1/8/2015,,,
1/9/2015,,,
1/10/2015,,,
1/11/2015,,,
1/12/2015,,,
1/13/2015,,,
1/14/2015,,,
1/15/2015,,,
1/16/2015,,,
1/17/2015,,,
1/18/2015,,,
1/19/2015,,,
1/20/2015,,,
1/21/2015,,,
1/22/2015,,,
1/23/2015,,,
1/24/2015,,,
1/25/2015,,,
1/26/2015,,,
1/27/2015,,,
1/28/2015,,,
1/29/2015,,,
1/30/2015,,,
1/31/2015,,,
2/1/2015,,,
2/2/2015,,,
2/3/2015,,,
2/4/2015,,,
2/5/2015,,,
2/6/2015,,53.836,51.689
2/7/2015,48.833,53.668,57.093
2/8/2015,,27.239,32.193
2/9/2015,50.451,51.41,53.182
2/10/2015,,53.983,56.003
2/11/2015,57.698,60.478,61.499
2/12/2015,,,
2/13/2015,,31.349,45.213
2/14/2015,84.656,85.091,81.648
2/15/2015,,,55.245
2/16/2015,,61.274,62.593
2/17/2015,,,55.285
2/18/2015,,52,56.799
2/19/2015,90.186,85.643,81.519
2/20/2015,59,64.764,66.622
2/21/2015,61.763,58.546,59.264
2/22/2015,57.158,58.065,66.113
2/23/2015,,,68.553
2/24/2015,72.879,71.588,72.198
2/25/2015,65,67.671,68.258
2/26/2015,,,62.416
2/27/2015,,58.7,58.361
2/28/2015,,,
3/1/2015,,59.725,59.12
3/2/2015,73.651,74.819,74.47
3/3/2015,67,67.876,69.872
3/4/2015,84.726,76.31,76.91
3/5/2015,67.009,67.01,69.152
3/6/2015,65.493,66.508,67.387
3/7/2015,68.995,69.534,74.36
3/8/2015,66.726,64.464,62.719
3/9/2015,64.87,64.548,67.008
3/10/2015,,,57.92
3/11/2015,67.642,66.977,68.055
3/12/2015,63.14,64.973,66.132
3/13/2015,,,
3/14/2015,,58.579,57.015
3/15/2015,69.377,69.214,72.288
3/16/2015,75.233,74.366,76.391
3/17/2015,,58,64.627
3/18/2015,77.953,77.252,79.679
3/19/2015,76.874,77.783,78.47
3/20/2015,84.135,82.954,83.341
3/21/2015,79.367,80.393,80.131
3/22/2015,81.591,82.946,82.676
3/23/2015,79.647,82.86,81.68
3/24/2015,,64.022,65.123
3/25/2015,71,71.373,71.584
3/26/2015,77.874,77.752,78.59
3/27/2015,,,
3/28/2015,,,
3/29/2015,73.637,73.428,73.169
3/30/2015,75,74.311,74.249
3/31/2015,77.279,77.655,78.229
4/1/2015,79.005,78.824,79.171
4/2/2015,72.651,73.377,73.706
4/3/2015,81.005,80.453,81.165
4/4/2015,78.502,78.531,78.835
4/5/2015,75.279,76.32,77.426
4/6/2015,75.507,74.559,75.985
4/7/2015,77.647,78.258,79.063
4/8/2015,,,
4/9/2015,,,
4/10/2015,,,
4/11/2015,,,
4/12/2015,,,
4/13/2015,,,64.119
4/14/2015,,,
4/15/2015,,,68.333
4/16/2015,,,
4/17/2015,,,
4/18/2015,73,73.441,73.824
4/19/2015,78.219,79.654,79.331
4/20/2015,74.279,76.23,76.034
4/21/2015,82.279,81.692,80.625
4/22/2015,82.86,83.977,82.98
4/23/2015,86.716,88.572,89.033
4/24/2015,86.995,89.761,88.932
4/25/2015,87.772,90.204,89.992
4/26/2015,88,89.423,89.455
4/27/2015,85.279,86.821,86.882
4/28/2015,,83.326,87.513
4/29/2015,,,
4/30/2015,,,
5/1/2015,,,74.6
5/2/2015,,,
5/3/2015,,81.769,78.512
5/4/2015,80.86,80.533,80.759
5/5/2015,,,80.268
5/6/2015,,,
5/7/2015,84.358,85.298,84.26
5/8/2015,90.14,89.375,90.341
5/9/2015,76.558,75.568,79.143
5/10/2015,,75,81.047
5/11/2015,,58.842,63.101
5/12/2015,,,34.467
5/13/2015,66.767,59.753,74.387
5/14/2015,,,
5/15/2015,47.033,45.522,64.721
5/16/2015,41.916,29.667,58.946
5/17/2015,10.884,14.254,46.222
5/18/2015,0,0,28.419
5/19/2015,,26.239,24.745
5/20/2015,0,7.911,31.93
5/21/2015,0,0.534,19.806
5/22/2015,0,11.931,18.621
5/23/2015,0,8.596,21.173
5/24/2015,,20.347,33.329
5/25/2015,36,24.716,35.444
5/26/2015,0,10.578,26.275
5/27/2015,0,0.092,15.484
5/28/2015,0,0.457,12.243
5/29/2015,,,
5/30/2015,,,
5/31/2015,,2.186,11.741
6/1/2015,,2.537,9.077
6/2/2015,,,8.449
6/3/2015,0,8.331,13.442
6/4/2015,,,3.832
6/5/2015,,0.528,15.443
6/6/2015,,,
6/7/2015,,0,5.399
6/8/2015,0,0,7.88
6/9/2015,0,0,8.152
6/10/2015,0,0,7.26
6/11/2015,,,
6/12/2015,0,0.069,4.805
6/13/2015,0,0,6.993
6/14/2015,0,0,6.81
6/15/2015,,,0
6/16/2015,,0,2.613
6/17/2015,0,0,3.494
6/18/2015,0,0,3.785
6/19/2015,,,1.569
6/20/2015,0,0.065,2.505
6/21/2015,0,0,0.172
6/22/2015,0,0,0
6/23/2015,,,0.743
6/24/2015,0,0,0
6/25/2015,0,0,0.311
6/26/2015,,,15.204
6/27/2015,,,
6/28/2015,,,
6/29/2015,,,
6/30/2015,0,0,0
7/1/2015,0,0,0
7/2/2015,0,0,0
7/3/2015,0,0.119,0.118
7/4/2015,,,6.509
7/5/2015,,,1.004
7/6/2015,0,0,0
7/7/2015,,,0.901
7/8/2015,,,0
7/9/2015,,,58
7/10/2015,,,
7/11/2015,,,
7/12/2015,,0,0.235
7/13/2015,,,0
7/14/2015,0,0,0
7/15/2015,0,0,0.596
7/16/2015,0,0,1.917
7/17/2015,,0,1.275
7/18/2015,,,
7/19/2015,0,0,0
7/20/2015,,,
7/21/2015,,1.665,1.36
7/22/2015,,,0
7/23/2015,,,
7/24/2015,,,67.972
7/25/2015,,,2.955
7/26/2015,,,1.505
7/27/2015,,,3.654
7/28/2015,,,3.983
7/29/2015,,,
7/30/2015,,,
7/31/2015,0,0,0.047
8/1/2015,,,
8/2/2015,,,
8/3/2015,,67,65.254
8/4/2015,,,
8/5/2015,,,
8/6/2015,,,
8/7/2015,0,0,0
8/8/2015,0,0,1.184
8/9/2015,0,0,3.161
8/10/2015,0,0,0
8/11/2015,,,
8/12/2015,,,
8/13/2015,,0,0.163
8/14/2015,,53.56,48.623
8/15/2015,,,
8/16/2015,,,0
8/17/2015,,,
8/18/2015,,,
8/19/2015,,,
8/20/2015,,,
8/21/2015,0,0,0.58
8/22/2015,0,0,0.102
8/23/2015,,0,1.666
8/24/2015,,,
8/25/2015,0,0,0.027
8/26/2015,,,0
8/27/2015,,,61.208
8/28/2015,0,0.311,2.947
8/29/2015,,,
8/30/2015,,,60.36
8/31/2015,,,
9/1/2015,,,
9/2/2015,,,
9/3/2015,,,
9/4/2015,,,19
9/5/2015,,0,0.443
9/6/2015,0,0,0.217
9/7/2015,,0,3.946
9/8/2015,,18,20
9/9/2015,,,
9/10/2015,,,44.2
9/11/2015,,,
9/12/2015,0,0.641,4.52
9/13/2015,0,0,1.726
9/14/2015,0,0.326,0.827
9/15/2015,,,
9/16/2015,,,
9/17/2015,0,0.116,0.9
9/18/2015,,,
9/19/2015,0,0.892,8.163
9/20/2015,,,
9/21/2015,,,
9/22/2015,,,12.645
9/23/2015,,,36.429
9/24/2015,,,10.998
9/25/2015,0,0,0.514
9/26/2015,0,0.114,1.523
9/27/2015,,,0
9/28/2015,,,4.761
9/29/2015,,,
9/30/2015,,,
10/1/2015,,57.577,55.786
10/2/2015,,53.522,54.453
10/3/2015,78.949,75.951,81.463
10/4/2015,,,59.135
10/5/2015,58,59.227,56.774
10/6/2015,75,70.352,69.421
10/7/2015,,63.05,58.877
10/8/2015,,60.084,68.443
10/9/2015,,,
10/10/2015,,,46.667
10/11/2015,67,66.79,65.589
10/12/2015,,,34
10/13/2015,,,43.524
10/14/2015,,,
10/15/2015,,58.955,62.794
10/16/2015,,,
10/17/2015,81.819,79.647,81.513
10/18/2015,,,
10/19/2015,,,42.577
10/20/2015,,50.434,39.579
10/21/2015,,,
10/22/2015,,47.194,52.652
10/23/2015,,,
10/24/2015,62.66,58.376,58.515
10/25/2015,,,45.304
10/26/2015,,50.582,47.274
10/27/2015,,67.071,55.787
10/28/2015,43.589,65.049,70.781
10/29/2015,,,56.071
10/30/2015,53.809,54.122,52.996
10/31/2015,55.907,53.658,52.593
11/1/2015,62,64.404,63.924
11/2/2015,,57.797,58.935
11/3/2015,,,
11/4/2015,,68.651,71.713
11/5/2015,,,
11/6/2015,,,
11/7/2015,,,
11/8/2015,,,
11/9/2015,,,
11/10/2015,,,
11/11/2015,,,
11/12/2015,,,
11/13/2015,,,
11/14/2015,,,
11/15/2015,,,
11/16/2015,,,
11/17/2015,,,
11/18/2015,,,
11/19/2015,,,
11/20/2015,,,
11/21/2015,,,
11/22/2015,,,
11/23/2015,,,
11/24/2015,,,
11/25/2015,,,
11/26/2015,,,
11/27/2015,,,
11/28/2015,,,
11/29/2015,,,
11/30/2015,,,
12/1/2015,,,
12/2/2015,,,
12/3/2015,,,
12/4/2015,,,
12/5/2015,,,
12/6/2015,,,
12/7/2015,,,
12/8/2015,,,
12/9/2015,,,
12/10/2015,,,
12/11/2015,,,
12/12/2015,,,
12/13/2015,,,
12/14/2015,,,
12/15/2015,,,
12/16/2015,,,
12/17/2015,,,
12/18/2015,,,
12/19/2015,,,
12/20/2015,,,
12/21/2015,,,
12/22/2015,,,
12/23/2015,,,
12/24/2015,,,
12/25/2015,,,
12/26/2015,,,
12/27/2015,,,
12/28/2015,,,
12/29/2015,,,
12/30/2015,,,
12/31/2015,,,
1/1/2016,,,
1/2/2016,,,
1/3/2016,,,
1/4/2016,,,
1/5/2016,,,
1/6/2016,,,
1/7/2016,,,
1/8/2016,,,
1/9/2016,,,
1/10/2016,,,
1/11/2016,,,
1/12/2016,,,
1/13/2016,,,
1/14/2016,,,
1/15/2016,,,
1/16/2016,,,
1/17/2016,,,
1/18/2016,,,
1/19/2016,,,
1/20/2016,,,
1/21/2016,,,
1/22/2016,,,
1/23/2016,,,
1/24/2016,,,
1/25/2016,,,
1/26/2016,,,
1/27/2016,,,
1/28/2016,,,
1/29/2016,,,
1/30/2016,,,
1/31/2016,,,
2/1/2016,,,
2/2/2016,,,
2/3/2016,,,
2/4/2016,,,
2/5/2016,,,
2/6/2016,83.8,82.538,69.326
2/7/2016,,51.728,52.65
2/8/2016,67.93,70.136,69.923
2/9/2016,,23.364,27.19
2/10/2016,,50,48.207
2/11/2016,,,
2/12/2016,,57.452,61.15
2/13/2016,61.46,65.552,65.13
2/14/2016,72.591,69.297,69.875
2/15/2016,71.093,70.101,70.319
2/16/2016,,27.503,33.282
2/17/2016,,,61.475
2/18/2016,,,
2/28/2016,,,
2/29/2016,78.916,78.419,78.79
3/1/2016,,,
3/2/2016,,,
3/3/2016,65.735,65.562,67.814
3/4/2016,76.367,75.223,76.54
3/5/2016,,,
3/6/2016,,,
3/7/2016,,63.507,64.433
3/8/2016,,,
3/9/2016,,,
3/10/2016,,57.225,57.198
3/11/2016,,,65
3/12/2016,,,64.785
3/13/2016,63.414,62.978,65.679
3/14/2016,,,
3/15/2016,,,
3/16/2016,58,60.171,60.9
3/17/2016,,,56
3/18/2016,64.907,65.401,66.769
3/19/2016,,61.553,63.281
3/20/2016,69.991,71.453,72.084
3/21/2016,68.223,69.016,69.077
3/22/2016,73.865,74.347,74.69
3/23/2016,,,71.101
3/24/2016,,71,69.617
3/25/2016,68.856,67.939,70.323
3/26/2016,,,
3/27/2016,,,
3/28/2016,,,71.013
3/29/2016,65.637,65.896,66.735
3/30/2016,,,67.535
3/31/2016,78.86,78.124,77.083
4/1/2016,78.363,77.921,77.398
4/2/2016,,,
4/3/2016,69.414,72.916,72.002
4/4/2016,71.228,72.995,71.332
4/5/2016,75.865,76.465,76.914
4/6/2016,73.865,74.699,74.828
4/7/2016,76.419,79.109,78.798
4/8/2016,79.14,78.567,78.287
4/9/2016,79.777,79.169,78.755
4/10/2016,80.14,80.319,80.456
4/11/2016,78.865,79.69,79.488
4/12/2016,72.637,72.701,72.109
4/13/2016,,,
4/14/2016,,,
4/15/2016,,69.479,70.857
4/16/2016,,,
4/17/2016,,,
4/18/2016,,,
4/19/2016,81.637,82.136,81.296
4/20/2016,76.419,78.548,78.368
4/21/2016,82.363,83.211,82.698
4/22/2016,80.865,81.624,81.447
4/23/2016,,77.554,78.681
4/24/2016,,,
4/25/2016,,74,75.263
4/26/2016,,79.912,81.019
4/27/2016,79.781,79.746,80.226
4/28/2016,79.86,80.953,80.741
4/29/2016,,,
4/30/2016,,,
5/1/2016,,,
5/2/2016,,,
5/3/2016,,,60.669
5/4/2016,,,
5/5/2016,,,
5/6/2016,86.363,85.373,83.699
5/7/2016,88.86,87.472,88.043
5/8/2016,,,
5/9/2016,92,91.927,92.033
5/10/2016,91.005,90.728,90.393
5/11/2016,92,89.195,92.055
5/12/2016,88.507,82.406,83.672
5/13/2016,70.181,69.36,79.122
5/14/2016,,,
5/15/2016,,,
5/16/2016,,,
5/17/2016,49,39.879,59.082
5/18/2016,,,13.838
5/19/2016,58.944,42.365,61.472
5/20/2016,0,6.724,37.046
5/21/2016,0,0,23.63
5/22/2016,,,40
5/23/2016,,,22.184
5/24/2016,,,
5/25/2016,,0,5.612
5/26/2016,,,
5/27/2016,,0,15.836
5/28/2016,,,18.461
5/29/2016,,4.776,21.334
5/30/2016,0,2.514,16.674
5/31/2016,0,0,12.472
6/1/2016,,,
6/2/2016,,,56.729
6/3/2016,,,56.894
6/4/2016,0,3.429,15.152
6/5/2016,,0,10.825
6/6/2016,,,
6/7/2016,0,0.625,8.907
6/8/2016,,,
6/9/2016,,,
6/10/2016,,,1.252
6/11/2016,0,0.399,8.723
6/12/2016,0,0.16,7.173
6/13/2016,0,0,6.065
6/14/2016,,,0
6/15/2016,,,23.063
6/16/2016,0,0.416,6.162
6/17/2016,,,0
6/18/2016,0,0,0.383
6/19/2016,0,1.734,9.054
6/20/2016,0,0,1.457
6/21/2016,,,18.846
6/22/2016,,,
6/23/2016,0,0,0
6/24/2016,0,0,0
6/25/2016,0,0,0
6/26/2016,0,0,0
6/27/2016,,,
6/28/2016,0,0,0
6/29/2016,0,0,0
6/30/2016,0,0,0.07
7/1/2016,0,0,0.278
7/2/2016,0,0,0
7/3/2016,,,
7/4/2016,0,0,0.229
7/5/2016,0,0,0.176
7/6/2016,,0,2.077
7/7/2016,0,0,0
7/8/2016,,,
7/9/2016,,,
7/10/2016,0,0,0
7/11/2016,,,
7/12/2016,,0,0
7/13/2016,0,0,0
7/14/2016,0,0,0
7/15/2016,0,1.847,5.421
7/16/2016,,,
7/17/2016,,,1.25
7/18/2016,,,
7/19/2016,,,
7/20/2016,19.33,14.32,15.522
7/21/2016,,,
7/22/2016,,,
7/23/2016,0,0.706,7.244
7/24/2016,0,0,0
7/25/2016,0,0,0.547
7/26/2016,0,0,1.985
7/27/2016,0,0.302,2.887
7/28/2016,0,0,0
7/29/2016,0,0,1.533
7/30/2016,,,
7/31/2016,,,0
8/1/2016,,0,8.852
8/2/2016,,,
8/3/2016,,,
8/4/2016,,,
8/5/2016,0,0,0.11
8/6/2016,0,0,0
8/7/2016,0,0,0
8/8/2016,0,0,0
8/9/2016,,,
8/10/2016,,61,59.92
8/11/2016,,,
8/12/2016,,,
8/13/2016,,,11.419
8/14/2016,,,
8/15/2016,,,
8/16/2016,,,0
8/17/2016,,3.667,9.731
8/18/2016,0,0,0
8/19/2016,,,
8/20/2016,,,
8/21/2016,0,0,2.246
8/22/2016,,,
8/23/2016,,,
8/24/2016,0,0,0.038
8/25/2016,0,0,0
8/26/2016,,,
8/27/2016,0,0,0.021
8/28/2016,0,0,0
8/29/2016,,,
8/30/2016,,,12.748
8/31/2016,0,0,1.906
9/1/2016,0,0,0
9/2/2016,,,
9/3/2016,,,53.939
9/4/2016,,57,49.94
9/5/2016,,,
9/6/2016,0,0,2.056
9/7/2016,,,
9/8/2016,0,3.593,1.871
9/9/2016,,,
9/10/2016,,,
9/11/2016,27,26.628,10.863
9/12/2016,,,20.231
9/13/2016,,,0
9/14/2016,,,2.4
9/15/2016,,,0
9/16/2016,,0,3.762
9/17/2016,,,12.926
9/18/2016,,,
9/19/2016,,0,0.098
9/20/2016,,,18.421
9/21/2016,,,
9/22/2016,,,
9/23/2016,0,0.019,1.187
9/24/2016,,0.904,8.425
9/25/2016,0,0.734,2.19
9/26/2016,0,0.596,4.412
9/27/2016,,,
9/28/2016,,,0
9/29/2016,,,
9/30/2016,,,
10/1/2016,,,1.103
10/2/2016,0,0.425,1.382
10/3/2016,0,0.213,1.522
10/4/2016,0,4.646,9.09
10/5/2016,,,36.155
10/6/2016,,,
10/7/2016,,,0.938
10/8/2016,,0.903,7.387
10/9/2016,,4.487,7.652
10/10/2016,0,3.799,12.387
10/11/2016,0,2.625,14.425
10/12/2016,0,0.791,6.573
10/13/2016,,,
10/14/2016,,11.69,20.119
10/15/2016,41.837,43.253,45.778
10/16/2016,42.898,48.586,51.811
10/17/2016,,43.549,48.564
10/18/2016,50.47,49.67,51.919
10/19/2016,68.721,69.661,70.685
10/20/2016,55.33,57.294,58.355
10/21/2016,,49.394,52.568
10/22/2016,69.991,67.115,67.732
10/23/2016,73.284,75.879,76.326
10/24/2016,67.921,64.416,67.274
10/25/2016,,,58.115
10/26/2016,77.916,75.986,78.333
10/27/2016,74.698,76.12,75.033
10/28/2016,79.916,79.23,79.467
10/29/2016,42.279,49.745,49.682
10/30/2016,78.144,78.371,74.795
10/31/2016,60.572,73.471,70.943
11/1/2016,,,75.407
11/2/2016,,,32.5
11/3/2016,,,50.273
11/4/2016,,,
11/5/2016,,,
11/6/2016,,,
11/7/2016,,,
11/8/2016,,,
11/9/2016,,,
11/10/2016,,,
11/11/2016,,,
11/12/2016,,,
11/13/2016,,,
11/14/2016,,,
11/15/2016,,,
11/16/2016,,,
11/17/2016,,,
11/18/2016,,,
11/19/2016,,,
11/20/2016,,,
11/21/2016,,,
11/22/2016,,,
11/23/2016,,,
11/24/2016,,,
11/25/2016,,,
11/26/2016,,,
11/27/2016,,,
11/28/2016,,,
11/29/2016,,,
11/30/2016,,,
12/1/2016,,,
12/2/2016,,,
12/3/2016,,,
12/4/2016,,,
12/5/2016,,,
12/6/2016,,,
12/7/2016,,,
12/8/2016,,,
12/9/2016,,,
12/10/2016,,,
12/11/2016,,,
12/12/2016,,,
12/13/2016,,,
12/14/2016,,,
12/15/2016,,,
12/16/2016,,,
12/17/2016,,,
12/18/2016,,,
12/19/2016,,,
12/20/2016,,,
12/21/2016,,,
12/22/2016,,,
12/23/2016,,,
12/24/2016,,,
12/25/2016,,,
12/26/2016,,,
12/27/2016,,,
12/28/2016,,,
12/29/2016,,,
12/30/2016,,,
12/31/2016,,,
1/1/2017,,,
1/2/2017,,,
1/3/2017,,,
1/4/2017,,,
1/5/2017,,,
1/6/2017,,,
1/7/2017,,,
1/8/2017,,,
1/9/2017,,,
1/10/2017,,,
1/11/2017,,,
1/12/2017,,,
1/13/2017,,,
1/14/2017,,,
1/15/2017,,,
1/16/2017,,,
1/17/2017,,,
1/18/2017,,,
1/19/2017,,,
1/20/2017,,,
1/21/2017,,,
1/22/2017,,,
1/23/2017,,,
1/24/2017,,,
1/25/2017,,,
1/26/2017,,,
1/27/2017,,,
1/28/2017,,,
1/29/2017,,,
1/30/2017,,,
1/31/2017,,,
2/1/2017,,,
2/2/2017,,,
2/3/2017,,,
2/4/2017,,,
2/5/2017,,,
2/6/2017,69.307,73.013,71.427
2/7/2017,50.777,53.603,57.662
2/8/2017,55.389,59.195,63.123
2/9/2017,,39,49.575
2/10/2017,59.051,57.196,58.075
2/11/2017,,53,56.946
2/12/2017,79.107,80.217,74.324
2/13/2017,,55.682,52.755
2/14/2017,,,46.133
2/15/2017,,,62.516
2/16/2017,,,
2/17/2017,,54.311,55.763
2/18/2017,,61.526,60.28
2/19/2017,,,
2/20/2017,,58,60.487
2/21/2017,,,57.738
2/22/2017,,,62.333
2/23/2017,69.73,69.235,71.205
2/24/2017,,39,48.286
2/25/2017,,62.723,60.05
2/26/2017,64.637,62.945,65.083
2/27/2017,,,62.73
2/28/2017,,59.781,60.235
3/1/2017,,60.876,61.712
3/2/2017,,,
3/3/2017,,,58.351
3/4/2017,58,59.552,63.002
3/5/2017,57,57.859,59.309
3/6/2017,,,60.674
3/7/2017,66.149,71.899,72.365
3/8/2017,67.73,68.381,68.788
3/9/2017,,71.677,72.446
3/10/2017,,62.431,68.42
3/11/2017,71.912,72.794,73.632
3/12/2017,,,
3/13/2017,69.144,67.892,67.991
3/14/2017,74,73.61,74.452
3/15/2017,66.367,67.553,69.45
3/16/2017,72.363,74.319,76.785
3/17/2017,73.274,73.583,75.751
3/18/2017,77.498,77.041,78.693
3/19/2017,68.363,68.806,70.16
3/20/2017,74.279,73.849,73.648
3/21/2017,65,67.793,71.944
3/22/2017,75.721,74.772,74.934
3/23/2017,80.363,80.358,80.98
3/24/2017,68.223,69.462,71.454
3/25/2017,74.86,74.638,74.745
3/26/2017,77.777,77.668,77.999
3/27/2017,80.637,80.344,80.695
3/28/2017,74.995,75.284,74.984
3/29/2017,75.358,75.664,75.641
3/30/2017,,71.757,71.981
3/31/2017,,,
4/1/2017,,,67.7
4/2/2017,,,
4/3/2017,68.726,69.82,69.485
4/4/2017,73.493,72.504,75.078
4/5/2017,77.228,78.614,78.728
4/6/2017,77.637,77.051,76.95
4/7/2017,74.367,74.383,74.303
4/8/2017,78.14,77.433,78.559
4/9/2017,,,
4/10/2017,83,82.54,82.93
4/11/2017,81.865,81.966,82.514
4/12/2017,83.865,83.614,84.038
4/13/2017,,,
4/14/2017,,75.583,76.08
4/15/2017,73.726,72.329,74.436
4/16/2017,,69.422,69.923
4/17/2017,,,
4/18/2017,72.367,73.514,74.379
4/19/2017,,75.923,75.307
4/20/2017,71.414,72.27,73.105
4/21/2017,71.721,70.38,71.806
4/22/2017,80.135,81.299,81.347
4/23/2017,79.367,80.094,79.928
4/24/2017,75.363,77.208,76.509
4/25/2017,,,73.501
4/26/2017,,,
4/27/2017,,,79.299
4/28/2017,,,
4/29/2017,,,83.941
4/30/2017,84,84.115,83.04
5/1/2017,85.005,85.656,85.026
5/2/2017,81.228,81.799,81.706
5/3/2017,85.005,85.579,85.115
5/4/2017,,,
5/5/2017,,,
5/6/2017,,,79.709
5/7/2017,89,89.262,88.481
5/8/2017,,,
5/9/2017,,,
5/10/2017,,,
5/11/2017,,,
5/12/2017,,,
5/13/2017,,,
5/14/2017,,,83.247
5/15/2017,,,
5/16/2017,91.642,89.503,91.585
5/17/2017,85.302,82.084,88.039
5/18/2017,,71.461,83.969
5/19/2017,,,
5/20/2017,,,
5/21/2017,,50.394,73.829
5/22/2017,,,60.119
5/23/2017,,51.736,58.466
5/24/2017,,,23.221
5/25/2017,,,47.809
5/26/2017,,,
5/27/2017,21,21.387,30.164
5/28/2017,,10.279,44.648
5/29/2017,,29.26,29.79
5/30/2017,29.363,19.713,30.393
5/31/2017,,47.538,51.789
6/1/2017,,10,9.308
6/2/2017,,18.346,26.362
6/3/2017,0,8.049,22.827
6/4/2017,0,3.166,17.771
6/5/2017,0,2.878,6.813
6/6/2017,,2.547,6.264
6/7/2017,0,0.96,9.674
6/8/2017,0,0.676,10.636
6/9/2017,,1.671,5.58
6/10/2017,0,1.109,2.855
6/11/2017,0,1.308,11.443
6/12/2017,,1.765,4.437
6/13/2017,0,1.71,2.271
6/14/2017,0,0,8.543
6/15/2017,0,0.115,7.147
6/16/2017,0,0,6.466
6/17/2017,0,0,3.111
6/18/2017,,2.5,1.145
6/19/2017,0,0,0.633
6/20/2017,0,0,0
6/21/2017,0,0,2.137
6/22/2017,0,0,0
6/23/2017,0,0,0
6/24/2017,0,0,0
6/25/2017,0,0,0
6/26/2017,,,
6/27/2017,,,15.119
6/28/2017,0,0,0
6/29/2017,0,0,0
6/30/2017,0,0,0
7/1/2017,0,0,0
7/2/2017,0,0,0
7/3/2017,,,
7/4/2017,,,
7/5/2017,7.81,4.296,5.802
7/6/2017,,6.544,17.171
7/7/2017,0,0,0
7/8/2017,0,0,0
7/9/2017,,7.446,16.318
7/10/2017,0,0,0
7/11/2017,,0,2.31
7/12/2017,0,0,1.593
7/13/2017,4.977,4.859,8.224
7/14/2017,0,0,0
7/15/2017,,,
7/16/2017,0,0.565,2.089
7/17/2017,0,0,0
7/18/2017,0,0,0.127
7/19/2017,0,0,0
7/20/2017,,0,0.041
7/21/2017,,,14.99
7/22/2017,,,
7/23/2017,,,
7/24/2017,,,65
7/25/2017,,,
7/26/2017,0,0,2.285
7/27/2017,0,0,0
7/28/2017,0,0,0
7/29/2017,0,0,0
7/30/2017,0,0,0
7/31/2017,0,0,0
8/1/2017,0,0,0
8/2/2017,0,0.114,2.391
8/3/2017,0,0,0.03
8/4/2017,,,
8/5/2017,0,0,0
8/6/2017,0,0,1.277
8/7/2017,,0,0
8/8/2017,,2.244,5.364
8/9/2017,0,0,0
8/10/2017,,,18.228
8/11/2017,,,
8/12/2017,0,0,0.065
8/13/2017,,,
8/14/2017,,,
8/15/2017,0,0.668,5.126
8/16/2017,0,0,0
8/17/2017,,,
8/18/2017,,,0
8/19/2017,,0,0
8/20/2017,,,
8/21/2017,0,0.04,0.376
8/22/2017,,,47
8/23/2017,0,0,0
8/24/2017,,,
8/25/2017,,,12.381
8/26/2017,,,
8/27/2017,,46.538,50.313
8/28/2017,0,0,0.194
8/29/2017,,,
8/30/2017,,,
8/31/2017,,,
9/1/2017,,6.751,9.582
9/2/2017,,,3.099
9/3/2017,,,
9/4/2017,,,
9/5/2017,,,8.792
9/6/2017,42,42.202,43.657
9/7/2017,,,
9/8/2017,,,
9/9/2017,,,
9/10/2017,,0,5.833
9/11/2017,,0,2.29
9/12/2017,,,3.56
9/13/2017,0,0,0
9/14/2017,0,0,1.149
9/15/2017,0,0.252,6.535
9/16/2017,0,0,0.953
9/17/2017,0,0,0.118
9/18/2017,0,0,0
9/19/2017,,,
9/20/2017,,,13.667
9/21/2017,,,
9/22/2017,,,
9/23/2017,,,
9/24/2017,,18,14.746
9/25/2017,,,
9/26/2017,5.784,2.859,7.67
9/27/2017,0,0,0.039
9/28/2017,,,
9/29/2017,,,0
9/30/2017,0,0.585,7.821
10/1/2017,,,21.763
10/2/2017,,,
10/3/2017,49.86,49.879,49.174
10/4/2017,,,3.4
10/5/2017,0,0.066,1.938
10/6/2017,,,6.165
10/7/2017,,,
10/8/2017,,,
10/9/2017,,,
10/10/2017,,,8.024
10/11/2017,,4.358,15.426
10/12/2017,,,20.281
10/13/2017,,,12
10/14/2017,,,14.625
10/15/2017,56.722,46.235,54.791
10/16/2017,,42.13,45.473
10/17/2017,,39.663,40.222
10/18/2017,,43.401,46.122
10/19/2017,,,47
10/20/2017,,,
10/21/2017,58.642,61.865,60.298
10/22/2017,,,48.007
10/23/2017,,45.607,51.202
10/24/2017,,,
10/25/2017,,51,53.262
10/26/2017,,,
10/27/2017,,50,50.25
10/28/2017,,,56.097
10/29/2017,,,51.841
10/30/2017,64.902,59.932,62.29
10/31/2017,50.34,53.762,63.867
11/1/2017,,,54.747
11/2/2017,65.693,66.409,61.603
11/3/2017,,,
11/4/2017,,51.143,49.396
11/5/2017,,,
11/6/2017,,,
11/7/2017,,,
11/8/2017,,,
11/9/2017,,,
11/10/2017,,,
11/11/2017,,,
11/12/2017,,,
11/13/2017,,,
11/14/2017,,,
11/15/2017,,,
11/16/2017,,,
11/17/2017,,,
11/18/2017,,,
11/19/2017,,,
11/20/2017,,,
11/21/2017,,,
11/22/2017,,,
11/23/2017,,,
11/24/2017,,,
11/25/2017,,,
11/26/2017,,,
11/27/2017,,,
11/28/2017,,,
11/29/2017,,,
11/30/2017,,,
12/1/2017,,,
12/2/2017,,,
12/3/2017,,,
12/4/2017,,,
12/5/2017,,,
12/6/2017,,,
12/7/2017,,,
12/8/2017,,,
12/9/2017,,,
12/10/2017,,,
12/11/2017,,,
12/12/2017,,,
12/13/2017,,,
12/14/2017,,,
12/15/2017,,,
12/16/2017,,,
12/17/2017,,,
12/18/2017,,,
12/19/2017,,,
12/20/2017,,,
12/21/2017,,,
12/22/2017,,,
12/23/2017,,,
12/24/2017,,,
12/25/2017,,,
12/26/2017,,,
12/27/2017,,,
12/28/2017,,,
12/29/2017,,,
12/30/2017,,,
12/31/2017,,,
1/1/2018,,,
1/2/2018,,,
1/3/2018,,,
1/4/2018,,,
1/5/2018,,,
1/6/2018,,,
1/7/2018,,,
1/8/2018,,,
1/9/2018,,,
1/10/2018,,,
1/11/2018,,,
1/12/2018,,,
1/13/2018,,,
1/14/2018,,,
1/15/2018,,,
1/16/2018,,,
1/17/2018,,,
1/18/2018,,,
1/19/2018,,,
1/20/2018,,,
1/21/2018,,,
1/22/2018,,,
1/23/2018,,,
1/24/2018,,,
1/25/2018,,,
1/26/2018,,,
1/27/2018,,,
1/28/2018,,,
1/29/2018,,,
1/30/2018,,,
1/31/2018,,,
2/1/2018,,,
2/2/2018,,,
2/3/2018,,,
2/4/2018,,,
2/5/2018,,,
2/6/2018,,,
2/7/2018,,,59.196
2/8/2018,,,49.361
2/9/2018,,,
2/10/2018,57.14,59.932,60.98
2/11/2018,,,
2/12/2018,,56.868,65.194
2/13/2018,68.949,68.337,68.63
2/14/2018,75.912,75.334,70.272
2/15/2018,74.005,73.158,73.322
2/16/2018,,60.278,61.191
2/17/2018,63.642,64.957,67.32
2/18/2018,70.777,70.326,70.584
2/19/2018,,56,63.042
2/20/2018,,,
2/21/2018,,,52.035
2/22/2018,,55.728,64.847
2/23/2018,,,
2/24/2018,,,
2/25/2018,,,55.424
2/26/2018,81.451,71.321,69.982
2/27/2018,,,
2/28/2018,,63.815,65.677
3/1/2018,70.014,72.441,73.728
3/2/2018,68.279,67.59,68.048
3/3/2018,,52.234,57.381
3/4/2018,67,65.742,65.71
3/5/2018,64.953,67.943,68.616
3/6/2018,66,67.403,67.717
3/7/2018,,,
3/8/2018,,,74.868
3/9/2018,70.777,71.521,70.805
3/10/2018,,,73.925
3/11/2018,64,70.108,66.926
3/12/2018,59.111,62.56,66.415
3/13/2018,75.647,75.24,76.943
3/14/2018,65.135,64.31,64.674
3/15/2018,,,67.63
3/16/2018,72.772,71.847,73.072
3/17/2018,,,67.783
3/18/2018,,,69.833
3/19/2018,66,71.41,73.105
3/20/2018,70.581,68.718,68.186
3/21/2018,75.86,73.294,73.423
3/22/2018,72.14,72.937,73.167
3/23/2018,,,74.027
3/24/2018,75.14,74.596,74.266
3/25/2018,71.274,70.711,70.995
3/26/2018,76.502,77.114,77.066
3/27/2018,74.279,74.961,75.347
3/28/2018,80.642,79.922,80.449
3/29/2018,81.14,80.696,80.821
3/30/2018,81.279,82.008,81.974
3/31/2018,,67.571,69.254
4/1/2018,,69.192,69.333
4/2/2018,,76.265,76.699
4/3/2018,,,
4/4/2018,,,
4/5/2018,76.14,71.746,73.93
4/6/2018,80.363,79.99,80.137
4/7/2018,81,80.637,81.118
4/8/2018,79.586,80.245,81.407
4/9/2018,82.223,82.307,83.228
4/10/2018,78.86,78.409,78.673
4/11/2018,82.637,81.884,80.773
4/12/2018,,,
4/13/2018,81.637,81.111,81.596
4/14/2018,77.228,77.087,77.035
4/15/2018,77.865,78.68,79.114
4/16/2018,,,72.797
4/17/2018,82.279,82.164,82.426
4/18/2018,77,75.895,78.06
4/19/2018,,,
4/20/2018,74.274,73.953,74.375
4/21/2018,76.637,76.065,76.573
4/22/2018,80.363,80.854,80.894
4/23/2018,80.995,82.243,82.159
4/24/2018,82.14,82.781,82.96
4/25/2018,,,
4/26/2018,,69.994,70.091
4/27/2018,72.498,72.867,73.416
4/28/2018,,,68.804
4/29/2018,86.14,86.167,86.788
4/30/2018,,,67.943
5/1/2018,,,
5/2/2018,,,75.909
5/3/2018,,,
5/4/2018,,,80.923
5/5/2018,,,
5/6/2018,,70.393,71.086
5/7/2018,74.498,74.109,73.36
5/8/2018,78,80.88,80.537
5/9/2018,79.772,82.888,82.524
5/10/2018,,,81.567
5/11/2018,,,85.802
5/12/2018,,82,94.123
5/13/2018,90,94.103,93.943
5/14/2018,,,91.688
5/15/2018,98,97.857,97.236
5/16/2018,,93.616,94.99
5/17/2018,,93.036,96.165
5/18/2018,,,
5/19/2018,,,86.475
5/20/2018,95,94.164,93.583
5/21/2018,,,76
5/22/2018,,,
5/23/2018,,,
5/24/2018,,,
5/25/2018,,,
5/26/2018,,,
5/27/2018,,,
5/28/2018,,,
5/29/2018,,82.136,82.245
5/30/2018,91,91.506,90.731
5/31/2018,93.502,92.18,88.91
6/1/2018,92,88.672,88.338
6/2/2018,,,77.872
6/3/2018,84.971,82.206,73.411
6/4/2018,83.772,78.606,82.273
6/5/2018,,,17.725
6/6/2018,,,
6/7/2018,,,
6/8/2018,,,
6/9/2018,,,35.224
6/10/2018,,,20.202
6/11/2018,35.611,34.364,45.416
6/12/2018,22.721,23.83,34.682
6/13/2018,0,0,19.882
6/14/2018,0,1.89,20.459
6/15/2018,,2.796,7.394
6/16/2018,,,34.938
6/17/2018,0,0.822,12.722
6/18/2018,0,2.794,14.658
6/19/2018,,,
6/20/2018,,1.325,1.596
6/21/2018,,0.371,6.4
6/22/2018,0,0.778,10.112
6/23/2018,,60.103,59.051
6/24/2018,,,0
6/25/2018,0,0.279,6.924
6/26/2018,0,0.468,8.562
6/27/2018,,,
6/28/2018,,,3
6/29/2018,,0,0.115
6/30/2018,0,0,4.743
7/1/2018,,0,1.304
7/2/2018,0,0,1.548
7/3/2018,,,
7/4/2018,,,
7/5/2018,,,
7/6/2018,,,
7/7/2018,,,7.135
7/8/2018,,,
7/9/2018,,,
7/10/2018,,,0
7/11/2018,,,
7/12/2018,0,0,0.088
7/13/2018,0,0.204,8.467
7/14/2018,0,0,0.566
7/15/2018,0,0,0
7/16/2018,,,0
7/17/2018,,,
7/18/2018,0,0,0
7/19/2018,,,
7/20/2018,0,0,0.043
7/21/2018,,,24.887
7/22/2018,0,0,0
7/23/2018,0,0,0
7/24/2018,0,0,0
7/25/2018,0,0,0
7/26/2018,,0,0
7/27/2018,,,
7/28/2018,,,
7/29/2018,,,12
7/30/2018,0,0.061,0.846
7/31/2018,,0,3.585
8/1/2018,,56.467,57.478
8/2/2018,,,0
8/3/2018,,,6.557
8/4/2018,,,2.372
8/5/2018,,,
8/6/2018,,,
8/7/2018,,64,63.005
8/8/2018,,3.577,5.008
8/9/2018,,,5.58
8/10/2018,,,
8/11/2018,,,
8/12/2018,,,
8/13/2018,,0,6.833
8/14/2018,,,
8/15/2018,0,0.046,1.933
8/16/2018,,,
8/17/2018,,,14.649
8/18/2018,0,0.505,1.911
8/19/2018,,,4.973
8/20/2018,,,
8/21/2018,,,5.462
8/22/2018,0,0.146,0.104
8/23/2018,0,0.423,1.59
8/24/2018,0,0.26,0.871
8/25/2018,0,0,1.046
8/26/2018,,,
8/27/2018,,,
8/28/2018,,,
8/29/2018,0,1.531,3.826
8/30/2018,,,
8/31/2018,0,1.64,4.85
9/1/2018,,,19
9/2/2018,,,36.444
9/3/2018,,,
9/4/2018,0,1.555,4.056
9/5/2018,,,0
9/6/2018,,,
9/7/2018,,11.083,9.388
9/8/2018,,,
9/9/2018,,,
9/10/2018,,0.382,10.775
9/11/2018,,3.579,6.94
9/12/2018,,7.614,11.353
9/13/2018,0,2.383,5.521
9/14/2018,0,0,0
9/15/2018,0,0.219,0.596
9/16/2018,0,0.099,0.669
9/17/2018,,1.099,6.576
9/18/2018,0,0,0
9/19/2018,0,0.668,3.287
9/20/2018,0,0,0.004
9/21/2018,0,0.519,0.56
9/22/2018,,5.6,10.692
9/23/2018,,,6.946
9/24/2018,,,45.077
9/25/2018,,,41
9/26/2018,,37.656,27.385
9/27/2018,,,
9/28/2018,,,32.646
9/29/2018,,42.689,42.956
9/30/2018,,,47.147
10/1/2018,48.944,46.225,50.962
10/2/2018,50,42.833,52.674
10/3/2018,,36.755,44.656
10/4/2018,,42.506,49.689
10/5/2018,,31.402,45.184
10/6/2018,,48.01,52.214
10/7/2018,44.47,35.455,47.797
10/8/2018,,15.393,29.254
10/9/2018,,,55
10/10/2018,60.735,63.838,58.219
10/11/2018,,55.041,57.873
10/12/2018,,,43.653
10/13/2018,,,
10/14/2018,,,
10/15/2018,88.363,86.185,75.11
10/16/2018,,,
10/17/2018,,,49.937
10/18/2018,,54.463,62.383
10/19/2018,72.86,71.187,67.169
10/20/2018,,,
10/21/2018,,68.461,63.869
10/22/2018,,52.6,60.043
10/23/2018,67.363,69.04,69.905
10/24/2018,91.86,88.277,89.218
10/25/2018,67.279,70.736,67.646
10/26/2018,,,
10/27/2018,,,61.239
10/28/2018,,,
10/29/2018,,,52.68
10/30/2018,,,
10/31/2018,54.735,58.996,60.82
11/1/2018,,,
11/2/2018,,52.393,61.706
11/3/2018,,54.44,56.459
11/4/2018,,,
11/5/2018,,,
11/6/2018,,,
11/7/2018,,,
11/8/2018,,,
11/9/2018,,,
11/10/2018,,,
11/11/2018,,,
11/12/2018,,,
11/13/2018,,,
11/14/2018,,,
11/15/2018,,,
11/16/2018,,,
11/17/2018,,,
11/18/2018,,,
11/19/2018,,,
11/20/2018,,,
11/21/2018,,,
11/22/2018,,,
11/23/2018,,,
11/24/2018,,,
11/25/2018,,,
11/26/2018,,,
11/27/2018,,,
11/28/2018,,,
11/29/2018,,,
11/30/2018,,,
12/1/2018,,,
12/2/2018,,,
12/3/2018,,,
12/4/2018,,,
12/5/2018,,,
12/6/2018,,,
12/7/2018,,,
12/8/2018,,,
12/9/2018,,,
12/10/2018,,,
12/11/2018,,,
12/12/2018,,,
12/13/2018,,,
12/14/2018,,,
12/15/2018,,,
12/16/2018,,,
12/17/2018,,,
12/18/2018,,,
12/19/2018,,,
12/20/2018,,,
12/21/2018,,,
12/22/2018,,,
12/23/2018,,,
12/24/2018,,,
12/25/2018,,,
12/26/2018,,,
12/27/2018,,,
12/28/2018,,,
12/29/2018,,,
12/30/2018,,,
12/31/2018,,,
1/1/2019,,,
1/2/2019,,,
1/3/2019,,,
1/4/2019,,,
1/5/2019,,,
1/6/2019,,,
1/7/2019,,,
1/8/2019,,,
1/9/2019,,,
1/10/2019,,,
1/11/2019,,,
1/12/2019,,,
1/13/2019,,,
1/14/2019,,,
1/15/2019,,,
1/16/2019,,,
1/17/2019,,,
1/18/2019,,,
1/19/2019,,,
1/20/2019,,,
1/21/2019,,,
1/22/2019,,,
1/23/2019,,,
1/24/2019,,,
1/25/2019,,,
1/26/2019,,,
1/27/2019,,,
1/28/2019,,,
1/29/2019,,,
1/30/2019,,,
1/31/2019,,,
2/1/2019,,,
2/2/2019,,,
2/3/2019,,,
2/4/2019,,,
2/5/2019,,,
2/6/2019,,,
2/7/2019,64.549,63.303,64.242
2/8/2019,,,
2/9/2019,72,64.922,75.697
2/10/2019,69.442,66.863,65.145
2/11/2019,,,46
2/12/2019,66.367,66.617,67.949
2/13/2019,59.312,56.41,57.508
2/14/2019,57.279,58.701,62.505
2/15/2019,62.367,63.787,64.47
2/16/2019,67.14,67.914,67.927
2/17/2019,67.558,66.9,69.534
2/18/2019,,,
2/19/2019,,,50.61
2/20/2019,,,
2/21/2019,61.865,64.826,63.668
2/22/2019,68,66.812,67.694
2/23/2019,61.088,62.504,63.119
2/24/2019,,,66.658
2/25/2019,73.447,72.682,72.427
2/26/2019,,64.051,69.55
2/27/2019,77.228,78.356,78.708
2/28/2019,78.726,78.038,78.853
3/1/2019,80.223,80.429,80.336
3/2/2019,81.14,81.967,82.118
3/3/2019,,,73.597
3/4/2019,74.865,75.04,75.182
3/5/2019,71.367,75.684,76.44
3/6/2019,76.419,76.511,77.529
3/7/2019,,64,64.816
3/8/2019,,68.777,68.007
3/9/2019,,,
3/10/2019,77.005,78.967,78.038
3/11/2019,,63.367,64.142
3/12/2019,,,
3/13/2019,66.498,66.583,67.15
3/14/2019,,,
3/15/2019,83.86,83.135,83.314
3/16/2019,,,79.216
3/17/2019,81.367,83.461,83.153
3/18/2019,,76,79.539
3/19/2019,,,65.278
3/20/2019,82.637,81.187,80.651
3/21/2019,,,65.565
3/22/2019,76.637,75.828,74.864
3/23/2019,,,
3/24/2019,,82.95,83.925
3/25/2019,,,72.201
3/26/2019,71.726,74.283,77.255
3/27/2019,,65.295,67.122
3/28/2019,,,
3/29/2019,80.363,81.642,80.755
3/30/2019,,,
3/31/2019,,,
4/1/2019,,76.614,76.437
4/2/2019,76.274,74.951,73.041
4/3/2019,73.721,73.329,72.836
4/4/2019,,65,67.601
4/5/2019,75.995,75.634,76.356
4/6/2019,78.274,77.851,78.539
4/7/2019,,69,75.567
4/8/2019,,,
4/9/2019,,,
4/10/2019,,,
4/11/2019,,,
4/12/2019,,,
4/13/2019,,,
4/14/2019,,,83
4/15/2019,82.502,82.714,83.416
4/16/2019,86,86.043,86.04
4/17/2019,84.865,85.058,84.223
4/18/2019,82.507,83.923,83.461
4/19/2019,,,
4/20/2019,,69.407,68.775
4/21/2019,77.865,78.384,78.349
4/22/2019,81.363,81.496,81.314
4/23/2019,82.223,80.456,80.602
4/24/2019,83.865,83.733,83.595
4/25/2019,82.502,83.16,82.699
4/26/2019,,,
4/27/2019,,,
4/28/2019,,,76.177
4/29/2019,76.637,77.798,78.936
4/30/2019,,,80.577
5/1/2019,,,
5/2/2019,78.777,78.499,78.643
5/3/2019,79.73,79.418,79.926
5/4/2019,,,81.596
5/5/2019,84.14,84.843,84.814
5/6/2019,,,69.333
5/7/2019,,71.716,71.788
5/8/2019,,,
5/9/2019,,,
5/10/2019,,,73.615
5/11/2019,,,
5/12/2019,,,78.726
5/13/2019,95,95.02,94.83
5/14/2019,95,94.946,94.574
5/15/2019,95.502,95.334,95.552
5/16/2019,95.498,94.663,94.653
5/17/2019,94.502,93.778,94.017
5/18/2019,94.502,92.288,92.405
5/19/2019,,,
5/20/2019,92.367,88.171,90.485
5/21/2019,90.86,77.411,84.478
5/22/2019,80.749,57.092,72.501
5/23/2019,49.944,35.484,59.48
5/24/2019,19.409,17.876,44.973
5/25/2019,,37.045,18.771
5/26/2019,0,4.919,30.007
5/27/2019,,,
5/28/2019,,0,12.946
5/29/2019,5.474,7.032,20.451
5/30/2019,0,6.288,20.467
5/31/2019,0,2.93,15.884
6/1/2019,0,1.85,13.348
6/2/2019,0,2.931,4.508
6/3/2019,,,
6/4/2019,0,1.331,11.43
6/5/2019,0,0,8.521
6/6/2019,0,0.139,5.589
6/7/2019,0,0,7.333
6/8/2019,0,0,4.46
6/9/2019,,,
6/10/2019,0,0,0.864
6/11/2019,0,0,1.283
6/12/2019,,,
6/13/2019,0,0,1.663
6/14/2019,0,0,1.564
6/15/2019,0,0,0.976
6/16/2019,,0,0.295
6/17/2019,0,0,0.506
6/18/2019,0,0,0.407
6/19/2019,,0,3.31
6/20/2019,0,0,0.161
6/21/2019,0,0,0.057
6/22/2019,0,0,0
6/23/2019,0,0,0.121
6/24/2019,,,
6/25/2019,,,11.944
6/26/2019,,,
6/27/2019,0,0,0
6/28/2019,0,0,0
6/29/2019,0,0.032,0.589
6/30/2019,0,0,0
7/1/2019,,,
7/2/2019,,0,0.212
7/3/2019,0,0.24,1.635
7/4/2019,,57.696,55.745
7/5/2019,,,0
7/6/2019,,,2.584
7/7/2019,,,
7/8/2019,,0,0.076
7/9/2019,0,0,0.709
7/10/2019,0,0,1.275
7/11/2019,,,
7/12/2019,0,0,0.819
7/13/2019,,0,0
7/14/2019,0,0,0.78
7/15/2019,0,0,0.08
7/16/2019,,,
7/17/2019,0,0,0
7/18/2019,,0,0
7/19/2019,,12.474,1.864
7/20/2019,,,0
7/21/2019,,,54.302
7/22/2019,,0,0
7/23/2019,,,
7/24/2019,0,0,0
7/25/2019,0,0,0
7/26/2019,0,0,0
7/27/2019,0,0,0
7/28/2019,0,0,0
7/29/2019,0,1.165,3.891
7/30/2019,0,0,0.102
7/31/2019,0,0,0
8/1/2019,,,
8/2/2019,,0,1.727
8/3/2019,,,0
8/4/2019,,,
8/5/2019,,,15.426
8/6/2019,,,19.821
8/7/2019,,,
8/8/2019,0,0,0.199
8/9/2019,,,
8/10/2019,,2.213,17.492
8/11/2019,,,
8/12/2019,,,22.438
8/13/2019,,,5.119
8/14/2019,,,13.927
8/15/2019,,,
8/16/2019,,,
8/17/2019,,,
8/18/2019,,,
8/19/2019,,,
8/20/2019,0,1.719,4.289
8/21/2019,0,0,1.626
8/22/2019,,,14
8/23/2019,,,
8/24/2019,52.586,51.457,51.427
8/25/2019,,,50.659
8/26/2019,22.944,11.293,9.207
8/27/2019,,,
8/28/2019,,8.507,12.236
8/29/2019,,,35
8/30/2019,,,15.536
8/31/2019,,,6.832
9/1/2019,0,0,0
9/2/2019,0,0,1.239
9/3/2019,0,0,0.08
9/4/2019,0,0,0.159
9/5/2019,,,
9/6/2019,0,0,0
9/7/2019,0,0,0
9/8/2019,0,0.304,1.873
9/9/2019,0,0,0
9/10/2019,,3.691,9.235
9/11/2019,0,0.506,2.313
9/12/2019,,,56
9/13/2019,,,
9/14/2019,,,25
9/15/2019,,,
9/16/2019,,,12.396
9/17/2019,,,60.716
9/18/2019,,,25.916
9/19/2019,,,
9/20/2019,0,0,1.262
9/21/2019,,54.722,56.332
9/22/2019,,,
9/23/2019,,,
9/24/2019,0,0.02,0.363
9/25/2019,,,2.206
9/26/2019,,,11.25
9/27/2019,10,11.653,16.468
9/28/2019,0,0.738,2.353
9/29/2019,0,0,1.685
9/30/2019,0,0,0
10/1/2019,,,13.018
10/2/2019,,11.067,13.63
10/3/2019,,,30.316
10/4/2019,0,2.04,5.599
10/5/2019,,18.485,11.153
10/6/2019,,,
10/7/2019,,,
10/8/2019,,48.42,42.025
10/9/2019,,,26.957
10/10/2019,20.158,12.686,16.732
10/11/2019,,,30.143
10/12/2019,,41.667,45.35
10/13/2019,,47.687,52.383
10/14/2019,,49.346,52.983
10/15/2019,,61,57.743
10/16/2019,62.047,51.946,53.047
10/17/2019,,,33.087
10/18/2019,,,31.088
10/19/2019,43.722,50.871,53.46
10/20/2019,,51.857,55.702
10/21/2019,,46.727,42.082
10/22/2019,,44.589,49.747
10/23/2019,59.019,59.158,61.113
10/24/2019,,,20.933
10/25/2019,,,
10/26/2019,,47.042,58.758
10/27/2019,,54.089,56.057
10/28/2019,,,
10/29/2019,57.349,54.655,51.149
10/30/2019,,17.857,23.588
10/31/2019,58.953,45.16,48.555
11/1/2019,,23.945,33.385
11/2/2019,53.177,57.412,53.619
11/3/2019,,43.4,49.253
11/4/2019,,,54.008
11/5/2019,,,
11/6/2019,,,
11/7/2019,,,
11/8/2019,,,
11/9/2019,,,
11/10/2019,,,
11/11/2019,,,
11/12/2019,,,
11/13/2019,,,
11/14/2019,,,
11/15/2019,,,
11/16/2019,,,
11/17/2019,,,
11/18/2019,,,
11/19/2019,,,
11/20/2019,,,
11/21/2019,,,
11/22/2019,,,
11/23/2019,,,
11/24/2019,,,
11/25/2019,,,
11/26/2019,,,
11/27/2019,,,
11/28/2019,,,
11/29/2019,,,
11/30/2019,,,
12/1/2019,,,
12/2/2019,,,
12/3/2019,,,
12/4/2019,,,
12/5/2019,,,
12/6/2019,,,
12/7/2019,,,
12/8/2019,,,
12/9/2019,,,
12/10/2019,,,
12/11/2019,,,
12/12/2019,,,
12/13/2019,,,
12/14/2019,,,
12/15/2019,,,
12/16/2019,,,
12/17/2019,,,
12/18/2019,,,
12/19/2019,,,
12/20/2019,,,
12/21/2019,,,
12/22/2019,,,
12/23/2019,,,
12/24/2019,,,
12/25/2019,,,
12/26/2019,,,
12/27/2019,,,
12/28/2019,,,
12/29/2019,,,
12/30/2019,,,
12/31/2019,,,
1/1/2020,,,
1/2/2020,,,
1/3/2020,,,
1/4/2020,,,
1/5/2020,,,
1/6/2020,,,
1/7/2020,,,
1/8/2020,,,
1/9/2020,,,
1/10/2020,,,
1/11/2020,,,
1/12/2020,,,
1/13/2020,,,
1/14/2020,,,
1/15/2020,,,
1/16/2020,,,
1/17/2020,,,
1/18/2020,,,
1/19/2020,,,
1/20/2020,,,
1/21/2020,,,
1/22/2020,,,
1/23/2020,,,
1/24/2020,,,
1/25/2020,,,
1/26/2020,,,
1/27/2020,,,
1/28/2020,,,
1/29/2020,,,
1/30/2020,,,
1/31/2020,,,
2/1/2020,,,
2/2/2020,,,
2/3/2020,,,
2/4/2020,,,
2/5/2020,,,
2/6/2020,,48.684,49.106
2/7/2020,59.87,59.246,59.906
2/8/2020,,40.78,49.715
2/9/2020,,52.763,57.142
2/10/2020,69,64.32,60.683
2/11/2020,,,56.04
2/12/2020,63.637,62.497,63.318
2/13/2020,,55.289,56.532
2/14/2020,,55.711,56.379
2/15/2020,,,57.453
2/16/2020,65.642,65.351,66.169
2/17/2020,69.502,69.363,70.052
2/18/2020,,,
2/19/2020,,,
2/20/2020,,,
2/21/2020,54.14,57.935,61.355
2/22/2020,,,
2/23/2020,,,
2/24/2020,,53.627,57.896
2/25/2020,59.279,62.257,62.795
2/26/2020,49,56.933,58.169
2/27/2020,,,
2/28/2020,,61.891,63.037
2/29/2020,,,65.756
3/1/2020,65,65.013,66.263
3/2/2020,,,64.984
3/3/2020,63,63.782,64.835
3/4/2020,65.642,64.133,65.024
3/5/2020,73.009,73.541,74.664
3/6/2020,77.14,75.729,76.148
3/7/2020,,,
3/8/2020,79.14,78.274,79.147
3/9/2020,,,61
3/10/2020,68,65.095,65.11
3/11/2020,,65.473,67.179
3/12/2020,71.507,71.283,71.138
3/13/2020,,,
3/14/2020,,,73.387
3/15/2020,78.87,77.818,77.348
3/16/2020,,,
3/17/2020,,70.258,70.987
3/18/2020,,,
3/19/2020,,,
3/20/2020,,,
3/21/2020,,,74.578
3/22/2020,78.502,83.141,77.218
3/23/2020,,,66.722
3/24/2020,,,
3/25/2020,,,68.492
3/26/2020,72.177,70.89,70.402
3/27/2020,,70.783,72.817
3/28/2020,,69.594,69.517
3/29/2020,,76.147,77.837
3/30/2020,72,72.305,72.912
3/31/2020,78,77.258,77.827
4/1/2020,76.502,75.563,76.239
4/2/2020,79.005,79.528,79.587
4/3/2020,,74.347,76.148
4/4/2020,79.14,79.244,78.138
4/5/2020,,77.582,80.718
4/6/2020,,,77.064
4/7/2020,,73.191,75.475
4/8/2020,74.507,73.392,73.753
4/9/2020,70,70.111,71.671
4/10/2020,76,75.552,76.831
4/11/2020,81,80.716,81.661
4/12/2020,83.86,82.298,83.184
4/13/2020,63,65.528,68.981
4/14/2020,74.278,72.453,73.469
4/15/2020,,78.318,74.468
4/16/2020,,,70.689
4/17/2020,,,64.431
4/18/2020,76.865,75.88,76.347
4/19/2020,,,
4/20/2020,,,
4/21/2020,,,86.748
4/22/2020,,,69.204
4/23/2020,82.642,80.885,81.795
4/24/2020,,72.2,72.393
4/25/2020,77.279,75.223,77.147
4/26/2020,,,
4/27/2020,79.005,76.887,78.42
4/28/2020,,,69.451
4/29/2020,76.498,75.979,75.754
4/30/2020,80,79.706,79.481
5/1/2020,76.502,76.843,78.224
5/2/2020,,,80.713
5/3/2020,,,
5/4/2020,80.14,79.789,80.237
5/5/2020,,,
5/6/2020,,,
5/7/2020,72.223,72.048,73.167
5/8/2020,79.005,78.983,78.753
5/9/2020,83,84.33,84.8
5/10/2020,,87.235,88.336
5/11/2020,,,
5/12/2020,82,80.861,80.16
5/13/2020,,,
5/14/2020,,,
5/15/2020,,,
5/16/2020,,,
5/17/2020,,,
5/18/2020,,,
5/19/2020,,76.617,78.424
5/20/2020,84.865,83.829,85.214
5/21/2020,92,90.932,91.52
5/22/2020,92.916,90.316,91.32
5/23/2020,91.419,87.848,89.037
5/24/2020,86.214,82.001,85.284
5/25/2020,79.726,72.967,80.781
5/26/2020,71.108,64.874,76.639
5/27/2020,67,58.825,73.438
5/28/2020,25.297,39.376,67.947
5/29/2020,,19.832,16.355
5/30/2020,52,48.973,61.557
5/31/2020,64,46.728,59.324
6/1/2020,,0,23.468
6/2/2020,,56.121,64.092
6/3/2020,,43.635,64.03
6/4/2020,,44.735,60.374
6/5/2020,,36.078,51.621
6/6/2020,0,2.423,23.106
6/7/2020,0,3.369,20.526
6/8/2020,16.674,19.304,26.491
6/9/2020,,,
6/10/2020,,,49.138
6/11/2020,0,0,10.133
6/12/2020,0,0.436,9.198
6/13/2020,,1.7,12.413
6/14/2020,0,0,6.217
6/15/2020,0,0,1.899
6/16/2020,,,
6/17/2020,0,0.119,5.979
6/18/2020,0,0,7.79
6/19/2020,,,22.396
6/20/2020,,,
6/21/2020,0,0,7.482
6/22/2020,0,0,5.594
6/23/2020,,,
6/24/2020,,0,0
6/25/2020,,0,6.086
6/26/2020,,11.491,12.391
6/27/2020,,,
6/28/2020,0,0,1.417
6/29/2020,0,0,1.147
6/30/2020,0,0.119,0.163
7/1/2020,,0.818,1.39
7/2/2020,,,
7/3/2020,,,
7/4/2020,,,
7/5/2020,,,0.572
7/6/2020,,0,8.212
7/7/2020,,0.292,7.748
7/8/2020,0,0,0.071
7/9/2020,,,
7/10/2020,,,6.785
7/11/2020,0,0,0
7/12/2020,0,0,0
7/13/2020,0,0,0
7/14/2020,,0,0
7/15/2020,0,0,0.048
7/16/2020,0,0,0
7/17/2020,,0.357,2.437
7/18/2020,,0,3.357
7/19/2020,,0,1.191
7/20/2020,,,11
7/21/2020,,,
7/22/2020,0,0.016,2.471
7/23/2020,,4.498,6.137
7/24/2020,,,5.907
7/25/2020,,,
7/26/2020,0,0,0
7/27/2020,0,0,12.517
7/28/2020,,,
7/29/2020,,0,1.19
7/30/2020,0,0.143,2.998
7/31/2020,0,0,0
8/1/2020,,0,0
8/2/2020,,,
8/3/2020,,,
8/4/2020,,,1.343
8/5/2020,,,
8/6/2020,0,0,0.008
8/7/2020,,3.407,2.05
8/8/2020,,,0
8/9/2020,,,
8/10/2020,,,0.367
8/11/2020,,,23
8/12/2020,,0,0.236
8/13/2020,0,0,0
8/14/2020,,,
8/15/2020,,,
8/16/2020,,,
8/17/2020,,,
8/18/2020,0,0,0.387
8/19/2020,,0,0
8/20/2020,20,21.026,16.622
8/21/2020,0,0,0
8/22/2020,0,0,0
8/23/2020,,,19
8/24/2020,0,0,0
8/25/2020,,,17.556
8/26/2020,0,0,0
8/27/2020,,,
8/28/2020,0,0,0.502
8/29/2020,0,0,0.152
8/30/2020,,,
8/31/2020,,,
9/1/2020,,,8.59
9/2/2020,,0,0.937
9/3/2020,0,0,0.411
9/4/2020,0,0.149,1.289
9/5/2020,,,17.818
9/6/2020,0,0,0
9/7/2020,,,
9/8/2020,,,50
9/9/2020,,,
9/10/2020,,,
9/11/2020,,,
9/12/2020,3.504,11.732,18.899
9/13/2020,,,
9/14/2020,,,
9/15/2020,0,0,1.325
9/16/2020,,1.015,3.368
9/17/2020,0,0,1.032
9/18/2020,0,0,0.525
9/19/2020,0,0,0.339
9/20/2020,,,24.911
9/21/2020,,,6.556
9/22/2020,,0,6.238
9/23/2020,,12,15.188
9/24/2020,,,
9/25/2020,,,
9/26/2020,,,
9/27/2020,,,
9/28/2020,,,
9/29/2020,,28,30.511
9/30/2020,,,2.332
10/1/2020,,,
10/2/2020,,,
10/3/2020,,47.643,46.822
10/4/2020,,,19.868
10/5/2020,,,10.444
10/6/2020,,,41.111
10/7/2020,,,14.053
10/8/2020,,,0
10/9/2020,,,
10/10/2020,21.5,10.492,12.022
10/11/2020,,52.579,49.67
10/12/2020,,,
10/13/2020,,,56.441
10/14/2020,,,64.585
10/15/2020,,,
10/16/2020,,,
10/17/2020,66.372,65.404,66.434
10/18/2020,74.87,73.623,75.407
10/19/2020,,,
10/20/2020,,,61.199
10/21/2020,,43.5,55.979
10/22/2020,,,47.286
10/23/2020,,,
10/24/2020,,,
10/25/2020,,,
10/26/2020,,,
10/27/2020,,,
10/28/2020,,,
10/29/2020,,,
10/30/2020,,,
10/31/2020,,,
11/1/2020,,,
11/2/2020,,,
11/3/2020,,,
11/4/2020,,,
11/5/2020,,,
11/6/2020,,,
11/7/2020,,,
11/8/2020,,,
11/9/2020,,,
11/10/2020,,,
11/11/2020,,,
11/12/2020,,,
11/13/2020,,,
11/14/2020,,,
11/15/2020,,,
11/16/2020,,,
11/17/2020,,,
11/18/2020,,,
11/19/2020,,,
11/20/2020,,,
11/21/2020,,,
11/22/2020,,,
11/23/2020,,,
11/24/2020,,,
11/25/2020,,,
11/26/2020,,,
11/27/2020,,,
11/28/2020,,,
11/29/2020,,,
11/30/2020,,,
12/1/2020,,,
12/2/2020,,,
12/3/2020,,,
12/4/2020,,,
12/5/2020,,,
12/6/2020,,,
12/7/2020,,,
12/8/2020,,,
12/9/2020,,,
12/10/2020,,,
12/11/2020,,,
12/12/2020,,,
12/13/2020,,,
12/14/2020,,,
12/15/2020,,,
12/16/2020,,,
12/17/2020,,,
12/18/2020,,,
12/19/2020,,,
12/20/2020,,,
12/21/2020,,,
12/22/2020,,,
12/23/2020,,,
12/24/2020,,,
12/25/2020,,,
12/26/2020,,,
12/27/2020,,,
12/28/2020,,,
12/29/2020,,,
12/30/2020,,,
12/31/2020,,,
